CNPJ_Companhia;Data_Referencia;Versao;ID_Documento;Nome_Companhia;Data_Inicio_Exercicio_Social;Data_Fim_Exercicio_Social;Valor_Mobiliario;Especie_Acao;Tipo_Classe_Acao_Preferencial;Descricao_Valor_Mobiliario;Escala_Cotacao;Quantidade_Inicial;Valor_Total_Inicial;Valor_Preco_Medio_Inicial;Quantidade_Adquirida;Valor_Total_Adquirido;Valor_Preco_Medio_Adquirido;Quantidade_Alienada;Valor_Total_Alienado;Valor_Preco_Medio_Alienado;Quantidade_Cancelada;Valor_Total_Cancelado;Valor_Preco_Medio_Cancelado;Quantidade_Final;Valor_Total_Final;Valor_Preco_Medio_Final;Percentual_Relacao_Valores_Mobiliarios_Circulacao
00.000.000/0001-91;2022-01-01;23;127089;BCO BRASIL S.A.;2021-01-01;2021-12-31;Açőes;Ordinária;;;R$ por Unidade;12175335;;;0;;40.74;157716;;0.00;0;;;12017619;;;0.846000
00.000.000/0001-91;2022-01-01;23;127089;BCO BRASIL S.A.;2020-01-01;2020-12-31;Açőes;Ordinária;;;R$ por Unidade;14145020;;;0;;0.00;1969685;;39.27;0;;;12175335;;;0.857000
00.000.000/0001-91;2022-01-01;23;127089;BCO BRASIL S.A.;2019-01-01;2019-12-31;Açőes;Ordinária;;;R$ por Unidade;79886296;;;0;;44.11;65741276;;0.00;0;;;14145020;;;0.997000
00.336.701/0001-04;2022-01-01;13;127244;TELEC BRASILEIRAS S.A. TELEBRAS;2021-01-01;2021-12-31;Açőes;Ordinária;;;R$ por Unidade;193;;;0;;0.00;0;;0.00;0;;;193;;;0.000000
00.336.701/0001-04;2022-01-01;13;127244;TELEC BRASILEIRAS S.A. TELEBRAS;2020-01-01;2020-12-31;Açőes;Ordinária;;;R$ por Unidade;193;;;0;;0.00;0;;0.00;0;;;193;;;0.000000
00.336.701/0001-04;2022-01-01;13;127244;TELEC BRASILEIRAS S.A. TELEBRAS;2019-01-01;2019-12-31;Açőes;Ordinária;;;R$ por Unidade;193;;;0;;0.00;0;;0.00;0;;;193;;;0.000000
00.359.742/0001-08;2022-01-01;5;125676;FICTOR ALIMENTOS S.A.;2021-01-01;2021-12-31;Açőes;Ordinária;;;R$ por Unidade;0;;;0;;0.00;0;;0.00;0;;;0;;;0.000000
00.416.968/0001-01;2022-01-01;11;122285;BANCO INTER S.A.;2021-01-01;2021-12-31;Açőes;Preferencial;;;R$ por Unidade;7410600;;;0;;0.00;6296580;;4.29;0;;;1114020;;;0.266610
00.416.968/0001-01;2022-01-01;11;122285;BANCO INTER S.A.;2021-01-01;2021-12-31;Açőes;Ordinária;;;R$ por Unidade;3705300;;;0;;0.00;1357740;;0.67;0;;;2347560;;;0.030374
00.416.968/0001-01;2022-01-01;11;122285;BANCO INTER S.A.;2020-01-01;2020-12-31;Açőes;Ordinária;;;R$ por Unidade;0;;;7710600;;2.95;4005300;;3.52;0;;;3705300;;;0.000000
00.416.968/0001-01;2022-01-01;11;122285;BANCO INTER S.A.;2020-01-01;2020-12-31;Açőes;Preferencial;;;R$ por Unidade;0;;;15421200;;5.89;8010600;;7.05;0;;;7410600;;;0.000000
00.416.968/0001-01;2022-01-01;11;122285;BANCO INTER S.A.;2019-01-01;2019-12-31;Açőes;Preferencial;;;R$ por Unidade;360300;;;0;;0.00;360300;;1.31;0;;;0;;;0.000000
00.545.378/0001-70;2022-01-01;6;135072;SERRA AZUL WATER PARK SA;2021-01-01;2021-12-31;Açőes;Ordinária;;;R$ por Unidade;0;;;0;;0.00;0;;0.00;0;;;0;;;0.000000
00.864.214/0001-06;2022-01-01;20;127076;ENERGISA S.A.;2021-01-01;2021-12-31;Açőes;Preferencial;;;R$ por Unidade;0;;;4400000;;0.00;704652;;0.00;0;;;3695348;;;0.440000
00.864.214/0001-06;2022-01-01;20;127076;ENERGISA S.A.;2021-01-01;2021-12-31;Açőes;Ordinária;;;R$ por Unidade;0;;;1100000;;0.00;176163;;0.00;0;;;923837;;;0.440000
01.027.058/0001-91;2022-01-01;20;126320;CIELO S.A. -  INSTITUIÇĂO DE PAGAMENTO;2021-01-01;2021-12-31;Açőes;Ordinária;;;R$ por Unidade;9661292;;;7032041;;3.85;1736035;;3.49;0;;;14957298;;;0.550545
01.027.058/0001-91;2022-01-01;20;126320;CIELO S.A. -  INSTITUIÇĂO DE PAGAMENTO;2020-01-01;2020-12-31;Açőes;Ordinária;;;R$ por Unidade;4095574;;;6602108;;6.09;1036390;;5.50;0;;;9661292;;;0.839737
01.027.058/0001-91;2022-01-01;20;126320;CIELO S.A. -  INSTITUIÇĂO DE PAGAMENTO;2019-01-01;2019-12-31;Açőes;Ordinária;;;R$ por Unidade;2581435;;;2533000;;9.01;1018861;;20.34;0;;;4095574;;;0.354264
01.083.200/0001-18;2022-01-01;9;126025;NEOENERGIA S.A.;2021-01-01;2021-12-31;Açőes;Ordinária;;;R$ por Unidade;0;;;400;;15.87;0;;0.00;0;;;400;;;0.000002
01.545.826/0001-07;2022-01-01;13;125981;GAFISA S.A.;2020-01-01;2020-12-31;Açőes;Ordinária;;;R$ por Unidade;2990226;;;0;;38664815.42;2648656;;14.59;0;;;341570;;;11.360100
01.545.826/0001-07;2022-01-01;13;125981;GAFISA S.A.;2019-01-01;2019-12-31;Açőes;Ordinária;;;R$ por Unidade;3943420;;;6794011;;14.73;7377205;;14.59;370000;;;2990226;;;35.712800
01.838.723/0001-27;2022-01-01;16;125591;BRF S.A.;2021-01-01;2021-12-31;Açőes;Ordinária;;;R$ por Unidade;4766084;;;1232300;;0.00;944830;;25.19;0;;;5053554;;;0.000000
01.838.723/0001-27;2022-01-01;16;125591;BRF S.A.;2020-01-01;2020-12-31;Açőes;Ordinária;;;R$ por Unidade;713446;;;4836000;;21.93;783362;;26.00;0;;;4766084;;;0.000000
01.838.723/0001-27;2022-01-01;16;125591;BRF S.A.;2019-01-01;2019-12-31;Açőes;Ordinária;;;R$ por Unidade;1057224;;;0;;0.00;343778;;36.05;0;;;713446;;;0.000000
01.896.779/0001-38;2022-01-01;4;120648;CSU DIGITAL S.A.;2021-01-01;2021-12-31;Açőes;Ordinária;;;R$ por Unidade;691030;;;46500;;19.72;76518;;8.30;0;;;661012;;;1.580000
01.896.779/0001-38;2022-01-01;4;120648;CSU DIGITAL S.A.;2020-01-01;2020-12-31;Açőes;Ordinária;;;R$ por Unidade;696030;;;0;;0.00;5000;;13.90;0;;;691030;;;1.650000
01.896.779/0001-38;2022-01-01;4;120648;CSU DIGITAL S.A.;2019-01-01;2019-12-31;Açőes;Ordinária;;;R$ por Unidade;706697;;;0;;0.00;10667;;11.06;0;;;696030;;;1.670000
02.149.205/0001-69;2022-01-01;9;126960;PORTO SEGURO S.A.;2021-01-01;2021-12-31;Açőes;Ordinária;;;R$ por Unidade;6737872;;;2136400;;47.57;0;;21.27;0;;;8874272;;;0.000000
02.149.205/0001-69;2022-01-01;9;126960;PORTO SEGURO S.A.;2020-01-01;2020-12-31;Açőes;Ordinária;;;R$ por Unidade;372386;;;3013400;;51.67;16850;;46.42;0;;;3368936;;;0.000000
02.149.205/0001-69;2022-01-01;9;126960;PORTO SEGURO S.A.;2019-01-01;2019-12-31;Açőes;Ordinária;;;R$ por Unidade;0;;;378700;;53.22;6314;;53.22;0;;;372386;;;0.000000
02.193.750/0001-52;2022-01-01;5;127063;DEXXOS PARTICIPAÇŐES S.A.;2021-01-01;2021-12-31;Açőes;Preferencial;Preferencial Classe A;;R$ por Unidade;483900;;;0;;0.00;35601;;9.60;0;;;448299;;;7.767000
02.193.750/0001-52;2022-01-01;5;127063;DEXXOS PARTICIPAÇŐES S.A.;2020-01-01;2020-12-31;Açőes;Preferencial;Preferencial Classe A;;R$ por Unidade;483900;;;0;;0.00;0;;0.00;0;;;483900;;;8.384000
02.193.750/0001-52;2022-01-01;5;127063;DEXXOS PARTICIPAÇŐES S.A.;2019-01-01;2019-12-31;Açőes;Preferencial;Preferencial Classe A;;R$ por Unidade;483900;;;0;;0.00;0;;0.00;0;;;483900;;;8.384000
02.351.877/0001-52;2022-01-01;22;126272;LWSA S/A;2019-01-01;2019-12-31;Açőes;Ordinária;;;R$ por Unidade;1855682;;;0;;0.00;1839064;;7.00;0;;;16618;;;0.000000
02.387.241/0001-60;2022-01-01;23;127111;RUMO S.A.;2021-01-01;2021-12-31;Açőes;Ordinária;;;R$ por Unidade;532000;;;1555000;;0.00;1247327;;0.00;0;;;839673;;;0.000000
02.421.421/0001-11;2022-01-01;9;125541;TIM S.A.;2021-01-01;2021-12-31;Açőes;Ordinária;;;R$ por Unidade;214920;;;1032900;;12.21;849563;;12.21;0;;;398257;;;0.000000
02.421.421/0001-11;2022-01-01;9;125541;TIM S.A.;2020-01-01;2020-12-31;Açőes;Ordinária;;;R$ por Unidade;397431;;;0;;0.00;182511;;7.49;0;;;214920;;;0.000000
02.558.157/0001-62;2022-01-01;11;125390;TELEFÔNICA BRASIL S.A;2021-01-01;2021-12-31;Açőes;Ordinária;;;R$ por Unidade;2810752;;;11235900;;43.88;0;;0.00;0;;;14046652;;;0.000000
02.558.157/0001-62;2022-01-01;11;125390;TELEFÔNICA BRASIL S.A;2020-01-01;2020-12-31;Açőes;Ordinária;;;R$ por Unidade;2291147;;;519605;;43.72;0;;0.00;0;;;2810752;;;0.000000
02.558.157/0001-62;2022-01-01;11;125390;TELEFÔNICA BRASIL S.A;2019-01-01;2019-12-31;Açőes;Preferencial;;;R$ por Unidade;983;;;0;;0.00;0;;0.00;0;;;983;;;0.000000
02.558.157/0001-62;2022-01-01;11;125390;TELEFÔNICA BRASIL S.A;2019-01-01;2019-12-31;Açőes;Ordinária;;;R$ por Unidade;2290164;;;0;;0.00;0;;0.00;0;;;2290164;;;0.000000
02.664.042/0001-52;2022-01-01;1;115755;TERMINAL GARAGEM MENEZES CORTES S.A.;2021-01-01;2021-12-31;Açőes;Ordinária;;;R$ por Unidade;0;;;0;;0.00;0;;0.00;0;;;0;;;0.000000
02.664.042/0001-52;2022-01-01;1;115755;TERMINAL GARAGEM MENEZES CORTES S.A.;2020-01-01;2020-12-31;Açőes;Ordinária;;;R$ por Unidade;0;;;0;;0.00;0;;0.00;0;;;0;;;0.000000
02.664.042/0001-52;2022-01-01;1;115755;TERMINAL GARAGEM MENEZES CORTES S.A.;2019-01-01;2019-12-31;Açőes;Ordinária;;;R$ por Unidade;0;;;0;;0.00;0;;0.00;0;;;0;;;0.000000
02.762.121/0001-04;2022-01-01;8;125996;SANTOS BRASIL PARTICIPACOES S.A.;2021-01-01;2021-12-31;Açőes;Ordinária;;;R$ por Unidade;897841;;;0;;0.00;478593;;5.31;0;;;419248;;;0.000000
02.762.121/0001-04;2022-01-01;8;125996;SANTOS BRASIL PARTICIPACOES S.A.;2020-01-01;2020-12-31;Açőes;Ordinária;;;R$ por Unidade;2135189;;;0;;0.00;1237348;;3.50;0;;;897841;;;0.000000
02.762.121/0001-04;2022-01-01;8;125996;SANTOS BRASIL PARTICIPACOES S.A.;2019-01-01;2019-12-31;Açőes;Ordinária;;;R$ por Unidade;3259331;;;0;;0.00;1124142;;2.99;0;;;2135189;;;0.000000
02.800.026/0001-40;2022-01-01;11;127177;COGNA EDUCAÇĂO S.A.;2021-01-01;2021-12-31;Açőes;Ordinária;;;R$ por Unidade;7638405;;;0;;0.00;4777803;;3.03;0;;;2860602;;;0.152435
02.800.026/0001-40;2022-01-01;11;127177;COGNA EDUCAÇĂO S.A.;2020-01-01;2020-12-31;Açőes;Ordinária;;;R$ por Unidade;9113832;;;0;;0.00;1475427;;5.34;0;;;7638405;;;0.407033
02.800.026/0001-40;2022-01-01;11;127177;COGNA EDUCAÇĂO S.A.;2019-01-01;2019-12-31;Açőes;Ordinária;;;R$ por Unidade;14642717;;;0;;0.00;5528885;;8.54;0;;;9113832;;;0.000000
02.846.056/0001-97;2022-01-01;17;125620;MOTIVA INFRAESTRUTURA DE MOBILIDADE S.A.;2021-01-01;2021-12-31;Açőes;Ordinária;;;R$ por Unidade;2000;;;0;;0.00;0;;0.00;0;;;2000;;;0.000000
02.846.056/0001-97;2022-01-01;17;125620;MOTIVA INFRAESTRUTURA DE MOBILIDADE S.A.;2020-01-01;2020-12-31;Açőes;Ordinária;;;R$ por Unidade;0;;;2000;;4.17;0;;0.00;0;;;2000;;;0.000000
02.860.694/0001-62;2022-01-01;1;116579;T4F ENTRETENIMENTO S.A.;2021-01-01;2021-12-31;Açőes;Ordinária;;;R$ por Unidade;0;;;0;;0.00;0;;0.00;0;;;0;;;0.000000
02.860.694/0001-62;2022-01-01;1;116579;T4F ENTRETENIMENTO S.A.;2020-01-01;2020-12-31;Açőes;Ordinária;;;R$ por Unidade;214600;;;0;;0.00;126564;;16.74;88036;;;0;;;0.000000
02.860.694/0001-62;2022-01-01;1;116579;T4F ENTRETENIMENTO S.A.;2019-01-01;2019-12-31;Açőes;Ordinária;;;R$ por Unidade;214600;;;0;;0.00;0;;0.00;0;;;214600;;;0.000000
02.916.265/0001-60;2022-01-01;13;127102;JBS S.A.;2021-01-01;2021-12-31;Açőes;Ordinária;;;R$ por Unidade;12848500;;;396907500;;32.95;80186324;;30.91;249507076;;;80062600;;;0.000000
02.916.265/0001-60;2022-01-01;13;127102;JBS S.A.;2020-01-01;2020-12-31;Açőes;Ordinária;;;R$ por Unidade;63706683;;;55528700;;22.91;1013117;;0.00;105373766;;;12848500;;;0.000000
02.916.265/0001-60;2022-01-01;13;127102;JBS S.A.;2019-01-01;2019-12-31;Açőes;Ordinária;;;R$ por Unidade;65647699;;;0;;0.00;1941016;;0.00;0;;;63706683;;;0.000000
02.932.074/0001-91;2022-01-01;6;126247;HYPERA S.A.;2021-01-01;2021-12-31;Açőes;Ordinária;;;R$ por Unidade;9476;;;4200000;;30.51;1510234;;34.15;0;;;2699242;;;0.426000
02.932.074/0001-91;2022-01-01;6;126247;HYPERA S.A.;2020-01-01;2020-12-31;Açőes;Ordinária;;;R$ por Unidade;1164957;;;3614;;30.88;1159095;;31.43;0;;;9476;;;0.002000
02.932.074/0001-91;2022-01-01;6;126247;HYPERA S.A.;2019-01-01;2019-12-31;Açőes;Ordinária;;;R$ por Unidade;191438;;;2469000;;29.22;1495481;;31.38;0;;;1164957;;;0.290000
02.950.811/0001-89;2022-01-01;27;127214;PDG REALTY S.A. EMPREEND E PARTICIPACOES;2021-01-01;2021-12-31;Açőes;Ordinária;;;R$ por Unidade;0;;;1061732;;6.28;0;;0.00;0;;;1061732;;;1.891440
03.220.438/0001-73;2022-01-01;7;127055;EQUATORIAL S.A.;2021-01-01;2021-12-31;Açőes;Ordinária;;;R$ por Unidade;0;;;28870100;;22.26;0;;0.00;0;;;28870100;;;2.560000
03.220.438/0001-73;2022-01-01;7;127055;EQUATORIAL S.A.;2020-01-01;2020-12-31;Açőes;Ordinária;;;R$ por Unidade;0;;;0;;0.00;0;;0.00;0;;;0;;;0.000000
03.220.438/0001-73;2022-01-01;7;127055;EQUATORIAL S.A.;2019-01-01;2019-12-31;Açőes;Ordinária;;;R$ por Unidade;0;;;0;;0.00;0;;0.00;0;;;0;;;0.000000
03.342.704/0001-30;2022-01-01;16;124104;PETRORECÔNCAVO S.A.;2021-01-01;2021-12-31;Açőes;Ordinária;;;R$ por Unidade;143009;;;345000;;24.34;205765;;14.74;0;;;282244;;;0.188100
03.853.896/0001-40;2022-01-01;10;125073;MARFRIG GLOBAL FOODS S.A.;2021-01-01;2021-12-31;Açőes;Ordinária;;;R$ por Unidade;19413106;;;29663500;;22.69;21681961;;0.00;0;;;27394645;;;0.000000
03.853.896/0001-40;2022-01-01;10;125073;MARFRIG GLOBAL FOODS S.A.;2020-01-01;2020-12-31;Açőes;Ordinária;;;R$ por Unidade;10372329;;;10862000;;11.57;1821223;;0.00;0;;;19413106;;;0.000000
03.853.896/0001-40;2022-01-01;10;125073;MARFRIG GLOBAL FOODS S.A.;2019-01-01;2019-12-31;Açőes;Ordinária;;;R$ por Unidade;2138475;;;8233854;;6.55;0;;0.00;0;;;10372329;;;0.000000
03.983.431/0001-03;2022-01-01;8;125441;EDP - ENERGIAS DO BRASIL S.A.;2021-01-01;2021-12-31;Açőes;Ordinária;;;R$ por Unidade;26109281;;;9180300;;20.46;226737;;19.29;25685126;;;9377718;;;1.613606
03.983.431/0001-03;2022-01-01;8;125441;EDP - ENERGIAS DO BRASIL S.A.;2020-01-01;2020-12-31;Açőes;Ordinária;;;R$ por Unidade;2044344;;;24164000;;18.91;99063;;15.86;0;;;26109281;;;4.302425
03.983.431/0001-03;2022-01-01;8;125441;EDP - ENERGIAS DO BRASIL S.A.;2019-01-01;2019-12-31;Açőes;Ordinária;;;R$ por Unidade;602236;;;1500000;;18.56;57892;;18.56;0;;;2044344;;;0.000000
04.032.433/0001-80;2022-01-01;13;126515;CONTAX PARTICIPAÇŐES S.A. - EM RECUPERAÇĂO JUDICIAL;2019-01-01;2019-12-31;Açőes;Ordinária;;;R$ por Unidade;66135;;;0;;0.00;0;;0.00;63931;;;2204;;;0.000000
04.065.791/0001-99;2022-01-01;9;126512;SINQIA S.A.;2021-01-01;2021-12-31;Açőes;Ordinária;;;R$ por Unidade;50672;;;1018600;;21.81;9268;;0.00;0;;;1060004;;;0.000000
04.065.791/0001-99;2022-01-01;9;126512;SINQIA S.A.;2020-01-01;2020-12-31;Açőes;Ordinária;;;R$ por Unidade;0;;;660400;;12.59;526932;;18.47;0;;;133468;;;0.000000
04.065.791/0001-99;2022-01-01;9;126512;SINQIA S.A.;2019-01-01;2019-12-31;Açőes;Ordinária;;;R$ por Unidade;269640;;;0;;0.00;269640;;35.53;0;;;0;;;0.000000
04.065.791/0001-99;2022-03-31;1;113796;SINQIA S.A.;2019-01-01;2019-12-31;Açőes;Ordinária;;;R$ por Unidade;0;;;660400;;12.59;526932;;18.47;0;;;133468;;;0.000000
04.065.791/0001-99;2022-03-31;1;113796;SINQIA S.A.;2018-01-01;2018-12-31;Açőes;Ordinária;;;R$ por Unidade;269640;;;0;;0.00;269640;;35.53;0;;;0;;;0.000000
04.149.454/0001-80;2022-01-01;11;126912;ECORODOVIAS INFRAESTRUTURA E LOGÍSTICA S.A.;2021-01-01;2021-12-31;Açőes;Ordinária;;;R$ por Unidade;712998;;;0;;0.00;0;;0.00;0;;;712998;;;0.000000
04.149.454/0001-80;2022-01-01;11;126912;ECORODOVIAS INFRAESTRUTURA E LOGÍSTICA S.A.;2020-01-01;2020-12-31;Açőes;Ordinária;;;R$ por Unidade;2206492;;;0;;0.00;1493494;;16.62;0;;;712998;;;0.000000
04.149.454/0001-80;2022-01-01;11;126912;ECORODOVIAS INFRAESTRUTURA E LOGÍSTICA S.A.;2019-01-01;2019-12-31;Açőes;Ordinária;;;R$ por Unidade;2236492;;;0;;0.00;30000;;16.43;0;;;2206492;;;0.000000
04.200.649/0001-07;2022-01-01;32;122894;COMPANHIA PROVINCIA DE SECURITIZACAO;2020-01-01;2020-12-31;Certificados de Recebíveis Imobiliários;;;3Ş Emissăo 19Ş Série;R$ por Unidade;27000;;;0;;0.00;18500;;1000.00;0;;;8500;;;0.000000
04.200.649/0001-07;2022-01-01;32;122894;COMPANHIA PROVINCIA DE SECURITIZACAO;2020-01-01;2020-12-31;Certificados de Recebíveis Imobiliários;;;3Ş Emissăo 20Ş Série;R$ por Unidade;32400;;;0;;0.00;11769;;1000.00;0;;;20631;;;0.000000
04.200.649/0001-07;2022-01-01;32;122894;COMPANHIA PROVINCIA DE SECURITIZACAO;2020-01-01;2020-12-31;Certificados de Recebíveis Imobiliários;;;3Ş Emissăo 21Ş Série;R$ por Unidade;8100;;;0;;0.00;2942;;1000.00;0;;;5158;;;0.000000
04.200.649/0001-07;2022-01-01;32;122894;COMPANHIA PROVINCIA DE SECURITIZACAO;2020-01-01;2020-12-31;Certificados de Recebíveis Imobiliários;;;3Ş Emissăo 22Ş Série;R$ por Unidade;37500;;;0;;0.00;37500;;1000.00;0;;;0;;;0.000000
04.200.649/0001-07;2022-01-01;32;122894;COMPANHIA PROVINCIA DE SECURITIZACAO;2020-01-01;2020-12-31;Certificados de Recebíveis Imobiliários;;;3Ş Emissăo 23Ş Série;R$ por Unidade;37500;;;0;;0.00;37500;;1000.00;0;;;0;;;0.000000
04.200.649/0001-07;2022-01-01;32;122894;COMPANHIA PROVINCIA DE SECURITIZACAO;2020-01-01;2020-12-31;Certificados de Recebíveis Imobiliários;;;3Ş Emissăo 24Ş Série;R$ por Unidade;17600;;;0;;0.00;17600;;1000.00;0;;;0;;;0.000000
04.200.649/0001-07;2022-01-01;32;122894;COMPANHIA PROVINCIA DE SECURITIZACAO;2020-01-01;2020-12-31;Certificados de Recebíveis Imobiliários;;;3Ş Emissăo 25Ş Série;R$ por Unidade;9750;;;0;;0.00;9750;;1000.00;0;;;0;;;0.000000
04.200.649/0001-07;2022-01-01;32;122894;COMPANHIA PROVINCIA DE SECURITIZACAO;2020-01-01;2020-12-31;Certificados de Recebíveis Imobiliários;;;3Ş Emissăo 26Ş Série;R$ por Unidade;10300;;;0;;0.00;10300;;1000.00;0;;;0;;;0.000000
04.200.649/0001-07;2022-01-01;32;122894;COMPANHIA PROVINCIA DE SECURITIZACAO;2020-01-01;2020-12-31;Certificados de Recebíveis Imobiliários;;;3Ş Emissăo 27Ş Série;R$ por Unidade;35000;;;0;;0.00;35000;;1000.00;0;;;0;;;0.000000
04.200.649/0001-07;2022-01-01;32;122894;COMPANHIA PROVINCIA DE SECURITIZACAO;2020-01-01;2020-12-31;Certificados de Recebíveis Imobiliários;;;3Ş Emissăo 28Ş Série;R$ por Unidade;35000;;;0;;0.00;35000;;1000.00;0;;;0;;;0.000000
04.200.649/0001-07;2022-01-01;32;122894;COMPANHIA PROVINCIA DE SECURITIZACAO;2020-01-01;2020-12-31;Certificados de Recebíveis Imobiliários;;;3Ş Emissăo 9Ş Série;R$ por Unidade;10000;;;0;;0.00;10000;;1000.00;0;;;0;;;0.000000
04.200.649/0001-07;2022-01-01;32;122894;COMPANHIA PROVINCIA DE SECURITIZACAO;2020-01-01;2020-12-31;Certificados de Recebíveis Imobiliários;;;3Ş Emissăo 10Ş Série;R$ por Unidade;15000;;;0;;0.00;15000;;1000.00;0;;;0;;;0.000000
04.200.649/0001-07;2022-01-01;32;122894;COMPANHIA PROVINCIA DE SECURITIZACAO;2020-01-01;2020-12-31;Certificados de Recebíveis Imobiliários;;;3Ş Emissăo 11Ş Série;R$ por Unidade;24000;;;0;;0.00;24000;;1000.00;0;;;0;;;0.000000
04.200.649/0001-07;2022-01-01;32;122894;COMPANHIA PROVINCIA DE SECURITIZACAO;2020-01-01;2020-12-31;Certificados de Recebíveis Imobiliários;;;3Ş Emissăo 12Ş Série;R$ por Unidade;7000;;;0;;0.00;7000;;1000.00;0;;;0;;;0.000000
04.200.649/0001-07;2022-01-01;32;122894;COMPANHIA PROVINCIA DE SECURITIZACAO;2020-01-01;2020-12-31;Certificados de Recebíveis Imobiliários;;;3Ş Emissăo 13Ş Série;R$ por Unidade;35000;;;0;;0.00;35000;;1000.00;0;;;0;;;0.000000
04.200.649/0001-07;2022-01-01;32;122894;COMPANHIA PROVINCIA DE SECURITIZACAO;2020-01-01;2020-12-31;Certificados de Recebíveis Imobiliários;;;3Ş Emissăo 14Ş Série;R$ por Unidade;25000;;;0;;0.00;25000;;1000.00;0;;;0;;;0.000000
04.200.649/0001-07;2022-01-01;32;122894;COMPANHIA PROVINCIA DE SECURITIZACAO;2020-01-01;2020-12-31;Certificados de Recebíveis Imobiliários;;;3Ş Emissăo 15Ş Série;R$ por Unidade;25000;;;0;;0.00;25000;;1000.00;0;;;0;;;0.000000
04.200.649/0001-07;2022-01-01;32;122894;COMPANHIA PROVINCIA DE SECURITIZACAO;2020-01-01;2020-12-31;Certificados de Recebíveis Imobiliários;;;3Ş Emissăo 16Ş Série;R$ por Unidade;13500;;;0;;0.00;13500;;1000.00;0;;;0;;;0.000000
04.200.649/0001-07;2022-01-01;32;122894;COMPANHIA PROVINCIA DE SECURITIZACAO;2020-01-01;2020-12-31;Certificados de Recebíveis Imobiliários;;;3Ş Emissăo 17Ş Série;R$ por Unidade;8400;;;0;;0.00;4550;;1000.00;0;;;3850;;;0.000000
04.200.649/0001-07;2022-01-01;32;122894;COMPANHIA PROVINCIA DE SECURITIZACAO;2020-01-01;2020-12-31;Certificados de Recebíveis Imobiliários;;;3Ş Emissăo 18Ş Série;R$ por Unidade;13300;;;0;;0.00;13300;;1000.00;0;;;0;;;0.000000
04.423.567/0001-21;2022-01-01;17;127252;ENEVA S.A;2021-01-01;2021-12-31;Açőes;Ordinária;;;R$ por Unidade;0;;;11263140;;14.16;5142196;;17.03;0;;;6120944;;;0.000000
04.986.320/0001-13;2022-01-01;11;127079;SER EDUCACIONAL S.A.;2021-01-01;2021-12-31;Açőes;Ordinária;;;R$ por Unidade;0;;;0;;0.00;0;;0.00;0;;;0;;;0.000000
04.986.320/0001-13;2022-01-01;11;127079;SER EDUCACIONAL S.A.;2020-01-01;2020-12-31;Açőes;Ordinária;;;R$ por Unidade;0;;;0;;0.00;0;;0.00;0;;;0;;;0.000000
04.986.320/0001-13;2022-01-01;11;127079;SER EDUCACIONAL S.A.;2019-01-01;2019-12-31;Açőes;Ordinária;;;R$ por Unidade;0;;;0;;0.00;0;;0.00;4230300;;;-4230300;;;0.000000
05.197.443/0001-38;2022-01-01;15;124430;HAPVIDA PARTICIPAÇŐES E INVESTIMENTOS S.A.;2021-01-01;2021-12-31;Açőes;Ordinária;;;R$ por Unidade;2280;;;23178700;;13.15;0;;0.00;0;;;23180980;;;0.595672
05.197.443/0001-38;2022-01-01;15;124430;HAPVIDA PARTICIPAÇŐES E INVESTIMENTOS S.A.;2020-01-01;2020-12-31;Açőes;Ordinária;;;R$ por Unidade;2280;;;258026;;58.13;258026;;58.13;0;;;2280;;;0.000059
05.197.443/0001-38;2022-01-01;15;124430;HAPVIDA PARTICIPAÇŐES E INVESTIMENTOS S.A.;2019-01-01;2019-12-31;Açőes;Ordinária;;;R$ por Unidade;0;;;456;;5.38;0;;0.00;0;;;456;;;0.000000
05.878.397/0001-32;2022-01-01;14;127027;ALLOS S.A.;2021-01-01;2021-12-31;Açőes;Ordinária;;;R$ por Unidade;1290651;;;34818;;1.00;545018;;1.00;0;;;780451;;;0.000000
05.878.397/0001-32;2022-01-01;14;127027;ALLOS S.A.;2020-01-01;2020-12-31;Açőes;Ordinária;;;R$ por Unidade;0;;;1314000;;28.10;23349;;1.00;0;;;1290651;;;0.000000
06.047.087/0001-39;2022-01-01;8;125825;REDE D'OR SĂO LUIZ S.A.;2021-01-01;2021-12-31;Açőes;Ordinária;;;R$ por Unidade;42800664;;;0;;0.00;3886748;;64.33;0;;;38913916;;;0.000000
06.047.087/0001-39;2022-01-01;8;125825;REDE D'OR SĂO LUIZ S.A.;2020-01-01;2020-12-31;Açőes;Ordinária;;;R$ por Unidade;76675312;;;0;;0.00;33874648;;6.23;0;;;42800664;;;0.000000
06.047.087/0001-39;2022-01-01;8;125825;REDE D'OR SĂO LUIZ S.A.;2019-01-01;2019-12-31;Açőes;Ordinária;;;R$ por Unidade;76714668;;;185740;;10.91;225096;;3.37;0;;;76675312;;;0.000000
06.164.253/0001-87;2022-01-01;17;127271;GOL LINHAS AEREAS INTELIGENTES S.A.;2021-01-01;2021-12-31;Açőes;Preferencial;Preferencial Classe A;;R$ por Unidade;1824034;;;0;;0.00;606748;;0.97;0;;;1217286;;;0.000000
06.164.253/0001-87;2022-01-01;17;127271;GOL LINHAS AEREAS INTELIGENTES S.A.;2020-01-01;2020-12-31;Açőes;Preferencial;;;R$ por Unidade;3006390;;;0;;0.00;1182356;;0.00;0;;;1824034;;;0.000000
06.164.253/0001-87;2022-01-01;17;127271;GOL LINHAS AEREAS INTELIGENTES S.A.;2019-01-01;2019-12-31;Açőes;Preferencial;;;R$ por Unidade;6390;;;3000000;;33.84;0;;0.00;0;;;3006390;;;0.000000
06.626.253/0001-51;2022-01-01;12;126730;EMPREENDIMENTOS PAGUE MENOS S.A.;2021-01-01;2021-12-31;Açőes;Ordinária;;;R$ por Unidade;80000;;;2560000;;9.31;253830;;9.20;0;;;2386170;;;1.530000
06.626.253/0001-51;2022-01-01;12;126730;EMPREENDIMENTOS PAGUE MENOS S.A.;2020-01-01;2020-12-31;Açőes;Ordinária;;;R$ por Unidade;0;;;80000;;9.06;0;;0.00;0;;;80000;;;0.000000
06.977.745/0001-91;2022-01-01;6;123150;BR MALLS PARTICIPACOES S.A.;2021-01-01;2021-12-31;Açőes;Ordinária;;;R$ por Unidade;29412649;;;15454800;;9.56;0;;0.00;0;;;44867449;;;0.000000
06.977.745/0001-91;2022-01-01;6;123150;BR MALLS PARTICIPACOES S.A.;2020-01-01;2020-12-31;Açőes;Ordinária;;;R$ por Unidade;29604000;;;0;;12.94;191351;;0.00;0;;;29412649;;;0.000000
06.977.745/0001-91;2022-01-01;6;123150;BR MALLS PARTICIPACOES S.A.;2019-01-01;2019-12-31;Açőes;Ordinária;;;R$ por Unidade;29604000;;;0;;0.00;0;;0.00;0;;;29604000;;;0.000000
06.977.751/0001-49;2022-01-01;15;127086;BR PROPERTIES S.A.;2021-01-31;2021-12-31;Açőes;Ordinária;;;R$ por Unidade;8698221;;;19500400;;0.00;742235;;8.58;17350586;;;10105800;;;0.000000
06.977.751/0001-49;2022-01-01;15;127086;BR PROPERTIES S.A.;2020-01-31;2020-12-31;Açőes;Ordinária;;;R$ por Unidade;3547407;;;5600000;;8.87;449186;;9.72;0;;;8698221;;;0.000000
06.977.751/0001-49;2022-01-01;15;127086;BR PROPERTIES S.A.;2019-01-31;2019-12-31;Açőes;Ordinária;;;R$ por Unidade;3708060;;;0;;9.25;160653;;9.28;0;;;3547407;;;0.000000
07.206.816/0001-15;2022-01-01;2;119883;M.DIAS BRANCO S.A. IND COM DE ALIMENTOS;2021-01-01;2021-12-31;Açőes;Ordinária;;;R$ por Unidade;997696;;;450000;;28.54;101115;;26.50;0;;;1346581;;;0.000000
07.206.816/0001-15;2022-01-01;2;119883;M.DIAS BRANCO S.A. IND COM DE ALIMENTOS;2020-01-01;2020-12-31;Açőes;Ordinária;;;R$ por Unidade;0;;;1105000;;39.42;107304;;36.65;0;;;997696;;;0.000000
07.206.816/0001-15;2022-01-01;2;119883;M.DIAS BRANCO S.A. IND COM DE ALIMENTOS;2019-01-01;2019-12-31;Açőes;Ordinária;;;R$ por Unidade;0;;;0;;0.00;0;;0.00;0;;;0;;;0.000000
07.415.333/0001-20;2022-01-01;11;125942;SIMPAR S.A.;2021-01-01;2021-12-31;Açőes;Ordinária;;;R$ por Unidade;1391252;;;26095740;;11.71;1395044;;0.00;13726822;;;12365126;;;0.000000
07.415.333/0001-20;2022-01-01;11;125942;SIMPAR S.A.;2020-01-01;2020-12-31;Açőes;Ordinária;;;R$ por Unidade;0;;;347813;;29.16;0;;0.00;0;;;347813;;;0.000000
07.526.557/0001-00;2022-01-01;9;128293;AMBEV S.A.;2021-01-01;2021-12-31;Açőes;Ordinária;;;R$ por Unidade;203185;;;6489171;;16.92;909843;;16.13;0;;;5782513;;;0.036800
07.526.557/0001-00;2022-01-01;9;128293;AMBEV S.A.;2020-01-01;2020-12-31;Açőes;Ordinária;;;R$ por Unidade;3621907;;;2937533;;16.14;6356255;;17.68;0;;;203185;;;0.001300
07.526.557/0001-00;2022-01-01;9;128293;AMBEV S.A.;2019-01-01;2019-12-31;Açőes;Ordinária;;;R$ por Unidade;1028303;;;5823194;;18.52;3229590;;18.78;0;;;3621907;;;0.023000
07.594.978/0001-78;2022-01-01;6;125835;SMARTFIT ESCOLA DE GINÁSTICA E DANÇA S.A.;2020-01-01;2020-12-31;Açőes;Ordinária;;;R$ por Unidade;0;;;110351;;418.26;0;;0.00;110351;;;0;;;0.000000
07.594.978/0001-78;2022-01-01;6;125835;SMARTFIT ESCOLA DE GINÁSTICA E DANÇA S.A.;2019-01-01;2019-12-31;Açőes;Preferencial;Preferencial Classe H;;R$ por Unidade;0;;;167593;;204.66;0;;0.00;167593;;;0;;;0.000000
07.594.978/0001-78;2022-01-01;6;125835;SMARTFIT ESCOLA DE GINÁSTICA E DANÇA S.A.;2019-01-01;2019-12-31;Açőes;Ordinária;;;R$ por Unidade;0;;;799852;;411.00;0;;0.00;799852;;;0;;;0.000000
07.628.528/0001-59;2022-06-30;5;121281;BRASILAGRO - CIA BRAS DE PROP AGRICOLAS;2021-07-01;2022-06-30;Açőes;Ordinária;;;;2761820;;;423267;;423267.00;0;;0.00;0;;;3185087;;;
07.628.528/0001-59;2022-06-30;5;121281;BRASILAGRO - CIA BRAS DE PROP AGRICOLAS;2019-07-01;2020-06-30;Açőes;Ordinária;;;R$ por Unidade;3086748;;;0;;0.00;324928;;16.93;0;;;2761820;;;0.000000
07.628.528/0001-59;2022-06-30;5;121281;BRASILAGRO - CIA BRAS DE PROP AGRICOLAS;2018-07-01;2019-06-30;Açőes;Ordinária;;;R$ por Unidade;3086748;;;0;;0.00;0;;0.00;0;;;3086748;;;0.000000
07.689.002/0001-89;2022-01-01;10;126246;EMBRAER S.A.;2021-01-01;2021-12-31;Açőes;Ordinária;;;R$ por Unidade;4291938;;;1540300;;8.80;0;;0.00;0;;;5832238;;;0.000000
07.689.002/0001-89;2022-01-01;10;126246;EMBRAER S.A.;2020-01-01;2020-12-31;Açőes;Ordinária;;;R$ por Unidade;4385218;;;0;;0.00;93280;;19.50;0;;;4291938;;;0.000000
07.689.002/0001-89;2022-01-01;10;126246;EMBRAER S.A.;2019-01-01;2019-12-31;Açőes;Ordinária;;;R$ por Unidade;4977698;;;0;;0.00;592480;;19.53;0;;;4385218;;;0.000000
07.816.890/0001-53;2022-01-01;6;126119;MULTIPLAN - EMPREEND IMOBILIARIOS S.A.;2021-01-01;2021-12-31;Açőes;Ordinária;;;R$ por Unidade;7322845;;;2800000;;19.92;662744;;20.76;0;;;9460101;;;1.570000
07.816.890/0001-53;2022-01-01;6;126119;MULTIPLAN - EMPREEND IMOBILIARIOS S.A.;2020-01-01;2020-12-31;Açőes;Ordinária;;;R$ por Unidade;4290903;;;5060700;;20.94;2028758;;20.78;0;;;7322845;;;0.000000
07.816.890/0001-53;2022-01-01;6;126119;MULTIPLAN - EMPREEND IMOBILIARIOS S.A.;2019-01-01;2019-12-31;Açőes;Ordinária;;;R$ por Unidade;6363783;;;0;;0.00;2072880;;20.78;0;;;4290903;;;0.000000
07.857.850/0001-50;2022-01-01;5;126035;GP INVESTMENTS, LTD.;2021-01-01;2021-12-31;Certificados de depósito de valores mobiliários;;;Açőes Classe A e BDRs nível 3;R$ por Unidade;5240975;;;25295306;;6.86;0;;0.00;30536281;;;0;;;0.000000
07.857.850/0001-50;2022-01-01;5;126035;GP INVESTMENTS, LTD.;2020-01-01;2020-12-31;Certificados de depósito de valores mobiliários;;;Açőes Classe A e BDRs nível 3;R$ por Unidade;599154;;;4641821;;4.81;0;;0.00;0;;;5240975;;;0.000000
07.857.850/0001-50;2022-01-01;5;126035;GP INVESTMENTS, LTD.;2019-01-01;2019-12-31;Certificados de depósito de valores mobiliários;;;açőes Classe A;R$ por Unidade;0;;;814595;;4.79;215441;;3.99;0;;;599154;;;0.000000
08.065.557/0001-12;2022-01-01;4;123707;TECNISA S.A.;2021-01-01;2021-12-31;Açőes;Ordinária;;;R$ por Unidade;0;;;0;;0.00;0;;0.00;0;;;0;;;0.000000
08.065.557/0001-12;2022-01-01;4;123707;TECNISA S.A.;2020-01-01;2020-12-31;Açőes;Ordinária;;;R$ por Unidade;0;;;0;;0.00;0;;0.00;0;;;0;;;0.000000
08.065.557/0001-12;2022-01-01;4;123707;TECNISA S.A.;2019-01-01;2019-12-31;Açőes;Ordinária;;;R$ por Unidade;0;;;0;;0.00;0;;0.00;0;;;0;;;0.000000
08.078.847/0001-09;2022-01-01;4;126288;LPS BRASIL - CONSULTORIA DE IMOVEIS S.A.;2021-01-01;2021-12-31;Açőes;Ordinária;;;R$ por Unidade;0;;;6900000;;2.90;323333;;2.98;0;;;6576667;;;73.425388
08.159.965/0001-33;2022-01-01;7;123754;IGUA SANEAMENTO S.A.;2021-01-01;2021-12-31;Açőes;Ordinária;;;R$ por Unidade;0;;;1448451;;0.00;0;;0.00;0;;;1448451;;;0.339728
08.159.965/0001-33;2022-01-01;7;123754;IGUA SANEAMENTO S.A.;2020-01-01;2020-12-31;Açőes;Ordinária;;;R$ por Unidade;0;;;0;;0.00;0;;0.00;0;;;0;;;0.000000
08.159.965/0001-33;2022-01-01;7;123754;IGUA SANEAMENTO S.A.;2019-01-01;2019-12-31;Açőes;Ordinária;;;R$ por Unidade;0;;;0;;0.00;0;;0.00;0;;;0;;;0.000000
08.294.224/0001-65;2022-01-01;8;127215;JHSF PARTICIPACOES S.A.;2021-01-01;2021-12-31;Açőes;Ordinária;;;R$ por Unidade;2800000;;;5800000;;6.37;878812;;0.00;2800000;;;4921188;;;1.608677
08.294.224/0001-65;2022-01-01;8;127215;JHSF PARTICIPACOES S.A.;2020-01-01;2020-12-31;Açőes;Ordinária;;;R$ por Unidade;0;;;2800000;;7.17;0;;0.00;2800000;;;0;;;0.952900
08.294.224/0001-65;2022-01-01;8;127215;JHSF PARTICIPACOES S.A.;2019-01-01;2019-12-31;Açőes;Ordinária;;;R$ por Unidade;117876;;;0;;0.00;117876;;3.25;0;;;0;;;0.000000
08.312.229/0001-73;2022-01-01;4;126061;EZ TEC EMPREEND. E PARTICIPACOES S.A.;2021-01-01;2021-12-31;Açőes;Ordinária;;;R$ por Unidade;0;;;5035897;;22.93;0;;0.00;0;;;5035897;;;5.263252
08.343.492/0001-20;2022-01-01;15;127243;MRV ENGENHARIA E PARTICIPACOES S.A.;2021-01-01;2021-12-31;Açőes;Ordinária;;;R$ por Unidade;1348;;;0;;0.00;0;;0.00;0;;;1348;;;0.000000
08.343.492/0001-20;2022-01-01;15;127243;MRV ENGENHARIA E PARTICIPACOES S.A.;2020-01-01;2020-12-31;Açőes;Ordinária;;;R$ por Unidade;318543;;;0;;0.00;317195;;2.40;0;;;1348;;;0.000000
08.343.492/0001-20;2022-01-01;15;127243;MRV ENGENHARIA E PARTICIPACOES S.A.;2019-01-01;2019-12-31;Açőes;Ordinária;;;R$ por Unidade;3128057;;;0;;0.00;2809514;;4.12;0;;;318543;;;0.000000
08.397.078/0001-01;2022-01-01;3;127289;GSH CORP PARTICIPAÇŐES S.A.;2021-01-01;2021-12-31;Açőes;Preferencial;Preferencial Classe A;;R$ por Unidade;0;;;2017964;;656408.29;0;;0.00;0;;;2017964;;;4.651000
08.402.943/0001-52;2022-01-01;8;127054;GUARARAPES CONFECCOES S.A.;2019-01-01;2019-12-31;Açőes;Ordinária;;;R$ por Unidade;0;;;2560;;7.96;0;;0.00;0;;;2560;;;0.003000
08.613.550/0001-98;2022-01-01;6;125322;NEXPE PARTICIPAÇŐES S.A;2021-01-01;2021-12-31;Açőes;Ordinária;;;R$ por Unidade;797376;;;0;;2.16;206948;;0.00;0;;;590428;;;0.000000
08.797.760/0001-83;2022-01-01;12;125572;CURY CONSTRUTORA E INCORPORADORA S.A.;2021-01-01;2021-12-31;Açőes;Ordinária;;;R$ por Unidade;0;;;18600;;6.48;0;;0.00;0;;;18600;;;0.000000
08.801.621/0001-86;2022-01-01;8;127229;SYN PROP & TECH S.A.;2021-01-01;2021-12-31;Açőes;Ordinária;;;R$ por Unidade;0;;;0;;0.00;0;;0.00;0;;;0;;;0.000000
08.801.621/0001-86;2022-01-01;8;127229;SYN PROP & TECH S.A.;2020-01-01;2020-12-31;Açőes;Ordinária;;;R$ por Unidade;0;;;12469167;;14.52;0;;14.52;12469167;;;0;;;0.000000
08.801.621/0001-86;2022-01-01;8;127229;SYN PROP & TECH S.A.;2019-01-01;2019-12-31;Açőes;Ordinária;;;R$ por Unidade;0;;;0;;0.00;0;;0.00;0;;;0;;;0.000000
08.807.432/0001-10;2022-01-01;16;126927;YDUQS PARTICIPACOES S.A.;2021-12-01;2021-12-31;Açőes;Ordinária;;;R$ por Unidade;7808219;;;0;;0.00;831952;;27.83;0;;;6976267;;;0.000000
08.807.432/0001-10;2022-01-01;16;126927;YDUQS PARTICIPACOES S.A.;2020-12-01;2020-12-31;Açőes;Ordinária;;;R$ por Unidade;8428182;;;0;;0.00;619963;;25.28;0;;;7808219;;;0.000000
08.807.432/0001-10;2022-01-01;16;126927;YDUQS PARTICIPACOES S.A.;2019-12-01;2019-12-31;Açőes;Ordinária;;;R$ por Unidade;8975936;;;0;;0.00;547754;;19.13;0;;;8428182;;;0.000000
08.811.643/0001-27;2022-01-01;10;126121;TRISUL S.A.;2021-01-01;2021-12-31;Açőes;Ordinária;;;R$ por Unidade;4505000;;;0;;8.97;0;;0.00;0;;;4505000;;;0.000000
08.902.291/0001-15;2022-01-01;17;126153;CSN MINERAÇĂO S.A.;2022-01-01;2022-12-31;Açőes;Ordinária;;;;0;;;105407300;;6.18;0;;0.00;0;;;105407300;;;
08.902.291/0001-15;2022-01-01;17;126153;CSN MINERAÇĂO S.A.;2021-01-01;2021-12-31;Açőes;Ordinária;;;R$ por Unidade;0;;;105407300;;6.18;0;;0.00;0;;;105407300;;;1.885220
08.926.302/0001-05;2022-01-01;9;123486;DOMMO ENERGIA S.A.;2021-01-01;2021-12-31;Açőes;Ordinária;;;R$ por Unidade;73913;;;0;;0.00;0;;0.00;0;;;73913;;;0.000000
08.926.302/0001-05;2022-01-01;9;123486;DOMMO ENERGIA S.A.;2020-01-01;2020-12-31;Açőes;Ordinária;;;R$ por Unidade;73913;;;0;;0.00;0;;0.00;0;;;73913;;;0.000000
08.926.302/0001-05;2022-01-01;9;123486;DOMMO ENERGIA S.A.;2019-01-01;2019-12-31;Açőes;Ordinária;;;R$ por Unidade;717203;;;0;;0.00;0;;0.00;645483;;;71720;;;0.000000
09.041.168/0001-10;2022-01-01;4;125600;LOG COMMERCIAL PROPERTIES E PARTICIPAÇŐES;2021-01-01;2021-12-31;Açőes;Ordinária;;;R$ por Unidade;15600;;;4102200;;25.59;3070114;;25.11;0;;;1047686;;;1.025543
09.042.817/0001-05;2022-01-01;23;126974;BEMOBI MOBILE TECH S.A.;2021-01-01;2021-12-31;Açőes;Ordinária;;;R$ por Unidade;0;;;2304200;;20.02;0;;0.00;0;;;2304200;;;0.000000
09.053.134/0001-45;2022-01-01;7;122237;ELFA MEDICAMENTOS S.A.;2020-01-01;2020-12-31;Açőes;;;;R$ por Unidade;10000000;;;0;;0.00;0;;0.00;0;;;10000000;;;0.000000
09.054.385/0001-44;2022-01-01;1;116425;INBRANDS S.A.;2019-01-01;2019-12-31;Debęntures;;;Simples Năo Conversíveis;R$ por Unidade;8540;;;0;;0.00;0;;0.00;8540;;;0;;;0.000000
09.114.805/0001-30;2022-01-01;14;125374;OCEANPACT SERVIÇOS MARITIMOS S.A.;2021-01-01;2021-12-31;Açőes;Ordinária;;;R$ por Unidade;1934425;;;0;;0.00;0;;0.00;0;;;1934425;;;0.000000
09.114.805/0001-30;2022-01-01;14;125374;OCEANPACT SERVIÇOS MARITIMOS S.A.;2020-01-01;2020-12-31;Açőes;Ordinária;;;R$ por Unidade;0;;;5695000;;1.48;3760575;;1.48;0;;;1934425;;;0.000000
09.114.805/0001-30;2022-01-01;14;125374;OCEANPACT SERVIÇOS MARITIMOS S.A.;2019-01-01;2019-12-31;Açőes;Ordinária;;;R$ por Unidade;0;;;0;;0.00;0;;0.00;0;;;0;;;0.000000
09.288.252/0001-32;2022-01-01;12;127061;ANIMA HOLDING S.A.;2021-01-01;2021-12-31;Açőes;Ordinária;;;R$ por Unidade;6567774;;;4950000;;8.58;1110714;;5.11;0;;;10407060;;;0.000000
09.288.252/0001-32;2022-01-01;12;127061;ANIMA HOLDING S.A.;2020-01-01;2020-12-31;Açőes;Ordinária;;;R$ por Unidade;922516;;;5217202;;19.26;450460;;10.87;3500000;;;2189258;;;0.000000
09.288.252/0001-32;2022-01-01;12;127061;ANIMA HOLDING S.A.;2019-01-01;2019-12-31;Açőes;Ordinária;;;R$ por Unidade;923761;;;0;;0.00;1245;;16.91;0;;;922516;;;0.000000
09.295.063/0001-97;2022-01-01;14;127039;TECHNOS S.A.;2021-01-01;2021-12-31;Açőes;Ordinária;;;R$ por Unidade;1207800;;;4575280;;3.23;2346759;;0.00;2000000;;;1436321;;;3.220000
09.295.063/0001-97;2022-01-01;14;127039;TECHNOS S.A.;2020-01-01;2020-12-31;Açőes;Ordinária;;;R$ por Unidade;1207800;;;0;;0.00;0;;0.00;0;;;1207800;;;0.000000
09.295.063/0001-97;2022-01-01;14;127039;TECHNOS S.A.;2019-01-01;2019-12-31;Açőes;Ordinária;;;R$ por Unidade;1207800;;;0;;0.00;0;;0.00;0;;;1207800;;;0.000000
09.305.994/0001-29;2022-01-01;17;127023;AZUL S.A.;2021-01-01;2021-12-31;Açőes;Preferencial;;;R$ por Unidade;265462;;;477800;;0.00;358732;;0.00;0;;;384530;;;0.000000
09.305.994/0001-29;2022-01-01;17;127023;AZUL S.A.;2020-01-01;2020-12-31;Açőes;Preferencial;;;R$ por Unidade;444246;;;0;;0.00;178784;;21.83;0;;;265462;;;0.000000
09.305.994/0001-29;2022-01-01;17;127023;AZUL S.A.;2019-01-01;2019-12-31;Açőes;Preferencial;;;R$ por Unidade;332981;;;301008;;42.68;189743;;49.89;0;;;444246;;;0.000000
09.346.601/0001-25;2022-01-01;16;126917;B3 S.A. - BRASIL, BOLSA, BALCĂO;2021-01-01;2021-12-31;Açőes;Ordinária;;;R$ por Unidade;74888475;;;39919400;;12.24;10453771;;18.26;51415470;;;52938634;;;0.000000
09.346.601/0001-25;2022-01-01;16;126917;B3 S.A. - BRASIL, BOLSA, BALCĂO;2020-01-01;2020-12-31;Açőes;Ordinária;;;R$ por Unidade;13039870;;;15719100;;50.78;3796145;;26.81;0;;;24962825;;;0.000000
09.346.601/0001-25;2022-01-01;16;126917;B3 S.A. - BRASIL, BOLSA, BALCĂO;2019-01-01;2019-12-31;Açőes;Ordinária;;;R$ por Unidade;14992683;;;1962800;;38.45;3845613;;16.99;0;;;13109870;;;0.000000
09.347.516/0001-81;2022-01-01;13;125375;ELETROMIDIA S.A.;2021-01-01;2021-12-31;Açőes;Ordinária;;;R$ por Unidade;0;;;1134814;;0.00;0;;0.00;0;;;1134814;;;0.000000
10.139.870/0001-08;2022-01-01;7;125528;NEOGRID PARTICIPAÇŐES S.A.;2021-01-01;2021-12-31;Açőes;Ordinária;;;R$ por Unidade;2375891;;;0;;0.00;449000;;1.90;0;;;1926891;;;1.449100
10.139.870/0001-08;2022-01-01;7;125528;NEOGRID PARTICIPAÇŐES S.A.;2020-01-01;2020-12-31;Açőes;Ordinária;;;R$ por Unidade;0;;;11428380;;0.82;7005439;;0.00;2047050;;;2375891;;;1.451700
10.139.870/0001-08;2022-01-01;7;125528;NEOGRID PARTICIPAÇŐES S.A.;2019-01-01;2019-12-31;Açőes;Preferencial;;;R$ por Unidade;0;;;381807;;0.90;0;;0.00;0;;;381807;;;5.910000
10.215.988/0001-60;2022-01-01;7;122067;COMPANHIA DE LOCAÇĂO DAS AMÉRICAS;2021-01-01;2021-12-31;Açőes;Ordinária;;;R$ por Unidade;1966662;;;3300000;;25.73;3274170;;20.31;0;;;1992492;;;0.000000
10.215.988/0001-60;2022-01-01;7;122067;COMPANHIA DE LOCAÇĂO DAS AMÉRICAS;2020-01-01;2020-12-31;Açőes;Ordinária;;;R$ por Unidade;4608449;;;1963000;;19.14;4604787;;10.13;0;;;1966662;;;0.000000
10.215.988/0001-60;2022-01-01;7;122067;COMPANHIA DE LOCAÇĂO DAS AMÉRICAS;2019-01-01;2019-12-31;Açőes;Ordinária;;;R$ por Unidade;3456936;;;1995400;;20.04;843887;;17.00;0;;;4608449;;;0.000000
10.285.590/0001-08;2022-01-01;12;124245;GRUPO DE MODA SOMA S.A.;2019-01-01;2019-12-31;Açőes;Ordinária;;;R$ por Unidade;13053;;;349687;;49.88;169436;;45.73;0;;;193304;;;0.000000
10.571.175/0001-02;2022-01-01;6;127320;URBA DESENVOLVIMENTO URBANO S.A.;2021-01-01;2021-12-31;Açőes;Ordinária;;;R$ por Unidade;1303104;;;0;;0.00;967368;;1.62;0;;;335736;;;0.230000
10.571.175/0001-02;2022-01-01;6;127320;URBA DESENVOLVIMENTO URBANO S.A.;2020-01-01;2020-12-31;Açőes;Ordinária;;;R$ por Unidade;1561104;;;0;;0.00;258000;;1.00;0;;;1303104;;;1.620000
10.571.175/0001-02;2022-01-01;6;127320;URBA DESENVOLVIMENTO URBANO S.A.;2019-01-01;2019-12-31;Açőes;Ordinária;;;R$ por Unidade;1561104;;;0;;0.00;0;;0.00;0;;;1561104;;;1.970000
10.629.105/0001-68;2022-01-01;20;127162;PRIO S.A.;2020-01-01;2020-12-31;Açőes;Ordinária;;;R$ por Unidade;9505950;;;18810;;0.00;1690417;;50.96;0;;;7834343;;;0.000000
10.629.105/0001-68;2022-01-01;20;127162;PRIO S.A.;2019-01-01;2019-12-31;Açőes;Ordinária;;;R$ por Unidade;1176755;;;10590795;;0.00;2261600;;18.62;0;;;9505950;;;0.000000
10.739.356/0001-03;2022-01-01;3;122969;BRBI BR PARTNERS S.A;2021-01-01;2021-12-31;Açőes;Ordinária;;;R$ por Unidade;0;;;0;;0.00;0;;0.00;0;;;0;;;0.000000
10.739.356/0001-03;2022-01-01;3;122969;BRBI BR PARTNERS S.A;2020-01-01;2020-12-31;Açőes;Ordinária;;;R$ por Unidade;0;;;14858116;;2.58;0;;0.00;14858116;;;0;;;0.000000
10.739.356/0001-03;2022-01-01;3;122969;BRBI BR PARTNERS S.A;2020-01-01;2020-12-31;Açőes;Preferencial;;;R$ por Unidade;5143726;;;0;;0.00;5143726;;2.01;0;;;0;;;0.000000
10.739.356/0001-03;2022-01-01;3;122969;BRBI BR PARTNERS S.A;2019-01-01;2019-12-31;Açőes;Preferencial;;;R$ por Unidade;5143726;;;0;;0.00;0;;0.00;0;;;5143726;;;0.000000
10.760.260/0001-19;2022-01-01;9;127245;CVC BRASIL OPERADORA E AGĘNCIA DE VIAGENS S.A.;2022-01-01;2022-12-31;Açőes;Ordinária;;;;8409;;;0;;0.00;0;;0.00;0;;;8409;;;
10.760.260/0001-19;2022-01-01;9;127245;CVC BRASIL OPERADORA E AGĘNCIA DE VIAGENS S.A.;2021-01-01;2021-12-31;Açőes;Ordinária;;;R$ por Unidade;122434;;;0;;0.00;114025;;19.45;0;;;8409;;;0.000000
10.760.260/0001-19;2022-01-01;9;127245;CVC BRASIL OPERADORA E AGĘNCIA DE VIAGENS S.A.;2020-01-01;2020-12-31;Açőes;Ordinária;;;R$ por Unidade;253686;;;320000;;14.83;451252;;16.95;0;;;122434;;;0.070981
10.760.260/0001-19;2022-01-01;9;127245;CVC BRASIL OPERADORA E AGĘNCIA DE VIAGENS S.A.;2019-01-01;2019-12-31;Açőes;Ordinária;;;R$ por Unidade;1555158;;;100000;;52.17;1401472;;0.00;0;;;253686;;;0.000000
11.669.021/0001-10;2022-01-01;10;127057;ENAUTA PARTICIPAÇŐES S.A.;2022-01-01;2022-12-31;Açőes;Ordinária;;;;2690656;;;0;;0.00;313815;;7.49;0;;;2376841;;;
11.669.021/0001-10;2022-01-01;10;127057;ENAUTA PARTICIPAÇŐES S.A.;2021-01-01;2021-12-31;Açőes;Ordinária;;;R$ por Unidade;3264525;;;0;;0.00;573869;;11.36;0;;;2690656;;;1.010000
11.669.021/0001-10;2022-01-01;10;127057;ENAUTA PARTICIPAÇŐES S.A.;2020-01-01;2020-12-31;Açőes;Ordinária;;;R$ por Unidade;3579410;;;0;;0.00;314885;;11.77;0;;;3264525;;;1.010000
11.669.021/0001-10;2022-01-01;10;127057;ENAUTA PARTICIPAÇŐES S.A.;2019-01-01;2019-12-31;Açőes;Ordinária;;;R$ por Unidade;4334128;;;0;;0.00;754718;;8.39;0;;;3579410;;;1.010000
11.721.921/0001-60;2022-01-01;23;127119;ALPER CONSULTORIA E CORRETORA DE SEGUROS S.A.;2021-01-01;2021-12-31;Açőes;Ordinária;;;R$ por Unidade;362587;;;4533;;32.84;315523;;14.84;0;;;51597;;;0.000000
11.721.921/0001-60;2022-01-01;23;127119;ALPER CONSULTORIA E CORRETORA DE SEGUROS S.A.;2020-01-01;2020-12-31;Açőes;Ordinária;;;R$ por Unidade;362587;;;2900;;0.00;0;;15.17;0;;;365487;;;0.000000
11.721.921/0001-60;2022-01-01;23;127119;ALPER CONSULTORIA E CORRETORA DE SEGUROS S.A.;2019-01-01;2019-12-31;Açőes;Ordinária;;;R$ por Unidade;310167;;;524200;;24.50;0;;0.00;0;;;834367;;;0.000000
11.992.680/0001-93;2022-01-01;12;125999;QUALICORP CONSULTORIA E CORRETORA DE SEGUROS S.A.;2021-01-01;2021-12-31;Açőes;Ordinária;;;R$ por Unidade;397495;;;6286900;;20.65;424215;;18.38;0;;;6260180;;;0.000000
11.992.680/0001-93;2022-01-01;12;125999;QUALICORP CONSULTORIA E CORRETORA DE SEGUROS S.A.;2020-01-01;2020-12-31;Açőes;Ordinária;;;R$ por Unidade;2538200;;;0;;0.00;2140705;;13.46;0;;;397495;;;0.000000
11.992.680/0001-93;2022-01-01;12;125999;QUALICORP CONSULTORIA E CORRETORA DE SEGUROS S.A.;2019-01-01;2019-12-31;Açőes;Ordinária;;;R$ por Unidade;2641200;;;0;;0.00;102826;;13.47;0;;;2538374;;;0.000000
12.049.631/0001-84;2022-01-01;5;127109;MOURA DUBEUX ENGENHARIA S/A;2021-01-01;2021-12-31;Açőes;Ordinária;;;R$ por Unidade;0;;;1690000;;7.68;0;;0.00;0;;;1690000;;;1.990357
12.104.241/0004-02;2022-01-01;14;127021;ONCOCLÍNICAS DO BRASIL SERVIÇOS MÉDICOS S.A.;2021-01-01;2021-12-31;Açőes;Ordinária;;;R$ por Unidade;28371574;;;0;;1.00;7851632;;0.00;0;;;20519942;;;9.700000
12.181.987/0001-77;2022-01-01;7;126104;MELNICK DESENVOLVIMENTO IMOBILIÁRIO S.A.;2021-01-01;2021-12-31;Açőes;Ordinária;;;R$ por Unidade;0;;;5784900;;5.48;0;;0.00;0;;;5784900;;;7.830000
12.420.164/0001-57;2022-01-01;11;125821;CM HOSPITALAR S.A;2021-01-01;2021-12-31;Açőes;;;;R$ por Unidade;0;;;0;;1846500.00;0;;0.00;0;;;0;;;1.600000
12.420.164/0001-57;2022-01-01;11;125821;CM HOSPITALAR S.A;2021-01-01;2021-12-31;Açőes;Ordinária;;;R$ por Unidade;0;;;0;;777100.00;0;;0.00;0;;;0;;;0.700000
12.528.708/0001-07;2022-01-01;10;125311;AERIS IND. E COM. DE EQUIP. PARA GER. DE ENG. S.A.;2021-01-01;2021-12-31;Açőes;Ordinária;;;R$ por Unidade;0;;;3000000;;6.77;0;;0.00;0;;;3000000;;;1.392360
13.574.594/0001-96;2022-01-01;14;125955;ZAMP SA;2020-01-01;2020-12-31;Açőes;Ordinária;;;R$ por Unidade;1222719;;;0;;0.00;0;;0.00;0;;;1222719;;;0.000000
14.110.585/0001-07;2022-01-01;15;124966;MÉLIUZ S.A.;2021-01-01;2021-12-31;Açőes;Ordinária;;;R$ por Unidade;0;;;2279062;;4.81;0;;0.00;0;;;2279062;;;0.000000
15.101.405/0001-93;2022-01-01;1;115754;CORREA RIBEIRO S.A. COMERCIO E INDUSTRIA;2021-01-01;2021-12-31;Açőes;Ordinária;;;R$ por Unidade;6;;;0;;0.00;0;;0.00;0;;;6;;;0.000000
15.141.799/0001-03;2022-01-01;6;125482;CIA FERRO LIGAS DA BAHIA - FERBASA;2021-01-01;2021-12-31;Açőes;Preferencial;;;R$ por Unidade;3183300;;;0;;0.00;0;;0.00;0;;;3183300;;;0.000000
15.141.799/0001-03;2022-01-01;6;125482;CIA FERRO LIGAS DA BAHIA - FERBASA;2020-01-01;2020-12-31;Açőes;Preferencial;;;R$ por Unidade;3183300;;;0;;0.00;0;;0.00;0;;;3183300;;;0.000000
15.141.799/0001-03;2022-01-01;6;125482;CIA FERRO LIGAS DA BAHIA - FERBASA;2019-01-01;2019-12-31;Açőes;Preferencial;;;R$ por Unidade;3183300;;;0;;0.00;0;;0.00;0;;;3183300;;;0.000000
16.233.389/0001-55;2022-01-01;4;126217;CVLB BRASIL S.A;2021-01-01;2021-12-31;Açőes;Ordinária;;;R$ por Unidade;91855;;;0;;0.00;0;;0.00;0;;;91855;;;0.000000
16.233.389/0001-55;2022-01-01;4;126217;CVLB BRASIL S.A;2020-01-01;2020-12-31;Açőes;Ordinária;;;R$ por Unidade;23407;;;68448;;37.77;0;;0.00;0;;;91855;;;0.000000
16.233.389/0001-55;2022-01-01;4;126217;CVLB BRASIL S.A;2019-01-01;2019-12-31;Açőes;Ordinária;;;R$ por Unidade;2600;;;20807;;39.82;0;;0.00;0;;;23407;;;0.000000
16.234.171/0001-15;2022-01-01;5;125708;METANOR SA METANOL DO NE;2021-01-01;2021-12-31;Açőes;Ordinária;;;R$ por Unidade;0;;;0;;0.00;0;;0.00;0;;;0;;;0.000000
16.234.171/0001-15;2022-01-01;5;125708;METANOR SA METANOL DO NE;2021-01-01;2021-12-31;Açőes;Preferencial;Preferencial Classe A;;R$ por Unidade;0;;;0;;0.00;0;;0.00;0;;;0;;;0.000000
16.234.171/0001-15;2022-01-01;5;125708;METANOR SA METANOL DO NE;2021-01-01;2021-12-31;Açőes;Preferencial;Preferencial Classe B;;R$ por Unidade;0;;;0;;0.00;0;;0.00;0;;;0;;;0.000000
16.234.171/0001-15;2022-01-01;5;125708;METANOR SA METANOL DO NE;2021-01-01;2021-12-31;Açőes;Preferencial;Preferencial Classe C;;R$ por Unidade;0;;;0;;0.00;0;;0.00;0;;;0;;;0.000000
16.234.171/0001-15;2022-01-01;5;125708;METANOR SA METANOL DO NE;2020-01-01;2020-12-31;Açőes;Ordinária;;;R$ por Unidade;925002;;;0;;0.00;0;;0.00;925002;;;0;;;0.000000
16.234.171/0001-15;2022-01-01;5;125708;METANOR SA METANOL DO NE;2020-01-01;2020-12-31;Açőes;Preferencial;Preferencial Classe A;;R$ por Unidade;62226;;;0;;0.00;0;;0.00;62226;;;0;;;0.000000
16.234.171/0001-15;2022-01-01;5;125708;METANOR SA METANOL DO NE;2020-01-01;2020-12-31;Açőes;Preferencial;Preferencial Classe B;;R$ por Unidade;73498;;;0;;0.00;0;;0.00;73498;;;0;;;0.000000
16.234.171/0001-15;2022-01-01;5;125708;METANOR SA METANOL DO NE;2020-01-01;2020-12-31;Açőes;Preferencial;Preferencial Classe C;;R$ por Unidade;679475;;;0;;0.00;0;;0.00;679475;;;0;;;0.000000
16.234.171/0001-15;2022-01-01;5;125708;METANOR SA METANOL DO NE;2019-01-01;2019-12-31;Açőes;Ordinária;;;R$ por Unidade;925002;;;0;;0.00;0;;0.00;0;;;925002;;;0.000000
16.234.171/0001-15;2022-01-01;5;125708;METANOR SA METANOL DO NE;2019-01-01;2019-12-31;Açőes;Preferencial;Preferencial Classe A;;R$ por Unidade;62226;;;0;;0.00;0;;0.00;0;;;62226;;;0.000000
16.234.171/0001-15;2022-01-01;5;125708;METANOR SA METANOL DO NE;2019-01-01;2019-12-31;Açőes;Preferencial;Preferencial Classe B;;R$ por Unidade;73498;;;0;;0.00;0;;0.00;0;;;73498;;;0.000000
16.234.171/0001-15;2022-01-01;5;125708;METANOR SA METANOL DO NE;2019-01-01;2019-12-31;Açőes;Preferencial;Preferencial Classe C;;R$ por Unidade;679475;;;0;;0.00;0;;0.00;0;;;679475;;;0.000000
16.590.234/0001-76;2022-01-01;11;127081;AZZAS 2154 S.A.;2021-01-01;2021-12-31;Açőes;Ordinária;;;R$ por Unidade;3679;;;691800;;92.67;654454;;93.43;0;;;41025;;;0.081897
16.590.234/0001-76;2022-01-01;11;127081;AZZAS 2154 S.A.;2020-01-01;2020-12-31;Açőes;Ordinária;;;R$ por Unidade;5207;;;80000;;46.69;81528;;54.61;0;;;3679;;;0.006818
16.590.234/0001-76;2022-01-01;11;127081;AZZAS 2154 S.A.;2019-01-01;2019-12-31;Açőes;Ordinária;;;R$ por Unidade;52119;;;0;;0.00;46912;;51.00;0;;;5207;;;0.011531
16.614.075/0001-00;2022-01-01;8;127348;DIRECIONAL ENGENHARIA S.A.;2021-01-01;2021-12-31;Açőes;Ordinária;;;R$ por Unidade;6693030;;;2242800;;12.92;4733489;;7.79;3398749;;;803592;;;0.000000
16.614.075/0001-00;2022-01-01;8;127348;DIRECIONAL ENGENHARIA S.A.;2020-01-01;2020-12-31;Açőes;Ordinária;;;R$ por Unidade;5473739;;;1882500;;12.71;663209;;7.79;0;;;6693030;;;0.000000
16.614.075/0001-00;2022-01-01;8;127348;DIRECIONAL ENGENHARIA S.A.;2019-01-01;2019-12-31;Açőes;Ordinária;;;R$ por Unidade;6404709;;;0;;0.00;930970;;5.86;0;;;5473739;;;0.000000
16.670.085/0001-55;2022-01-01;9;126982;LOCALIZA RENT A CAR S.A.;2021-01-01;2021-12-31;Açőes;Ordinária;;;R$ por Unidade;6796159;;;0;;0.00;520814;;25.83;0;;;6275345;;;0.834275
16.670.085/0001-55;2022-01-01;9;126982;LOCALIZA RENT A CAR S.A.;2020-01-01;2020-12-31;Açőes;Ordinária;;;R$ por Unidade;2799555;;;5214600;;35.42;1217996;;25.83;0;;;6796159;;;0.904141
16.670.085/0001-55;2022-01-01;9;126982;LOCALIZA RENT A CAR S.A.;2019-01-01;2019-12-31;Açőes;Ordinária;;;R$ por Unidade;5422351;;;0;;0.00;2622796;;6.85;0;;;2799555;;;0.370475
16.676.520/0001-59;2022-01-01;8;127251;HOSPITAL MATER DEI S.A.;2021-01-01;2021-12-31;Açőes;Ordinária;;;R$ por Unidade;0;;;0;;0.00;0;;0.00;0;;;0;;;0.000000
16.676.520/0001-59;2022-01-01;8;127251;HOSPITAL MATER DEI S.A.;2020-01-01;2020-12-31;Açőes;Ordinária;;;R$ por Unidade;14877322;;;0;;2.09;14877322;;0.00;0;;;0;;;0.000000
16.676.520/0001-59;2022-01-01;8;127251;HOSPITAL MATER DEI S.A.;2019-01-01;2019-12-31;Açőes;Ordinária;;;R$ por Unidade;14877322;;;0;;2.09;0;;0.00;0;;;14877322;;;0.000000
16.811.931/0001-00;2022-01-01;4;121196;ALPHAVILLE S.A.;2020-01-01;2020-12-31;Açőes;Ordinária;;;R$ por Unidade;22402;;;0;;113.25;0;;0.00;0;;;22402;;;0.000000
17.155.730/0001-64;2022-01-01;11;125990;CIA ENERGETICA DE MINAS GERAIS - CEMIG;2021-01-01;2021-12-31;Açőes;Ordinária;;;R$ por Unidade;79;;;0;;0.00;0;;0.00;0;;;79;;;0.000014
17.155.730/0001-64;2022-01-01;11;125990;CIA ENERGETICA DE MINAS GERAIS - CEMIG;2021-01-01;2021-12-31;Açőes;Preferencial;;;R$ por Unidade;650817;;;0;;0.00;0;;0.00;0;;;650817;;;0.057731
17.155.730/0001-64;2022-01-01;11;125990;CIA ENERGETICA DE MINAS GERAIS - CEMIG;2020-01-01;2020-12-31;Açőes;Ordinária;;;R$ por Unidade;71;;;0;;0.00;0;;0.00;0;;;71;;;0.000014
17.155.730/0001-64;2022-01-01;11;125990;CIA ENERGETICA DE MINAS GERAIS - CEMIG;2020-01-01;2020-12-31;Açőes;Preferencial;;;R$ por Unidade;583709;;;0;;0.00;0;;0.00;0;;;583709;;;0.057731
17.155.730/0001-64;2022-01-01;11;125990;CIA ENERGETICA DE MINAS GERAIS - CEMIG;2019-01-01;2019-12-31;Açőes;Preferencial;;;R$ por Unidade;560649;;;0;;0.00;0;;0.00;0;;;560649;;;0.057731
17.155.730/0001-64;2022-01-01;11;125990;CIA ENERGETICA DE MINAS GERAIS - CEMIG;2019-01-01;2019-12-31;Açőes;Ordinária;;;R$ por Unidade;69;;;0;;0.00;0;;0.00;0;;;69;;;0.000014
17.162.082/0001-73;2022-01-01;3;120759;MENDES JUNIOR ENGENHARIA S.A.;2021-01-01;2021-12-31;Debęntures;;;Debęntjures da 9Ş emissăo;R$ por Unidade;100000;;;0;;0.00;0;;0.00;0;;;100000;;;0.000000
17.162.082/0001-73;2022-01-01;3;120759;MENDES JUNIOR ENGENHARIA S.A.;2020-01-01;2020-12-31;Debęntures;;;Debęntures da 9Ş emissăo;R$ por Unidade;100000;;;0;;0.00;0;;0.00;0;;;100000;;;0.000000
17.162.082/0001-73;2022-01-01;3;120759;MENDES JUNIOR ENGENHARIA S.A.;2019-01-01;2019-12-31;Debęntures;;;Debęntures da 9Ş emissăo;R$ por Unidade;100000;;;0;;0.00;0;;0.00;0;;;100000;;;0.000000
17.167.412/0001-13;2022-01-01;5;125453;FINANCEIRA ALFA S.A.- CRED FINANC E INVS;2019-01-01;2019-12-31;Açőes;Preferencial;Preferencial Classe A;;R$ por Unidade;0;;;51100;;6.04;0;;0.00;0;;;51100;;;0.115594
17.167.412/0001-13;2022-01-01;5;125453;FINANCEIRA ALFA S.A.- CRED FINANC E INVS;2019-01-01;2019-12-31;Açőes;Ordinária;;;R$ por Unidade;0;;;31000;;5.32;0;;0.00;0;;;31000;;;0.052778
17.184.037/0001-10;2022-01-01;16;125465;BCO MERCANTIL DO BRASIL S.A.;2021-01-01;2021-12-31;Açőes;Preferencial;;;R$ por Unidade;0;;;510800;;10.99;0;;0.00;0;;;510800;;;2.060000
17.314.329/0001-20;2022-01-01;13;125686;INTERNATIONAL MEAL COMPANY ALIMENTACAO S.A.;2020-01-01;2020-12-31;Açőes;Ordinária;;;R$ por Unidade;6791500;;;0;;0.00;5865000;;8.05;0;;;926500;;;0.000000
17.314.329/0001-20;2022-01-01;13;125686;INTERNATIONAL MEAL COMPANY ALIMENTACAO S.A.;2019-01-01;2019-12-31;Açőes;Ordinária;;;R$ por Unidade;8459400;;;449100;;6.94;2117000;;4.24;0;;;6791500;;;0.000000
17.344.597/0001-94;2022-01-01;10;126989;BB SEGURIDADE PARTICIPAÇŐES S.A.;2021-01-01;2021-12-31;Açőes;Ordinária;;;R$ por Unidade;3365319;;;0;;0.00;51848;;22.90;0;;;3313471;;;0.493300
17.344.597/0001-94;2022-01-01;10;126989;BB SEGURIDADE PARTICIPAÇŐES S.A.;2020-01-01;2020-12-31;Açőes;Ordinária;;;R$ por Unidade;3398833;;;0;;0.00;33514;;28.69;0;;;3365319;;;0.501100
17.344.597/0001-94;2022-01-01;10;126989;BB SEGURIDADE PARTICIPAÇŐES S.A.;2019-01-01;2019-12-31;Açőes;Ordinária;;;R$ por Unidade;3402917;;;16393;;27.78;20477;;27.35;0;;;3398833;;;0.506100
18.174.270/0001-84;2022-01-01;4;126054;DOTZ S.A.;2021-01-01;2021-12-31;Açőes;Ordinária;;;R$ por Unidade;0;;;518600;;3.53;0;;0.00;0;;;518600;;;0.000000
18.593.815/0001-97;2022-01-01;10;128192;PRINER SERVIÇOS INDUSTRIAIS S.A.;2021-01-01;2021-12-31;Açőes;Ordinária;;;R$ por Unidade;0;;;800000;;8.18;0;;0.00;0;;;800000;;;2.100000
19.378.769/0001-76;2022-01-01;10;128481;INSTITUTO HERMES PARDINI S.A.;2021-01-01;2021-12-31;Açőes;Ordinária;;;R$ por Unidade;3139420;;;1000004;;23.59;0;;16.24;0;;;4139424;;;0.000000
19.378.769/0001-76;2022-01-01;10;128481;INSTITUTO HERMES PARDINI S.A.;2020-01-01;2020-12-31;Açőes;Ordinária;;;R$ por Unidade;809982;;;2545700;;23.47;216252;;30.00;0;;;3139430;;;0.000000
19.378.769/0001-76;2022-01-01;10;128481;INSTITUTO HERMES PARDINI S.A.;2019-01-01;2019-12-31;Açőes;Ordinária;;;R$ por Unidade;809982;;;0;;0.00;0;;0.00;0;;;809982;;;0.000000
20.258.278/0001-70;2022-01-01;13;125793;OUROFINO S.A.;2021-01-01;2021-12-31;Açőes;Ordinária;;;R$ por Unidade;0;;;181400;;28.38;0;;0.00;0;;;181400;;;0.340000
21.240.146/0001-84;2022-01-01;11;126949;AGROGALAXY PARTICIPAÇŐES S.A. - EM RECUPERAÇĂO JUDICIAL;2021-01-01;2021-12-31;Açőes;Ordinária;;;R$ por Unidade;0;;;3640339;;10.09;244720;;11.03;0;;;3395619;;;0.000000
21.314.559/0001-66;2022-01-01;22;125974;MOVIDA PARTICIPACOES SA;2021-01-01;2021-12-31;Açőes;Ordinária;;;R$ por Unidade;1249624;;;241829;;18.42;502704;;0.00;0;;;988749;;;0.000000
21.314.559/0001-66;2022-01-01;22;125974;MOVIDA PARTICIPACOES SA;2020-01-01;2020-12-31;Açőes;Ordinária;;;R$ por Unidade;1530205;;;200646;;14.99;484560;;0.00;0;;;1246291;;;0.000000
21.314.559/0001-66;2022-01-01;22;125974;MOVIDA PARTICIPACOES SA;2019-01-01;2019-12-31;Açőes;Ordinária;;;R$ por Unidade;1053500;;;872100;;13.51;395395;;0.00;0;;;1530205;;;0.000000
23.373.000/0001-32;2022-01-01;12;126955;VAMOS LOCAÇĂO DE CAMINHŐES, MÁQUINAS E EQUIPAMENTOS S.A.;2022-01-01;2022-12-31;Açőes;Ordinária;;;;8000000;;;0;;0.00;73392;;0.00;0;;;7926608;;;
23.373.000/0001-32;2022-01-01;12;126955;VAMOS LOCAÇĂO DE CAMINHŐES, MÁQUINAS E EQUIPAMENTOS S.A.;2021-01-01;2021-12-31;Açőes;Ordinária;;;R$ por Unidade;8000000;;;0;;0.00;0;;0.00;0;;;8000000;;;0.000000
24.230.275/0001-80;2022-01-01;5;125947;PLANO & PLANO DESENVOLVIMENTO IMOBILIÁRIO S.A.;2021-01-01;2021-12-31;Açőes;Ordinária;;;R$ por Unidade;0;;;2350000;;3.48;0;;0.00;0;;;2350000;;;1.200000
26.345.998/0001-50;2022-01-01;12;126728;TC S.A.;2021-01-01;2021-12-31;Açőes;Ordinária;;;R$ por Unidade;0;;;1989200;;3513034.04;0;;0.00;0;;;1989200;;;2.448700
26.462.693/0001-28;2022-01-01;6;126926;LAVVI EMPREENDIMENTOS IMOBILIÁRIOS S.A.;2021-01-01;2021-12-31;Açőes;Ordinária;;;R$ por Unidade;0;;;9581000;;5.25;0;;0.00;6437400;;;3143600;;;3.888422
27.093.558/0001-15;2022-01-01;10;127326;MILLS LOCAÇĂO, SERVIÇOS E LOGÍSTICA S.A.;2021-01-01;2021-12-31;Açőes;Ordinária;;;R$ por Unidade;1688687;;;7040900;;7.82;0;;0.00;0;;;8729587;;;0.000000
27.093.558/0001-15;2022-01-01;10;127326;MILLS LOCAÇĂO, SERVIÇOS E LOGÍSTICA S.A.;2020-01-01;2020-12-31;Açőes;Ordinária;;;R$ por Unidade;5718654;;;0;;9.92;589735;;0.00;0;;;5128919;;;0.000000
27.093.558/0001-15;2022-01-01;10;127326;MILLS LOCAÇĂO, SERVIÇOS E LOGÍSTICA S.A.;2019-01-01;2019-12-31;Açőes;Ordinária;;;R$ por Unidade;2278422;;;0;;0.00;0;;0.00;0;;;2278422;;;0.000000
28.195.667/0001-06;2022-01-01;12;125683;BCO ABC BRASIL S.A.;2021-01-01;2021-12-31;Açőes;Preferencial;;;R$ por Unidade;3540902;;;3928700;;15.41;1472045;;15.26;0;;;5997557;;;8.724651
28.195.667/0001-06;2022-01-01;12;125683;BCO ABC BRASIL S.A.;2020-01-01;2020-12-31;Açőes;Preferencial;;;R$ por Unidade;4312461;;;2185100;;13.96;2956659;;17.41;0;;;3540902;;;4.900945
28.195.667/0001-06;2022-01-01;12;125683;BCO ABC BRASIL S.A.;2019-01-01;2019-12-31;Açőes;Preferencial;;;R$ por Unidade;2514535;;;5030000;;18.37;3232074;;18.34;0;;;4312461;;;5.890000
29.780.061/0001-09;2022-01-01;9;127202;SAO CARLOS EMPREEND E PARTICIPACOES S.A.;2021-01-01;2021-12-31;Açőes;Ordinária;;;R$ por Unidade;1172825;;;247903;;40.75;783064;;38.88;0;;;637664;;;1.104423
29.780.061/0001-09;2022-01-01;9;127202;SAO CARLOS EMPREEND E PARTICIPACOES S.A.;2020-01-01;2020-12-31;Açőes;Ordinária;;;R$ por Unidade;1457249;;;124500;;34.41;394426;;32.12;0;;;1187323;;;2.056422
29.780.061/0001-09;2022-01-01;9;127202;SAO CARLOS EMPREEND E PARTICIPACOES S.A.;2019-01-01;2019-12-31;Açőes;Ordinária;;;R$ por Unidade;1694995;;;206002;;33.67;443748;;33.60;0;;;1457249;;;2.523929
29.978.814/0001-87;2022-01-01;6;121063;SUL AMERICA S.A.;2021-01-01;2021-12-31;Açőes;Preferencial;;;R$ por Unidade;41712092;;;10649188;;9.34;1624984;;6.96;0;;;50736296;;;0.000000
29.978.814/0001-87;2022-01-01;6;121063;SUL AMERICA S.A.;2021-01-01;2021-12-31;Açőes;Ordinária;;;R$ por Unidade;20856046;;;5324594;;28.03;812492;;20.89;0;;;25368148;;;0.000000
29.978.814/0001-87;2022-01-01;6;121063;SUL AMERICA S.A.;2020-01-01;2020-12-31;Açőes;Ordinária;;;R$ por Unidade;6703433;;;15258561;;44.69;1105948;;21.31;0;;;20856046;;;0.000000
29.978.814/0001-87;2022-01-01;6;121063;SUL AMERICA S.A.;2020-01-01;2020-12-31;Açőes;Preferencial;;;R$ por Unidade;13406871;;;30517124;;36.52;2211896;;7.10;0;;;41712099;;;0.000000
29.978.814/0001-87;2022-01-01;6;121063;SUL AMERICA S.A.;2019-01-01;2019-12-31;Açőes;Ordinária;;;R$ por Unidade;7243628;;;897792;;40.75;1437987;;17.34;0;;;6703433;;;0.000000
29.978.814/0001-87;2022-01-01;6;121063;SUL AMERICA S.A.;2019-01-01;2019-12-31;Açőes;Preferencial;;;R$ por Unidade;14487261;;;1795584;;13.58;2875974;;5.78;0;;;13406871;;;0.000000
30.306.294/0001-45;2022-01-01;5;127393;BCO BTG PACTUAL S.A.;2021-01-01;2021-12-31;Açőes;Ordinária;;;R$ por Unidade;0;;;0;;0.00;0;;0.00;0;;;0;;;0.000000
30.723.886/0001-62;2022-01-01;14;127198;BANCO MODAL S.A.;2021-01-01;2021-12-31;Açőes;Ordinária;;;R$ por Unidade;0;;;9143400;;4.90;0;;0.00;0;;;9143400;;;9.710000
30.723.886/0001-62;2022-01-01;14;127198;BANCO MODAL S.A.;2021-01-01;2021-12-31;Açőes;Preferencial;;;R$ por Unidade;1072;;;18286800;;4.90;1072;;4838.71;0;;;18286800;;;0.000000
30.723.886/0001-62;2022-01-01;14;127198;BANCO MODAL S.A.;2020-01-01;2020-12-31;Açőes;Preferencial;;;R$ por Unidade;1816;;;0;;0.00;744;;5879.16;0;;;1072;;;0.000000
32.785.497/0001-97;2022-01-01;18;125705;NATURA &CO HOLDING S.A.;2021-01-01;2021-12-31;Açőes;Ordinária;;;R$ por Unidade;316701;;;5337558;;38.04;754719;;32.62;0;;;4899540;;;45.630000
32.785.497/0001-97;2022-01-01;18;125705;NATURA &CO HOLDING S.A.;2020-01-01;2020-12-31;Açőes;Ordinária;;;R$ por Unidade;0;;;1114460;;49.25;807759;;31.53;0;;;306701;;;0.036400
33.000.167/0001-01;2022-01-01;26;126948;PETROLEO BRASILEIRO S.A. PETROBRAS;2021-01-01;2021-12-31;Açőes;Ordinária;;;R$ por Unidade;222760;;;0;;0.00;0;;0.00;0;;;222760;;;0.000000
33.000.167/0001-01;2022-01-01;26;126948;PETROLEO BRASILEIRO S.A. PETROBRAS;2021-01-01;2021-12-31;Açőes;Preferencial;;;R$ por Unidade;72909;;;0;;0.00;0;;0.00;0;;;72909;;;0.000000
33.000.167/0001-01;2022-01-01;26;126948;PETROLEO BRASILEIRO S.A. PETROBRAS;2020-01-01;2020-12-31;Açőes;Ordinária;;;R$ por Unidade;222760;;;0;;0.00;0;;0.00;0;;;222760;;;0.000000
33.000.167/0001-01;2022-01-01;26;126948;PETROLEO BRASILEIRO S.A. PETROBRAS;2020-01-01;2020-12-31;Açőes;Preferencial;;;R$ por Unidade;72909;;;0;;0.00;0;;0.00;0;;;72909;;;0.000000
33.000.167/0001-01;2022-01-01;26;126948;PETROLEO BRASILEIRO S.A. PETROBRAS;2019-01-01;2019-12-31;Açőes;Preferencial;;;R$ por Unidade;72909;;;0;;0.00;0;;0.00;0;;;72909;;;0.000000
33.000.167/0001-01;2022-01-01;26;126948;PETROLEO BRASILEIRO S.A. PETROBRAS;2019-01-01;2019-12-31;Açőes;Ordinária;;;R$ por Unidade;222760;;;0;;0.00;0;;0.00;0;;;222760;;;0.000000
33.041.260/0652-90;2022-01-01;14;126891;GRUPO CASAS BAHIA S.A.;2021-01-01;2021-12-31;Açőes;Ordinária;;;R$ por Unidade;300000;;;2000000;;4.91;6497;;0.00;0;;;2293503;;;0.143000
33.041.260/0652-90;2022-01-01;14;126891;GRUPO CASAS BAHIA S.A.;2020-01-01;2020-12-31;Açőes;Ordinária;;;R$ por Unidade;300000;;;0;;2.29;0;;0.00;0;;;300000;;;0.000000
33.041.260/0652-90;2022-01-01;14;126891;GRUPO CASAS BAHIA S.A.;2019-01-01;2019-12-31;Açőes;Ordinária;;;R$ por Unidade;300000;;;0;;2.29;0;;0.00;0;;;300000;;;0.000000
33.042.730/0001-04;2022-01-01;13;126668;CIA SIDERURGICA NACIONAL;2021-01-01;2021-12-31;Açőes;Ordinária;;;R$ por Unidade;7409500;;;38380500;;19.17;0;;0.00;0;;;45790000;;;3.300123
33.042.730/0001-04;2022-01-01;13;126668;CIA SIDERURGICA NACIONAL;2020-01-01;2020-12-31;Açőes;Ordinária;;;R$ por Unidade;7409500;;;0;;0.00;0;;0.00;0;;;7409500;;;0.000000
33.042.730/0001-04;2022-01-01;13;126668;CIA SIDERURGICA NACIONAL;2019-01-01;2019-12-31;Açőes;Ordinária;;;R$ por Unidade;7409500;;;0;;0.00;0;;0.00;0;;;7409500;;;0.000000
33.113.309/0001-47;2022-01-01;8;124561;VALID SOLUÇŐES S.A.;2021-01-01;2021-12-31;Açőes;Ordinária;;;R$ por Unidade;1920458;;;839300;;8.49;402400;;8.82;0;;;2357358;;;0.000000
33.113.309/0001-47;2022-01-01;8;124561;VALID SOLUÇŐES S.A.;2020-01-01;2020-12-31;Açőes;Ordinária;;;R$ por Unidade;920458;;;1000000;;8.84;0;;0.00;0;;;1920458;;;0.000000
33.113.309/0001-47;2022-01-01;8;124561;VALID SOLUÇŐES S.A.;2019-01-01;2019-12-31;Açőes;Ordinária;;;R$ por Unidade;820458;;;100000;;11.87;0;;0.00;0;;;920458;;;0.000000
33.256.439/0001-39;2022-01-01;7;125889;ULTRAPAR PARTICIPACOES S.A.;2021-01-01;2021-12-31;Açőes;Ordinária;;;R$ por Unidade;26964736;;;0;;0.00;29960;;35.36;0;;;26934776;;;2.485323
33.256.439/0001-39;2022-01-01;7;125889;ULTRAPAR PARTICIPACOES S.A.;2020-01-01;2020-12-31;Açőes;Ordinária;;;R$ por Unidade;26780298;;;200000;;33.60;15562;;34.00;0;;;26964736;;;2.478283
33.256.439/0001-39;2022-01-01;7;125889;ULTRAPAR PARTICIPACOES S.A.;2019-01-01;2019-12-31;Açőes;Ordinária;;;R$ por Unidade;26780298;;;0;;0.00;0;;0.00;0;;;26780298;;;2.465890
33.376.989/0001-91;2022-01-01;31;125827;IRB - BRASIL RESSEGUROS S.A.;2022-01-01;2022-12-31;Açőes;Ordinária;;;;12603800;;;0;;0.00;0;;0.00;0;;;12603800;;;
33.376.989/0001-91;2022-01-01;31;125827;IRB - BRASIL RESSEGUROS S.A.;2021-01-01;2021-12-31;Açőes;Ordinária;;;R$ por Unidade;12513209;;;90591;;0.00;0;;0.00;0;;;12603800;;;0.000000
33.376.989/0001-91;2022-01-01;31;125827;IRB - BRASIL RESSEGUROS S.A.;2020-01-01;2020-12-31;Açőes;Ordinária;;;R$ por Unidade;4663209;;;7850000;;34.48;0;;0.00;0;;;12513209;;;0.000000
33.376.989/0001-91;2022-01-01;31;125827;IRB - BRASIL RESSEGUROS S.A.;2019-01-01;2019-12-31;Açőes;Ordinária;;;R$ por Unidade;4753800;;;0;;0.00;90591;;0.00;0;;;4663209;;;0.000000
33.592.510/0001-54;2022-01-01;15;127293;VALE S.A.;2021-01-01;2021-12-31;Açőes;Ordinária;;;R$ por Unidade;154563828;;;291184500;;99.89;890482;;101.60;152016372;;;292841474;;;6.050000
33.592.510/0001-54;2022-01-01;15;127293;VALE S.A.;2020-01-01;2020-12-31;Açőes;Ordinária;;;R$ por Unidade;156192313;;;0;;0.00;1628485;;41.95;0;;;154563828;;;0.000000
33.592.510/0001-54;2022-01-01;15;127293;VALE S.A.;2019-01-01;2019-12-31;Açőes;Ordinária;;;R$ por Unidade;158216372;;;737;;0.00;2024796;;46.92;0;;;156192313;;;2.960000
33.611.500/0001-19;2022-01-01;21;126945;GERDAU S.A.;2021-01-01;2021-12-31;Açőes;Preferencial;;;R$ por Unidade;19020418;;;0;;0.00;2220660;;5.96;0;;;16799758;;;0.000000
33.611.500/0001-19;2022-01-01;21;126945;GERDAU S.A.;2021-01-01;2021-12-31;Açőes;Ordinária;;;R$ por Unidade;1697538;;;0;;0.33;0;;0.00;0;;;1697538;;;0.000000
33.611.500/0001-19;2022-01-01;21;126945;GERDAU S.A.;2020-01-01;2020-12-31;Açőes;Preferencial;;;R$ por Unidade;21797490;;;0;;0.00;2777072;;13.64;0;;;19020418;;;0.000000
33.611.500/0001-19;2022-01-01;21;126945;GERDAU S.A.;2020-01-01;2020-12-31;Açőes;Ordinária;;;R$ por Unidade;1697538;;;0;;0.33;0;;0.00;0;;;1697538;;;0.000000
33.611.500/0001-19;2022-01-01;21;126945;GERDAU S.A.;2019-01-01;2019-12-31;Açőes;Preferencial;;;R$ por Unidade;8704061;;;16000000;;0.01;2906571;;0.01;0;;;21797490;;;0.000000
33.839.910/0001-11;2022-01-01;9;127221;VIVARA PARTICIPAÇŐES S.A.;2021-01-01;2021-12-31;Açőes;Ordinária;;;R$ por Unidade;0;;;205812;;27.65;0;;0.00;0;;;205812;;;0.000000
33.958.695/0001-78;2022-01-01;17;125570;UNIPAR CARBOCLORO S.A.;2021-01-01;2021-12-31;Açőes;Ordinária;;;R$ por Unidade;0;;;0;;0.00;0;;0.00;0;;;0;;;0.000000
33.958.695/0001-78;2022-01-01;17;125570;UNIPAR CARBOCLORO S.A.;2021-01-01;2021-12-31;Açőes;Preferencial;Preferencial Classe A;;R$ por Unidade;25100;;;0;;0.00;0;;0.00;0;;;25100;;;0.000000
33.958.695/0001-78;2022-01-01;17;125570;UNIPAR CARBOCLORO S.A.;2021-01-01;2021-12-31;Açőes;Preferencial;Preferencial Classe B;;R$ por Unidade;0;;;5000;;49.42;0;;0.00;0;;;5000;;;0.000000
33.958.695/0001-78;2022-01-01;17;125570;UNIPAR CARBOCLORO S.A.;2020-01-01;2020-12-31;Açőes;Preferencial;Preferencial Classe B;;R$ por Unidade;2807736;;;2628200;;0.00;704574;;0.00;4731362;;;0;;;0.000000
33.958.695/0001-78;2022-01-01;17;125570;UNIPAR CARBOCLORO S.A.;2020-01-01;2020-12-31;Açőes;Preferencial;Preferencial Classe A;;R$ por Unidade;92603;;;204700;;0.00;0;;0.00;272203;;;25100;;;0.000000
33.958.695/0001-78;2022-01-01;17;125570;UNIPAR CARBOCLORO S.A.;2020-01-01;2020-12-31;Açőes;Ordinária;;;R$ por Unidade;333604;;;1910700;;0.00;0;;0.00;2244304;;;0;;;0.000000
33.958.695/0001-78;2022-01-01;17;125570;UNIPAR CARBOCLORO S.A.;2019-01-01;2019-12-31;Açőes;Preferencial;Preferencial Classe B;;R$ por Unidade;3542894;;;3078336;;31.65;0;;0.00;3813494;;;2807736;;;0.000000
33.958.695/0001-78;2022-01-01;17;125570;UNIPAR CARBOCLORO S.A.;2019-01-01;2019-12-31;Açőes;Ordinária;;;R$ por Unidade;147258;;;352004;;33.16;0;;0.00;165658;;;333604;;;0.000000
33.958.695/0001-78;2022-01-01;17;125570;UNIPAR CARBOCLORO S.A.;2019-01-01;2019-12-31;Açőes;Preferencial;Preferencial Classe A;;R$ por Unidade;6106;;;98103;;39.31;0;;0.00;11606;;;92603;;;0.000000
34.274.233/0001-02;2022-01-01;19;126115;VIBRA ENERGIA S/A;2021-01-01;2021-12-31;Açőes;Ordinária;;;R$ por Unidade;0;;;50096500;;24.44;0;;0.00;0;;;50096500;;;0.000000
36.542.025/0001-64;2022-01-01;4;126487;BRQ SOLUCOES EM INFORMATICA S.A.;2021-01-01;2021-12-31;Açőes;Ordinária;;;R$ por Unidade;210956;;;171217;;0.00;0;;0.00;0;;;382173;;;0.000000
36.542.025/0001-64;2022-01-01;4;126487;BRQ SOLUCOES EM INFORMATICA S.A.;2020-01-01;2020-12-31;Açőes;Ordinária;;;R$ por Unidade;143706;;;67250;;0.00;0;;0.00;0;;;210956;;;0.000000
36.542.025/0001-64;2022-01-01;4;126487;BRQ SOLUCOES EM INFORMATICA S.A.;2019-01-01;2019-12-31;Açőes;Ordinária;;;R$ por Unidade;767259;;;-623553;;0.00;0;;0.00;0;;;143706;;;0.000000
39.881.421/0001-04;2022-01-01;6;126155;COMPANHIA ESTADUAL DE GERAÇĂO DE ENERGIA ELÉTRICA - CEEE-G;2021-01-01;2021-12-31;Açőes;Ordinária;;;R$ por Unidade;1095;;;0;;0.00;0;;0.00;1095;;;0;;;0.012000
39.881.421/0001-04;2022-01-01;6;126155;COMPANHIA ESTADUAL DE GERAÇĂO DE ENERGIA ELÉTRICA - CEEE-G;2021-01-01;2021-12-31;Açőes;Preferencial;;;R$ por Unidade;1715;;;0;;0.00;0;;0.00;1715;;;0;;;0.000000
42.150.391/0001-70;2022-01-01;10;126369;BRASKEM S.A.;2021-01-01;2021-12-31;Açőes;Preferencial;Preferencial Classe A;;R$ por Unidade;1224878;;;0;;0.00;322712;;46.76;0;;;902166;;;0.000000
42.150.391/0001-70;2022-01-01;10;126369;BRASKEM S.A.;2020-01-01;2020-12-31;Açőes;Ordinária;;;R$ por Unidade;1226599;;;0;;0.00;1721;;24.03;0;;;1224878;;;0.000000
42.150.391/0001-70;2022-01-01;10;126369;BRASKEM S.A.;2019-01-01;2019-12-31;Açőes;Ordinária;;;R$ por Unidade;1234758;;;0;;0.00;8159;;40.53;0;;;1226599;;;0.000000
42.278.291/0001-24;2022-01-01;12;126924;LOG-IN LOGISTICA INTERMODAL S.A.;2021-01-01;2021-12-31;Açőes;Ordinária;;;R$ por Unidade;1218772;;;0;;8.35;0;;0.00;0;;;1218772;;;0.000000
42.278.291/0001-24;2022-01-01;12;126924;LOG-IN LOGISTICA INTERMODAL S.A.;2020-01-01;2020-12-31;Açőes;Ordinária;;;R$ por Unidade;1218772;;;0;;8.35;0;;0.00;0;;;1218772;;;0.000000
42.278.291/0001-24;2022-01-01;12;126924;LOG-IN LOGISTICA INTERMODAL S.A.;2019-02-01;2019-12-31;Açőes;Ordinária;;;R$ por Unidade;1218772;;;0;;8.35;0;;0.00;0;;;1218772;;;0.000000
42.278.473/0001-03;2022-01-01;6;153341;WIZ CO PARTICIPAÇŐES E CORRETAGEM DE SEGUROS S.A.;2021-01-01;2021-12-31;Açőes;Ordinária;;;R$ por Unidade;126;;;0;;1.23;0;;0.00;0;;;126;;;0.000167
42.278.473/0001-03;2022-01-01;6;153341;WIZ CO PARTICIPAÇŐES E CORRETAGEM DE SEGUROS S.A.;2020-01-01;2020-12-31;Açőes;Ordinária;;;R$ por Unidade;0;;;126;;1.23;0;;0.00;0;;;126;;;0.000162
42.278.473/0001-03;2022-01-01;6;153341;WIZ CO PARTICIPAÇŐES E CORRETAGEM DE SEGUROS S.A.;2019-01-01;2019-12-31;Açőes;Ordinária;;;R$ por Unidade;0;;;0;;0.00;0;;0.00;0;;;0;;;0.000000
42.771.949/0001-35;2022-01-01;24;126973;ALLIANÇA SAÚDE E PARTICIPAÇŐES S.A.;2021-01-01;2021-12-31;Açőes;Ordinária;;;R$ por Unidade;18961;;;1000000;;12.25;422753;;11.90;0;;;596208;;;0.000000
42.771.949/0001-35;2022-01-01;24;126973;ALLIANÇA SAÚDE E PARTICIPAÇŐES S.A.;2020-01-01;2020-12-31;Açőes;Ordinária;;;R$ por Unidade;5900;;;13061;;13.01;0;;13.01;0;;;18961;;;0.000000
42.771.949/0001-35;2022-01-01;24;126973;ALLIANÇA SAÚDE E PARTICIPAÇŐES S.A.;2019-01-01;2019-12-31;Açőes;Ordinária;;;R$ por Unidade;231227;;;244500;;17.32;469827;;17.32;0;;;5900;;;0.000000
43.470.988/0001-65;2022-01-01;9;126168;EVEN CONSTRUTORA E INCORPORADORA S.A.;2021-01-01;2021-12-31;Açőes;Ordinária;;;R$ por Unidade;4872306;;;3000000;;8.60;38039;;7.10;0;;;7834267;;;3.837578
43.470.988/0001-65;2022-01-01;9;126168;EVEN CONSTRUTORA E INCORPORADORA S.A.;2020-01-01;2020-12-31;Açőes;Ordinária;;;R$ por Unidade;7090059;;;4139300;;5.98;1357053;;1.50;5000000;;;4872306;;;2.350500
43.470.988/0001-65;2022-01-01;9;126168;EVEN CONSTRUTORA E INCORPORADORA S.A.;2019-01-01;2019-12-31;Açőes;Ordinária;;;R$ por Unidade;3124467;;;0;;0.00;-3965592;;5.19;0;;;7090059;;;3.398500
43.948.405/0001-69;2022-01-01;3;126098;LUPO S.A.;2021-01-01;2021-12-31;Açőes;Ordinária;;;R$ por Unidade;2406314;;;0;;0.00;0;;0.00;0;;;2406314;;;0.000000
43.948.405/0001-69;2022-01-01;3;126098;LUPO S.A.;2020-01-01;2020-12-31;Açőes;Ordinária;;;R$ por Unidade;2406314;;;0;;0.00;0;;0.00;0;;;2406314;;;0.000000
43.948.405/0001-69;2022-01-01;3;126098;LUPO S.A.;2019-01-01;2019-12-31;Açőes;Ordinária;;;R$ por Unidade;2406314;;;0;;0.00;0;;0.00;0;;;2406314;;;0.000000
45.242.914/0001-05;2022-01-01;4;127200;C&A MODAS S.A.;2021-12-01;2021-12-31;Açőes;Ordinária;;;R$ por Unidade;0;;;214500;;6.34;0;;0.00;0;;;214500;;;0.203596
45.453.214/0001-51;2022-01-01;7;126896;PROFARMA DISTRIB PROD FARMACEUTICOS S.A.;2021-01-01;2021-12-31;Açőes;Ordinária;;;R$ por Unidade;1202200;;;0;;0.00;0;;0.00;0;;;1202200;;;0.000000
45.453.214/0001-51;2022-01-01;7;126896;PROFARMA DISTRIB PROD FARMACEUTICOS S.A.;2020-01-01;2020-12-31;Açőes;Ordinária;;;R$ por Unidade;1202200;;;0;;0.00;0;;0.00;0;;;1202200;;;0.000000
45.453.214/0001-51;2022-01-01;7;126896;PROFARMA DISTRIB PROD FARMACEUTICOS S.A.;2019-01-01;2019-12-31;Açőes;Ordinária;;;R$ por Unidade;1202200;;;0;;0.00;0;;0.00;0;;;1202200;;;0.000000
47.508.411/0001-56;2022-01-01;19;126097;CIA BRASILEIRA DE DISTRIBUICAO;2021-01-01;2021-12-31;Açőes;Ordinária;;;R$ por Unidade;239060;;;0;;0.00;78718;;50.73;0;;;160342;;;0.000000
47.508.411/0001-56;2022-01-01;19;126097;CIA BRASILEIRA DE DISTRIBUICAO;2020-01-01;2020-12-31;Açőes;Ordinária;;;R$ por Unidade;232586;;;6474;;41.54;0;;0.00;0;;;239060;;;0.000000
47.508.411/0001-56;2022-01-01;19;126097;CIA BRASILEIRA DE DISTRIBUICAO;2019-01-01;2019-12-31;Açőes;Preferencial;Preferencial Classe A;;R$ por Unidade;232586;;;0;;0.00;0;;0.00;0;;;232586;;;0.000000
47.960.950/0001-21;2022-01-01;5;126359;MAGAZINE LUIZA S.A.;2021-01-01;2021-12-31;Açőes;Ordinária;;;R$ por Unidade;35539688;;;59419800;;17.76;11550984;;5.04;0;;;83408504;;;2.904854
47.960.950/0001-21;2022-01-01;5;126359;MAGAZINE LUIZA S.A.;2020-01-01;2020-12-31;Açőes;Ordinária;;;R$ por Unidade;16516624;;;30583100;;18.75;11560036;;0.42;0;;;35539688;;;1.331504
47.960.950/0001-21;2022-01-01;5;126359;MAGAZINE LUIZA S.A.;2019-01-01;2019-12-31;Açőes;Ordinária;;;R$ por Unidade;52072736;;;17070000;;8.36;52626112;;5.78;0;;;16516624;;;0.624009
49.669.856/0001-43;2022-01-01;14;127001;VESTE S.A. ESTILO;2021-01-01;2021-12-31;Açőes;Ordinária;;;R$ por Unidade;0;;;0;;0.00;0;;0.00;0;;;0;;;0.000000
49.669.856/0001-43;2022-01-01;14;127001;VESTE S.A. ESTILO;2020-01-01;2020-12-31;Açőes;Ordinária;;;R$ por Unidade;0;;;0;;0.00;0;;0.00;0;;;0;;;0.000000
50.746.577/0001-15;2022-01-01;10;125763;COSAN S.A.;2021-01-01;2021-12-31;Açőes;Ordinária;;;R$ por Unidade;11749038;;;5453765;;0.00;1762031;;0.00;10000000;;;5440772;;;0.000000
50.746.577/0001-15;2022-01-01;10;125763;COSAN S.A.;2020-01-01;2020-12-31;Açőes;Ordinária;;;R$ por Unidade;3355789;;;8710800;;50.80;317551;;0.00;0;;;11749038;;;0.000000
50.746.577/0001-15;2022-01-01;10;125763;COSAN S.A.;2019-01-01;2019-12-31;Açőes;Ordinária;;;R$ por Unidade;15388271;;;1908783;;57.30;246912;;47.87;13694353;;;3355789;;;0.000000
51.128.999/0001-90;2022-01-01;5;126676;NUTRIPLANT INDUSTRIA E COMERCIO S.A.;2021-01-01;2021-12-31;Açőes;Ordinária;;;R$ por Unidade;110;;;0;;0.00;0;;0.00;0;;;110;;;0.000000
51.128.999/0001-90;2022-01-01;5;126676;NUTRIPLANT INDUSTRIA E COMERCIO S.A.;2020-01-01;2020-12-31;Açőes;Ordinária;;;R$ por Unidade;110;;;0;;0.00;0;;0.00;0;;;110;;;0.000000
51.128.999/0001-90;2022-01-01;5;126676;NUTRIPLANT INDUSTRIA E COMERCIO S.A.;2019-01-01;2019-12-31;Açőes;Ordinária;;;R$ por Unidade;110;;;0;;0.00;0;;0.00;0;;;110;;;0.000000
51.466.860/0001-56;2022-03-31;9;119314;SAO MARTINHO S.A.;2020-04-01;2021-03-31;Açőes;Ordinária;;;R$ por Unidade;7267063;;;369200;;23.39;0;;0.00;0;;;7636263;;;0.110000
51.466.860/0001-56;2022-03-31;9;119314;SAO MARTINHO S.A.;2019-04-01;2020-03-31;Açőes;Ordinária;;;R$ por Unidade;13208663;;;4058400;;18.36;0;;0.00;10000000;;;7267063;;;5.080123
51.466.860/0001-56;2022-03-31;9;119314;SAO MARTINHO S.A.;2018-04-01;2019-03-31;Açőes;Ordinária;;;R$ por Unidade;13208663;;;0;;0.00;0;;0.00;0;;;13208663;;;8.984399
51.928.174/0001-50;2022-01-01;7;127070;PLASCAR PARTICIPACOES INDUSTRIAIS S.A.;2021-01-01;2021-12-31;Açőes;Ordinária;;;R$ por Unidade;0;;;0;;0.00;0;;0.00;0;;;0;;;0.000000
52.548.435/0001-79;2022-01-01;5;122240;JSL S.A.;2021-01-01;2021-12-31;Açőes;Ordinária;;;R$ por Unidade;41794;;;1999310;;22.61;337903;;7.23;0;;;1703201;;;2.371757
52.548.435/0001-79;2022-01-01;5;122240;JSL S.A.;2020-01-01;2020-12-31;Açőes;Ordinária;;;R$ por Unidade;41794;;;1999310;;22.61;337869;;7.23;0;;;1703235;;;2.690000
52.548.435/0001-79;2022-01-01;5;122240;JSL S.A.;2019-01-01;2019-12-31;Açőes;Ordinária;;;R$ por Unidade;422968;;;0;;7.22;381174;;0.00;0;;;41794;;;0.000000
53.113.791/0001-22;2022-01-01;8;125611;TOTVS S.A.;2021-01-01;2021-12-31;Açőes;Ordinária;;;R$ por Unidade;10153586;;;0;;0.00;1048710;;14.63;0;;;9104876;;;0.000000
53.113.791/0001-22;2022-01-01;8;125611;TOTVS S.A.;2020-01-01;2020-12-31;Açőes;Ordinária;;;R$ por Unidade;5856357;;;5100900;;18.57;803671;;10.86;0;;;10153586;;;0.000000
53.113.791/0001-22;2022-01-01;8;125611;TOTVS S.A.;2019-01-01;2019-12-31;Açőes;Ordinária;;;R$ por Unidade;2186091;;;0;;0.00;233972;;33.72;0;;;1952119;;;0.000000
58.119.199/0001-51;2022-01-01;8;125319;ODONTOPREV S.A.;2021-01-01;2021-12-31;Açőes;Ordinária;;;R$ por Unidade;893541;;;13729400;;12.90;115243;;0.00;0;;;14507698;;;0.000000
58.119.199/0001-51;2022-01-01;8;125319;ODONTOPREV S.A.;2020-01-01;2020-12-31;Açőes;Ordinária;;;R$ por Unidade;1309409;;;0;;13.03;415868;;0.00;0;;;893541;;;0.000000
58.119.199/0001-51;2022-01-01;8;125319;ODONTOPREV S.A.;2019-01-01;2019-12-31;Açőes;Ordinária;;;R$ por Unidade;1153040;;;2569300;;16.26;2412891;;16.26;40;;;1309409;;;0.000000
59.285.411/0001-13;2022-01-01;16;126950;BCO PAN S.A.;2021-01-01;2021-12-31;Açőes;Preferencial;Preferencial Classe A;;R$ por Unidade;0;;;4121900;;8.00;0;;0.00;0;;;4121900;;;0.000000
59.418.806/0001-47;2022-01-01;17;125407;TRACK & FIELD CO S.A.;2020-01-01;2020-12-31;Açőes;Preferencial;Preferencial Classe A;;R$ por Unidade;3675000;;;37703;;9.25;700000;;0.00;0;;;3012703;;;0.000000
59.717.553/0001-02;2022-01-01;9;127230;GRUPO MULTI S.A.;2021-01-01;2021-12-31;Açőes;Ordinária;;;R$ por Unidade;5033306;;;3964041;;3.50;1105492;;1.17;0;;;7891855;;;0.000000
59.717.553/0001-02;2022-01-01;9;127230;GRUPO MULTI S.A.;2020-01-01;2020-12-31;Açőes;Ordinária;;;R$ por Unidade;0;;;6482000;;3.50;1448694;;3.50;0;;;5033306;;;0.000000
59.981.829/0001-65;2022-01-01;4;125843;RODOBENS SA;2021-01-01;2021-12-31;Açőes;Preferencial;;;R$ por Unidade;2489004;;;0;;0.00;0;;0.00;0;;;2489004;;;0.000000
59.981.829/0001-65;2022-01-01;4;125843;RODOBENS SA;2020-01-01;2020-12-31;Açőes;Preferencial;;;R$ por Unidade;2489004;;;0;;0.00;0;;0.00;0;;;2489004;;;0.000000
59.981.829/0001-65;2022-01-01;4;125843;RODOBENS SA;2019-01-01;2019-12-31;Açőes;Preferencial;;;R$ por Unidade;2489004;;;0;;0.00;0;;0.00;0;;;2489004;;;0.000000
60.398.369/0004-79;2022-01-01;15;125627;PARANAPANEMA S.A. - EM RECUPERAÇĂO JUDICIAL;2021-01-01;2021-12-31;Açőes;Ordinária;;;R$ por Unidade;1441;;;0;;0.00;0;;0.00;0;;;1441;;;0.000000
60.398.369/0004-79;2022-01-01;15;125627;PARANAPANEMA S.A. - EM RECUPERAÇĂO JUDICIAL;2020-01-01;2020-12-31;Açőes;Ordinária;;;R$ por Unidade;1441;;;0;;0.00;0;;0.00;0;;;1441;;;0.000000
60.398.369/0004-79;2022-01-01;15;125627;PARANAPANEMA S.A. - EM RECUPERAÇĂO JUDICIAL;2019-01-01;2019-12-31;Açőes;Ordinária;;;R$ por Unidade;24509;;;0;;0.00;0;;0.00;23068;;;1441;;;0.000000
60.500.139/0001-26;2022-01-01;7;125239;SARAIVA LIVREIROS S.A. - EM RECUPERAÇĂO JUDICIAL;2019-01-01;2019-12-31;Açőes;Ordinária;;;R$ por Unidade;15700;;;0;;0.00;0;;0.00;0;;;15700;;;0.000000
60.500.139/0001-26;2022-01-01;7;125239;SARAIVA LIVREIROS S.A. - EM RECUPERAÇĂO JUDICIAL;2019-01-01;2019-12-31;Açőes;Preferencial;;;R$ por Unidade;0;;;0;;0.00;0;;0.00;0;;;0;;;0.000000
60.543.816/0001-93;2022-01-01;11;125690;IGUATEMI S.A.;2022-01-01;2022-12-31;Açőes;Ordinária;;;;0;;;16706;;0.00;0;;0.00;0;;;16706;;;
60.543.816/0001-93;2022-01-01;11;125690;IGUATEMI S.A.;2022-01-01;2022-12-31;Açőes;Preferencial;;;;0;;;1248684;;0.00;0;;0.00;0;;;1248684;;;
60.543.816/0001-93;2022-01-01;11;125690;IGUATEMI S.A.;2021-01-01;2021-12-31;Açőes;Ordinária;;;R$ por Unidade;0;;;16700;;0.00;0;;0.00;0;;;16700;;;0.007270
60.637.238/0001-54;2022-01-01;8;120779;BLUE TECH SOLUTIONS EQI S.A.;2021-01-01;2021-12-31;Título de Investimento Coletivo;;;0;R$ por Unidade;0;;;0;;0.00;0;;0.00;0;;;0;;;0.000000
60.746.948/0001-12;2022-01-01;22;127227;BCO BRADESCO S.A.;2021-01-01;2021-12-31;Açőes;Ordinária;;;R$ por Unidade;7307259;;;17493900;;0.00;0;;0.00;7307259;;;17493900;;;1.159400
60.746.948/0001-12;2022-01-01;22;127227;BCO BRADESCO S.A.;2021-01-01;2021-12-31;Açőes;Preferencial;;;R$ por Unidade;27378542;;;12051100;;0.00;0;;0.00;27378542;;;12051100;;;0.233700
60.746.948/0001-12;2022-01-01;22;127227;BCO BRADESCO S.A.;2020-01-01;2020-12-31;Açőes;Ordinária;;;R$ por Unidade;6642963;;;664295;;0.00;0;;0.00;0;;;7307258;;;0.582700
60.746.948/0001-12;2022-01-01;22;127227;BCO BRADESCO S.A.;2020-01-01;2020-12-31;Açőes;Preferencial;;;R$ por Unidade;24889583;;;2488959;;0.00;0;;0.00;0;;;27378542;;;0.641600
60.746.948/0001-12;2022-01-01;22;127227;BCO BRADESCO S.A.;2019-01-01;2019-12-31;Açőes;Preferencial;;;R$ por Unidade;20741320;;;4148263;;0.00;0;;0.00;0;;;24889583;;;0.642500
60.746.948/0001-12;2022-01-01;22;127227;BCO BRADESCO S.A.;2019-01-01;2019-12-31;Açőes;Ordinária;;;R$ por Unidade;5535803;;;1107160;;0.00;0;;0.00;0;;;6642963;;;0.583000
60.770.336/0001-65;2022-01-01;7;125452;BCO ALFA DE INVESTIMENTO S.A.;2019-01-01;2019-12-31;Açőes;Ordinária;;;R$ por Unidade;0;;;68300;;6.03;0;;0.00;0;;;68300;;;0.000000
60.840.055/0001-31;2022-01-01;12;126644;FLEURY S.A.;2021-01-01;2021-12-31;Açőes;Ordinária;;;R$ por Unidade;100000;;;975000;;25.47;99767;;0.00;0;;;975233;;;0.000000
60.894.730/0001-05;2022-01-01;15;126081;USINAS SID DE MINAS GERAIS S.A.-USIMINAS;2021-01-01;2021-12-31;Açőes;Ordinária;;;R$ por Unidade;2526656;;;0;;27.36;0;;0.00;0;;;2526656;;;0.000000
60.894.730/0001-05;2022-01-01;15;126081;USINAS SID DE MINAS GERAIS S.A.-USIMINAS;2021-01-01;2021-12-31;Açőes;Preferencial;Preferencial Classe A;;R$ por Unidade;20019445;;;0;;1.50;409653;;1.50;0;;;19609792;;;0.000000
60.894.730/0001-05;2022-01-01;15;126081;USINAS SID DE MINAS GERAIS S.A.-USIMINAS;2020-01-01;2020-12-31;Açőes;Ordinária;;;R$ por Unidade;2526656;;;0;;27.36;0;;0.00;0;;;2526656;;;0.000000
60.894.730/0001-05;2022-01-01;15;126081;USINAS SID DE MINAS GERAIS S.A.-USIMINAS;2020-01-01;2020-12-31;Açőes;Preferencial;Preferencial Classe A;;R$ por Unidade;20962367;;;0;;1.50;942922;;1.50;0;;;20019445;;;0.000000
60.894.730/0001-05;2022-01-01;15;126081;USINAS SID DE MINAS GERAIS S.A.-USIMINAS;2019-01-01;2019-12-31;Açőes;Ordinária;;;R$ por Unidade;2526656;;;0;;0.00;0;;0.00;0;;;2526656;;;0.000000
60.894.730/0001-05;2022-01-01;15;126081;USINAS SID DE MINAS GERAIS S.A.-USIMINAS;2019-01-01;2019-12-31;Açőes;Preferencial;Preferencial Classe A;;R$ por Unidade;21250817;;;0;;0.00;288450;;1.50;0;;;20962367;;;0.000000
61.065.751/0001-80;2022-01-01;9;125757;ROSSI RESIDENCIAL S.A. - EM RECUPERAÇĂO JUDICIAL;2021-01-01;2021-12-31;Açőes;Ordinária;;;R$ por Unidade;245081;;;0;;0.00;0;;0.00;0;;;245081;;;0.000000
61.065.751/0001-80;2022-01-01;9;125757;ROSSI RESIDENCIAL S.A. - EM RECUPERAÇĂO JUDICIAL;2020-01-01;2020-12-31;Açőes;Ordinária;;;R$ por Unidade;245081;;;0;;0.00;0;;0.00;0;;;245081;;;0.000000
61.065.751/0001-80;2022-01-01;9;125757;ROSSI RESIDENCIAL S.A. - EM RECUPERAÇĂO JUDICIAL;2019-01-01;2019-12-31;Açőes;Ordinária;;;R$ por Unidade;334424;;;0;;0.00;89343;;4.92;0;;;245081;;;0.697522
61.079.117/0001-05;2022-01-01;16;127160;ALPARGATAS S.A.;2021-01-01;2021-12-31;Açőes;Preferencial;;;R$ por Unidade;9124198;;;0;;0.00;144036;;40.32;0;;;8980162;;;0.000000
61.079.117/0001-05;2022-01-01;16;127160;ALPARGATAS S.A.;2021-01-01;2021-12-31;Açőes;Ordinária;;;R$ por Unidade;32;;;0;;0.00;0;;0.00;0;;;32;;;0.000000
61.079.117/0001-05;2022-01-01;16;127160;ALPARGATAS S.A.;2020-01-01;2020-12-31;Açőes;Preferencial;;;R$ por Unidade;9245471;;;0;;0.00;121273;;34.71;0;;;9124198;;;0.000000
61.079.117/0001-05;2022-01-01;16;127160;ALPARGATAS S.A.;2020-01-01;2020-12-31;Açőes;Ordinária;;;R$ por Unidade;32;;;0;;0.00;0;;0.00;0;;;32;;;0.000000
61.079.117/0001-05;2022-01-01;16;127160;ALPARGATAS S.A.;2019-01-01;2019-12-31;Açőes;Ordinária;;;R$ por Unidade;26;;;6;;7.24;0;;0.00;0;;;32;;;0.000000
61.079.117/0001-05;2022-01-01;16;127160;ALPARGATAS S.A.;2019-01-01;2019-12-31;Açőes;Preferencial;;;R$ por Unidade;7396377;;;1849094;;7.24;0;;0.00;0;;;9245471;;;0.000000
61.156.113/0001-75;2022-01-01;9;125752;IOCHPE MAXION S.A.;2021-01-01;2021-12-31;Açőes;Ordinária;;;R$ por Unidade;1349827;;;0;;0.00;0;;0.00;0;;;1349827;;;0.000000
61.156.113/0001-75;2022-01-01;9;125752;IOCHPE MAXION S.A.;2020-01-01;2020-12-31;Açőes;Ordinária;;;R$ por Unidade;1351011;;;0;;0.00;1184;;21.51;0;;;1349827;;;0.000000
61.156.113/0001-75;2022-01-01;9;125752;IOCHPE MAXION S.A.;2019-01-01;2019-12-31;Açőes;Ordinária;;;R$ por Unidade;1223089;;;132000;;22.63;4078;;21.89;0;;;1351011;;;0.000000
61.156.931/0001-78;2022-01-01;2;124997;ALIPERTI S.A.;2021-01-01;2021-12-31;Açőes;Preferencial;;;R$ por Unidade;380;;;0;;0.00;0;;0.00;0;;;380;;;0.000000
61.156.931/0001-78;2022-01-01;2;124997;ALIPERTI S.A.;2020-01-01;2020-12-31;Açőes;Preferencial;;;R$ por Unidade;380;;;0;;0.00;0;;0.00;0;;;380;;;0.000000
61.156.931/0001-78;2022-01-01;2;124997;ALIPERTI S.A.;2019-01-01;2019-12-31;Açőes;Preferencial;;;R$ por Unidade;380;;;0;;0.00;0;;0.00;0;;;380;;;0.000000
61.186.680/0001-74;2022-01-01;17;125746;BANCO BMG S/A;2021-01-01;2021-12-31;Açőes;Preferencial;;;R$ por Unidade;3592500;;;6808500;;4.60;1958698;;3.82;8242120;;;200182;;;0.193191
61.189.288/0001-89;2022-01-01;16;126134;MARISA LOJAS S.A.;2021-01-01;2021-12-31;Açőes;Ordinária;;;R$ por Unidade;169267;;;0;;0.00;0;;0.00;0;;;169267;;;0.000000
61.189.288/0001-89;2022-01-01;16;126134;MARISA LOJAS S.A.;2020-01-01;2020-12-31;Açőes;Ordinária;;;R$ por Unidade;169267;;;0;;0.00;0;;0.00;0;;;169267;;;0.000000
61.189.288/0001-89;2022-01-01;16;126134;MARISA LOJAS S.A.;2019-01-01;2019-12-31;Açőes;Ordinária;;;R$ por Unidade;194053;;;0;;0.00;24786;;0.00;0;;;169267;;;0.000000
61.486.650/0001-83;2022-01-01;17;124188;DIAGNOSTICOS DA AMERICA S.A.;2021-01-01;2021-12-31;Açőes;Ordinária;;;R$ por Unidade;91666;;;0;;0.00;0;;0.00;0;;;91666;;;0.000000
61.486.650/0001-83;2022-01-01;17;124188;DIAGNOSTICOS DA AMERICA S.A.;2020-01-01;2020-12-31;Açőes;Ordinária;;;R$ por Unidade;109199;;;1;;10.36;17534;;65.00;0;;;91666;;;0.000000
61.486.650/0001-83;2022-01-01;17;124188;DIAGNOSTICOS DA AMERICA S.A.;2019-01-01;2019-12-31;Açőes;Ordinária;;;R$ por Unidade;109199;;;0;;0.00;0;;0.00;0;;;109199;;;0.000000
61.532.644/0001-15;2022-01-01;7;127166;ITAÚSA S.A.;2021-01-01;2021-12-31;Açőes;Preferencial;;;R$ por Unidade;8400000;;;0;;11.59;0;;0.00;0;;;8400000;;;0.000000
61.532.644/0001-15;2022-01-01;7;127166;ITAÚSA S.A.;2021-01-01;2021-12-31;Açőes;Ordinária;;;R$ por Unidade;0;;;0;;0.00;0;;0.00;0;;;0;;;0.000000
61.532.644/0001-15;2022-01-01;7;127166;ITAÚSA S.A.;2020-01-01;2020-12-31;Açőes;Preferencial;;;R$ por Unidade;0;;;0;;0.00;0;;0.00;0;;;0;;;0.000000
61.532.644/0001-15;2022-01-01;7;127166;ITAÚSA S.A.;2020-01-01;2020-12-31;Açőes;Ordinária;;;R$ por Unidade;0;;;0;;0.00;0;;0.00;0;;;0;;;0.000000
61.532.644/0001-15;2022-01-01;7;127166;ITAÚSA S.A.;2019-01-01;2019-12-31;Açőes;Ordinária;;;R$ por Unidade;0;;;1873;;6.56;0;;0.00;1873;;;0;;;0.000000
61.532.644/0001-15;2022-01-01;7;127166;ITAÚSA S.A.;2019-01-01;2019-12-31;Açőes;Preferencial;;;R$ por Unidade;0;;;0;;0.00;0;;0.00;0;;;0;;;0.000000
61.585.865/0001-51;2022-01-01;8;126603;RAIA DROGASIL S.A.;2021-01-01;2021-12-31;Açőes;Ordinária;;;R$ por Unidade;2479480;;;3000000;;24.41;709125;;10.60;0;;;4770355;;;-0.402709
61.585.865/0001-51;2022-01-01;8;126603;RAIA DROGASIL S.A.;2020-01-01;2020-12-31;Açőes;Ordinária;;;R$ por Unidade;3647170;;;0;;0.00;1167690;;10.43;0;;;2479480;;;-0.231199
61.585.865/0001-51;2022-01-01;8;126603;RAIA DROGASIL S.A.;2019-01-01;2019-12-31;Açőes;Ordinária;;;R$ por Unidade;1046572;;;0;;0.00;317138;;52.99;0;;;729434;;;-0.340799
62.144.175/0001-20;2022-01-01;24;126017;BCO PINE S.A;2021-01-01;2021-12-31;Açőes;Preferencial;;;R$ por Unidade;0;;;0;;0.00;0;;0.00;0;;;0;;;0.000000
62.144.175/0001-20;2022-01-01;24;126017;BCO PINE S.A;2020-01-01;2020-12-31;Açőes;Preferencial;;;R$ por Unidade;0;;;0;;0.00;0;;0.00;0;;;0;;;0.000000
62.144.175/0001-20;2022-01-01;24;126017;BCO PINE S.A;2019-01-01;2019-12-31;Açőes;Preferencial;;;R$ por Unidade;3740;;;0;;0.00;3111;;2.30;629;;;0;;;0.000000
64.904.295/0001-03;2022-02-28;8;118353;CAMIL ALIMENTOS S.A.;2019-03-01;2020-02-29;Açőes;Ordinária;;;R$ por Unidade;5821571;;;34230030;;6.33;0;;0.00;40051601;;;0;;;3.200000
67.010.660/0001-24;2022-01-01;7;126947;RNI NEGÓCIOS IMOBILIÁRIOS S.A.;2020-01-01;2020-12-31;Açőes;Ordinária;;;R$ por Unidade;1566757;;;0;;0.00;0;;0.00;0;;;1566757;;;0.000000
67.010.660/0001-24;2022-01-01;7;126947;RNI NEGÓCIOS IMOBILIÁRIOS S.A.;2019-01-01;2019-12-31;Açőes;Ordinária;;;R$ por Unidade;1580963;;;0;;0.00;14206;;0.00;0;;;1566757;;;0.000000
67.620.377/0001-14;2022-01-01;15;126969;MINERVA S.A.;2020-01-01;2020-12-31;Açőes;Ordinária;;;R$ por Unidade;3150000;;;19903200;;10.55;0;;0.00;0;;;23053200;;;0.000000
67.620.377/0001-14;2022-01-01;15;126969;MINERVA S.A.;2019-01-01;2019-12-31;Açőes;Ordinária;;;R$ por Unidade;3550000;;;0;;0.00;400000;;5.60;0;;;3150000;;;0.000000
71.476.527/0001-35;2022-01-01;20;126239;CONSTRUTORA TENDA S.A.;2021-01-01;2021-12-31;Açőes;Ordinária;;;R$ por Unidade;5992290;;;3460600;;27.60;1366172;;0.00;0;;;8086718;;;0.000000
71.476.527/0001-35;2022-01-01;20;126239;CONSTRUTORA TENDA S.A.;2020-01-01;2020-12-31;Açőes;Ordinária;;;R$ por Unidade;7008916;;;176978;;29.50;1193604;;0.00;0;;;5992290;;;0.000000
71.476.527/0001-35;2022-01-01;20;126239;CONSTRUTORA TENDA S.A.;2019-01-01;2019-12-31;Açőes;Ordinária;;;R$ por Unidade;3663950;;;6406404;;29.97;3118616;;0.00;0;;;6951738;;;0.000000
73.178.600/0001-18;2022-01-01;11;125767;CYRELA BRAZIL REALTY S.A.EMPREEND E PART;2021-01-01;2021-12-31;Açőes;Ordinária;;;R$ por Unidade;15238895;;;0;;0.00;0;;0.00;0;;;15238895;;;0.000000
73.178.600/0001-18;2022-01-01;11;125767;CYRELA BRAZIL REALTY S.A.EMPREEND E PART;2020-01-01;2020-12-31;Açőes;Ordinária;;;R$ por Unidade;15316495;;;0;;0.00;77600;;0.01;0;;;15238895;;;0.000000
73.178.600/0001-18;2022-01-01;11;125767;CYRELA BRAZIL REALTY S.A.EMPREEND E PART;2019-01-01;2019-12-31;Açőes;Ordinária;;;R$ por Unidade;15383401;;;0;;0.00;66906;;0.01;0;;;15316495;;;0.000000
76.535.764/0001-43;2022-01-01;9;124658;OI S.A. - EM RECUPERAÇĂO JUDICIAL;2021-01-01;2021-12-31;Açőes;Preferencial;;;R$ por Unidade;1811755;;;0;;0.00;0;;0.00;0;;;1811755;;;0.000000
76.535.764/0001-43;2022-01-01;9;124658;OI S.A. - EM RECUPERAÇĂO JUDICIAL;2021-01-01;2021-12-31;Açőes;Ordinária;;;R$ por Unidade;30595;;;644019090;;0.00;0;;0.00;0;;;644049685;;;0.000000
76.535.764/0001-43;2022-01-01;9;124658;OI S.A. - EM RECUPERAÇĂO JUDICIAL;2020-01-01;2020-12-31;Açőes;Preferencial;;;R$ por Unidade;1811755;;;0;;17.08;0;;0.00;0;;;1811755;;;0.000000
76.535.764/0001-43;2022-01-01;9;124658;OI S.A. - EM RECUPERAÇĂO JUDICIAL;2020-01-01;2020-12-31;Açőes;Ordinária;;;R$ por Unidade;30595;;;0;;77.46;0;;0.00;0;;;30595;;;0.000000
76.535.764/0001-43;2022-01-01;9;124658;OI S.A. - EM RECUPERAÇĂO JUDICIAL;2019-01-01;2019-12-31;Açőes;Preferencial;;;R$ por Unidade;1811755;;;1800000;;1.43;1800000;;17.08;0;;;1811755;;;0.000000
76.535.764/0001-43;2022-01-01;9;124658;OI S.A. - EM RECUPERAÇĂO JUDICIAL;2019-01-01;2019-12-31;Açőes;Ordinária;;;R$ por Unidade;32030595;;;0;;0.00;32000000;;77.46;0;;;30595;;;0.000000
80.680.093/0001-81;2022-01-01;6;125542;SENIOR SISTEMAS S.A.;2021-01-01;2021-12-31;Açőes;Ordinária;;;R$ por Unidade;6639;;;25894;;152.59;4571;;764.72;0;;;27962;;;0.000000
80.680.093/0001-81;2022-01-01;6;125542;SENIOR SISTEMAS S.A.;2020-01-01;2020-12-31;Açőes;Ordinária;;;R$ por Unidade;5301;;;1338;;1000.00;0;;0.00;0;;;6639;;;0.000000
80.680.093/0001-81;2022-01-01;6;125542;SENIOR SISTEMAS S.A.;2019-01-01;2019-12-31;Açőes;Ordinária;;;R$ por Unidade;0;;;5301;;666.81;0;;0.00;0;;;5301;;;0.000000
81.243.735/0001-48;2022-01-01;9;127114;POSITIVO TECNOLOGIA S.A.;2021-01-01;2021-12-31;Açőes;Ordinária;;;R$ por Unidade;1402408;;;1308800;;11.17;70000;;4.88;0;;;2641208;;;0.000000
81.243.735/0001-48;2022-01-01;9;127114;POSITIVO TECNOLOGIA S.A.;2020-01-01;2020-12-31;Açőes;Ordinária;;;R$ por Unidade;1193208;;;312000;;6.09;102800;;3.83;0;;;1402408;;;0.000000
81.243.735/0001-48;2022-01-01;9;127114;POSITIVO TECNOLOGIA S.A.;2019-01-01;2019-12-31;Açőes;Ordinária;;;R$ por Unidade;1835408;;;0;;0.00;642200;;2.21;0;;;1193208;;;0.000000
82.901.000/0001-27;2022-01-01;5;127284;INTELBRAS S.A. IND. DE TELECOMUNICAÇĂO ELETRÔNICA BRASILEIRA;2021-01-01;2021-12-31;Açőes;Ordinária;;;R$ por Unidade;0;;;0;;0.00;0;;0.00;0;;;0;;;0.000000
82.901.000/0001-27;2022-01-01;5;127284;INTELBRAS S.A. IND. DE TELECOMUNICAÇĂO ELETRÔNICA BRASILEIRA;2020-01-01;2020-12-31;Açőes;Ordinária;;;R$ por Unidade;0;;;0;;0.00;0;;0.00;0;;;0;;;0.000000
82.901.000/0001-27;2022-01-01;5;127284;INTELBRAS S.A. IND. DE TELECOMUNICAÇĂO ELETRÔNICA BRASILEIRA;2019-01-01;2019-12-31;Açőes;Ordinária;;;R$ por Unidade;5605209;;;0;;0.00;0;;0.00;5605209;;;0;;;0.000000
84.429.695/0001-11;2022-01-01;5;123176;WEG S.A.;2021-01-01;2021-12-31;Açőes;Ordinária;;;R$ por Unidade;918948;;;918948;;0.00;531548;;8.58;0;;;1306348;;;0.000000
84.429.695/0001-11;2022-01-01;5;123176;WEG S.A.;2020-01-01;2020-12-31;Açőes;Ordinária;;;R$ por Unidade;1118168;;;250000;;47.05;449220;;16.48;0;;;918948;;;0.000000
84.429.695/0001-11;2022-01-01;5;123176;WEG S.A.;2019-01-01;2019-12-31;Açőes;Ordinária;;;R$ por Unidade;1494283;;;0;;0.00;376115;;10.21;0;;;1118168;;;0.000000
84.683.374/0001-49;2022-01-01;9;125809;TUPY S.A.;2021-01-01;2021-12-31;Açőes;Ordinária;;;R$ por Unidade;0;;;300;;17.71;0;;0.00;0;;;300;;;0.000443
84.683.374/0001-49;2022-01-01;9;125809;TUPY S.A.;2020-01-01;2020-12-31;Açőes;Ordinária;;;R$ por Unidade;0;;;150406;;21.06;125750;;21.06;0;;;24656;;;0.222748
84.683.374/0001-49;2022-01-01;9;125809;TUPY S.A.;2019-01-01;2019-12-31;Açőes;Ordinária;;;R$ por Unidade;13527;;;0;;0.00;13527;;20.12;0;;;0;;;0.000000
84.693.183/0001-68;2022-01-01;3;124814;SCHULZ S.A.;2021-01-01;2021-12-31;Açőes;Preferencial;Preferencial Classe U;;R$ por Unidade;161822;;;33000;;8.41;0;;0.00;0;;;194822;;;0.190366
86.375.425/0001-09;2022-01-01;5;143698;METISA METALURGICA TIMBOENSE S.A.;2021-01-01;2021-12-31;Açőes;Ordinária;;;R$ por Unidade;0;;;0;;0.00;0;;0.00;0;;;0;;;0.000000
86.375.425/0001-09;2022-01-01;5;143698;METISA METALURGICA TIMBOENSE S.A.;2021-01-01;2021-12-31;Açőes;Preferencial;;;R$ por Unidade;314833;;;32700;;31.14;0;;0.00;0;;;347533;;;31.200000
86.375.425/0001-09;2022-01-01;5;143698;METISA METALURGICA TIMBOENSE S.A.;2020-01-01;2020-12-31;Açőes;Ordinária;;;R$ por Unidade;0;;;0;;0.00;0;;0.00;0;;;0;;;0.000000
86.375.425/0001-09;2022-01-01;5;143698;METISA METALURGICA TIMBOENSE S.A.;2020-01-01;2020-12-31;Açőes;Preferencial;;;R$ por Unidade;151500;;;163333;;25.00;0;;0.00;0;;;314833;;;0.000000
86.375.425/0001-09;2022-01-01;5;143698;METISA METALURGICA TIMBOENSE S.A.;2019-01-01;2019-12-31;Açőes;Ordinária;;;R$ por Unidade;0;;;0;;0.00;0;;0.00;0;;;0;;;0.000000
86.375.425/0001-09;2022-01-01;5;143698;METISA METALURGICA TIMBOENSE S.A.;2019-01-01;2019-12-31;Açőes;Preferencial;;;R$ por Unidade;132400;;;19100;;17.51;0;;0.00;0;;;151500;;;0.000000
87.870.952/0001-44;2022-01-01;7;121146;BORRACHAS VIPAL S.A.;2022-01-01;2022-12-31;Açőes;Ordinária;;;;331684;;;0;;0.00;0;;0.00;98520;;;233164;;;
87.870.952/0001-44;2022-01-01;7;121146;BORRACHAS VIPAL S.A.;2021-01-01;2021-12-31;Açőes;Ordinária;;;R$ por Unidade;0;;;0;;0.00;0;;0.00;0;;;0;;;0.000000
87.870.952/0001-44;2022-01-01;7;121146;BORRACHAS VIPAL S.A.;2020-01-01;2020-12-31;Açőes;Ordinária;;;R$ por Unidade;0;;;0;;0.00;0;;0.00;0;;;0;;;0.000000
87.870.952/0001-44;2022-01-01;7;121146;BORRACHAS VIPAL S.A.;2019-01-01;2019-12-31;Açőes;Ordinária;;;R$ por Unidade;0;;;0;;0.00;0;;0.00;0;;;0;;;0.000000
88.610.126/0001-29;2022-01-01;13;125562;FRASLE MOBILITY S.A.;2021-01-01;2021-12-31;Açőes;Ordinária;;;R$ por Unidade;3000000;;;0;;4.45;0;;0.00;0;;;3000000;;;2.920000
88.610.126/0001-29;2022-01-01;13;125562;FRASLE MOBILITY S.A.;2020-01-01;2020-12-31;Açőes;Ordinária;;;R$ por Unidade;3000000;;;0;;4.45;0;;0.00;0;;;3000000;;;2.920000
88.610.126/0001-29;2022-01-01;13;125562;FRASLE MOBILITY S.A.;2019-01-01;2019-12-31;Açőes;Ordinária;;;R$ por Unidade;3000000;;;0;;4.45;0;;0.00;0;;;3000000;;;2.920000
88.611.835/0001-29;2022-01-01;6;127188;MARCOPOLO S.A.;2021-01-01;2021-12-31;Açőes;Preferencial;;;R$ por Unidade;7527291;;;0;;0.00;469478;;3.96;0;;;7057813;;;0.000000
88.611.835/0001-29;2022-01-01;6;127188;MARCOPOLO S.A.;2020-01-01;2020-12-31;Açőes;Preferencial;;;R$ por Unidade;7951506;;;0;;0.00;424215;;3.96;0;;;7527291;;;0.000000
88.611.835/0001-29;2022-01-01;6;127188;MARCOPOLO S.A.;2019-01-01;2019-12-31;Açőes;Preferencial;;;R$ por Unidade;3977285;;;4979515;;4.24;1005294;;4.64;0;;;7951506;;;0.000000
89.086.144/0001-16;2022-01-01;9;127248;RANDONCORP S.A.;2021-01-01;2021-12-31;Açőes;Preferencial;;;R$ por Unidade;16445276;;;0;;0.00;0;;0.00;16445276;;;0;;;0.000000
89.086.144/0001-16;2022-01-01;9;127248;RANDONCORP S.A.;2020-01-01;2020-12-31;Açőes;Preferencial;;;R$ por Unidade;3445276;;;13000000;;10.27;0;;0.00;0;;;16445276;;;0.000000
89.086.144/0001-16;2022-01-01;9;127248;RANDONCORP S.A.;2019-01-01;2019-12-31;Açőes;Preferencial;;;R$ por Unidade;3445276;;;0;;0.00;0;;0.00;0;;;3445276;;;0.000000
89.096.457/0001-55;2022-01-01;15;126799;SLC AGRICOLA S.A.;2021-01-01;2021-12-31;Açőes;Ordinária;;;R$ por Unidade;3010430;;;1730425;;0.00;535745;;0.00;0;;;4205110;;;0.000000
89.096.457/0001-55;2022-01-01;15;126799;SLC AGRICOLA S.A.;2020-01-01;2020-12-31;Açőes;Ordinária;;;R$ por Unidade;3590152;;;0;;0.00;579722;;10.40;0;;;3010430;;;0.000000
89.096.457/0001-55;2022-01-01;15;126799;SLC AGRICOLA S.A.;2019-01-01;2019-12-31;Açőes;Ordinária;;;R$ por Unidade;2434670;;;2000002;;42.64;844520;;8.91;0;;;3590152;;;0.000000
89.637.490/0001-45;2022-01-01;10;125778;KLABIN S.A.;2021-01-01;2021-12-31;Açőes;Ordinária;;;R$ por Unidade;26528183;;;13045;;5.96;1400830;;5.96;0;;;25140398;;;0.000000
89.637.490/0001-45;2022-01-01;10;125778;KLABIN S.A.;2021-01-01;2021-12-31;Açőes;Preferencial;;;R$ por Unidade;106112732;;;52180;;5.08;5603320;;5.08;0;;;100561592;;;0.000000
89.637.490/0001-45;2022-01-01;10;125778;KLABIN S.A.;2020-01-01;2020-12-31;Açőes;Preferencial;;;R$ por Unidade;111699780;;;35104;;4.26;5622152;;4.26;0;;;106112732;;;0.000000
89.637.490/0001-45;2022-01-01;10;125778;KLABIN S.A.;2020-01-01;2020-12-31;Açőes;Ordinária;;;R$ por Unidade;27924945;;;8776;;4.42;1405538;;4.42;0;;;26528183;;;0.000000
89.637.490/0001-45;2022-01-01;10;125778;KLABIN S.A.;2019-01-01;2019-12-31;Açőes;Ordinária;;;R$ por Unidade;29318686;;;7811;;4.42;1401552;;4.42;0;;;27924945;;;0.000000
89.637.490/0001-45;2022-01-01;10;125778;KLABIN S.A.;2019-01-01;2019-12-31;Açőes;Preferencial;;;R$ por Unidade;117274744;;;31244;;4.26;5606208;;4.26;0;;;111699780;;;0.000000
89.850.341/0001-60;2022-01-01;13;125802;GRENDENE S.A.;2021-01-01;2021-12-31;Açőes;Ordinária;;;R$ por Unidade;657490;;;205522;;8.92;657490;;7.52;0;;;205522;;;0.022781
89.850.341/0001-60;2022-01-01;13;125802;GRENDENE S.A.;2020-01-01;2020-12-31;Açőes;Ordinária;;;R$ por Unidade;370000;;;1605103;;10.02;1317613;;11.43;0;;;657490;;;0.072880
89.850.341/0001-60;2022-01-01;13;125802;GRENDENE S.A.;2019-01-01;2019-12-31;Açőes;Ordinária;;;R$ por Unidade;1905000;;;370000;;10.62;1905000;;8.17;0;;;370000;;;0.136250
90.400.888/0001-42;2022-01-01;12;127163;BCO SANTANDER (BRASIL) S.A.;2021-01-01;2021-12-31;Certificados de Depósito de Valores Mobiliários;;;Units;R$ por Unidade;18828962;;;6835;;0.00;3014677;;0.00;0;;;15821120;;;0.000000
90.400.888/0001-42;2022-01-01;12;127163;BCO SANTANDER (BRASIL) S.A.;2020-01-01;2020-12-31;Certificados de Depósito de Valores Mobiliários;;;Units;R$ por Unidade;16701787;;;5052700;;0.00;2925525;;0.00;0;;;18828962;;;0.000000
90.400.888/0001-42;2022-01-01;12;127163;BCO SANTANDER (BRASIL) S.A.;2019-01-01;2019-12-31;Certificados de Depósito de Valores Mobiliários;;;Units;R$ por Unidade;13316502;;;6465700;;0.00;3080415;;0.00;0;;;16701787;;;0.000000
91.983.056/0001-69;2022-01-01;15;125070;KEPLER WEBER S.A.;2021-01-01;2021-12-31;Açőes;Ordinária;;;R$ por Unidade;14571;;;447600;;35.21;0;;35.21;397600;;;64571;;;0.000000
91.983.056/0001-69;2022-01-01;15;125070;KEPLER WEBER S.A.;2020-01-01;2020-12-31;Açőes;Ordinária;;;R$ por Unidade;41;;;0;;0.01;0;;0.01;0;;;41;;;0.000000
91.983.056/0001-69;2022-01-01;15;125070;KEPLER WEBER S.A.;2019-01-01;2019-12-30;Açőes;Ordinária;;;R$ por Unidade;41;;;0;;0.01;0;;0.01;0;;;41;;;0.000000
92.665.611/0001-77;2022-01-01;2;123241;DIMED S.A. DISTRIBUIDORA DE MEDICAMENTOS;2021-01-01;2021-12-31;Açőes;Ordinária;;;R$ por Unidade;691644;;;1157513;;0.00;0;;0.00;0;;;1849157;;;0.000000
92.665.611/0001-77;2022-01-01;2;123241;DIMED S.A. DISTRIBUIDORA DE MEDICAMENTOS;2020-01-01;2020-12-31;Açőes;Ordinária;;;R$ por Unidade;789000;;;704400;;21.95;119156;;24.49;0;;;1374244;;;0.000000
92.665.611/0001-77;2022-01-01;2;123241;DIMED S.A. DISTRIBUIDORA DE MEDICAMENTOS;2019-01-01;2019-12-31;Açőes;Preferencial;;;R$ por Unidade;0;;;0;;0.00;0;;0.00;0;;;0;;;0.000000
92.665.611/0001-77;2022-01-01;2;123241;DIMED S.A. DISTRIBUIDORA DE MEDICAMENTOS;2019-01-01;2019-12-31;Açőes;Ordinária;;;R$ por Unidade;789000;;;0;;0.00;0;;0.00;789000;;;0;;;0.000000
92.690.783/0001-09;2022-01-01;20;127005;METALURGICA GERDAU S.A.;2021-01-01;2021-12-31;Açőes;Preferencial;Preferencial Classe A;;R$ por Unidade;6258200;;;0;;11.16;0;;0.00;0;;;6258200;;;0.000000
92.690.783/0001-09;2022-01-01;20;127005;METALURGICA GERDAU S.A.;2020-01-01;2020-12-31;Açőes;Preferencial;Preferencial Classe A;;R$ por Unidade;6258200;;;0;;11.16;0;;0.00;0;;;6258200;;;0.000000
92.754.738/0001-62;2022-01-01;11;126261;LOJAS RENNER S.A.;2021-01-01;2021-12-31;Açőes;Ordinária;;;R$ por Unidade;3158685;;;287202;;34.38;286660;;37.82;0;;;3159227;;;0.000000
92.754.738/0001-62;2022-01-01;11;126261;LOJAS RENNER S.A.;2020-01-01;2020-12-31;Açőes;Ordinária;;;R$ por Unidade;1831115;;;2000000;;48.48;672430;;19.41;0;;;3158685;;;0.000000
92.754.738/0001-62;2022-01-01;11;126261;LOJAS RENNER S.A.;2019-01-01;2019-12-31;Açőes;Ordinária;;;R$ por Unidade;2085400;;;166465;;0.00;420750;;21.36;0;;;1831115;;;0.000000
92.791.243/0001-03;2022-01-01;9;126910;IRANI PAPEL E EMBALAGEM S.A.;2021-01-01;2021-12-31;Açőes;Ordinária;;;R$ por Unidade;2376116;;;2790000;;6.65;0;;0.00;0;;;5166116;;;2.010000
97.837.181/0001-47;2022-01-01;9;126783;DEXCO S.A.;2021-01-01;2021-12-31;Açőes;Ordinária;;;R$ por Unidade;1223698;;;5589945;;18.94;324238;;17.71;0;;;6489405;;;0.000000
97.837.181/0001-47;2022-01-01;9;126783;DEXCO S.A.;2020-01-01;2020-12-31;Açőes;Ordinária;;;R$ por Unidade;2051716;;;0;;0.00;828018;;10.54;0;;;1223698;;;0.000000
97.837.181/0001-47;2022-01-01;9;126783;DEXCO S.A.;2019-01-01;2019-12-31;Açőes;Ordinária;;;R$ por Unidade;2316745;;;220;;6.84;265249;;7.95;0;;;2051716;;;0.000000
