CNPJ_Companhia;Data_Referencia;Versao;ID_Documento;Nome_Companhia;Valor_Mobiliario;Quantidade_Pessoa_Fisica;Quantidade_Pessoa_Juridica;Quantidade_Investidor
00.001.180/0001-26;2022-01-01;28;127025;CENTRAIS ELET BRAS S.A. - ELETROBRAS;Debêntures;9800;93;762
00.192.769/0001-59;2022-01-01;1;116220;NEUMARKT TRADE AND FINANCIAL CENTER S/A;Debêntures;0;1;0
00.194.724/0001-13;2022-01-01;3;126044;AUREN OPERAÇÕES S.A.;Debêntures;4306;0;728
00.242.184/0001-04;2022-01-01;7;126992;ARMAC LOCAÇÃO, LOGÍSTICA E SERVIÇOS S.A.;Debêntures;0;0;224
00.383.281/0001-09;2022-01-01;13;125986;BNDES PARTICIPACOES S.A. - BNDESPAR;Debêntures;0;0;0
00.389.481/0001-79;2022-01-01;2;118400;LM TRANSPORTES INTERESTADUAIS SERVIÇOS E COMÉRCIO S.A.;Debêntures;0;0;94
00.545.378/0001-70;2022-01-01;6;135072;SERRA AZUL WATER PARK SA;Debêntures Conversíveis;0;0;0
00.622.416/0001-41;2022-01-01;10;123211;STATKRAFT ENERGIAS RENOVAVEIS S.A.;Debêntures;0;1;0
00.776.574/0001-56;2022-01-01;16;127140;AMERICANAS S.A. - EM RECUPERAÇÃO JUDICIAL;Debêntures;2510;602;411
00.864.214/0001-06;2022-01-01;20;127076;ENERGISA S.A.;Debêntures;11258;334;320
00.864.214/0001-06;2022-01-01;20;127076;ENERGISA S.A.;Nota Comercial;0;0;11
00.897.864/0001-58;2022-01-01;1;113493;SANTA CATARINA PART INVEST SA;Debêntures;1;31;0
00.938.574/0001-05;2022-01-01;7;126918;CONC RIO-TERESOPOLIS S.A.;Debêntures;0;5;0
00.974.211/0001-25;2022-01-01;1;116172;LINHA AMARELA S.A. - LAMSA;Debêntures;0;1;0
01.027.058/0001-91;2022-01-01;20;126320;CIELO S.A. -  INSTITUIÇÃO DE PAGAMENTO;Debêntures;0;50;1
01.107.327/0001-20;2022-01-01;4;125657;BBM LOGÍSTICA S.A.;Debêntures;0;0;31
01.319.044/0001-41;2022-01-01;1;116442;WTC AMAZONAS SUITE HOTEL S.A.;Debêntures;0;153153;0
01.545.826/0001-07;2022-01-01;13;125981;GAFISA S.A.;Certificados de Depósito de Valores Mobiliários;0;0;1
01.545.826/0001-07;2022-01-01;13;125981;GAFISA S.A.;Debêntures;307;1;1
01.599.101/0001-93;2022-01-01;33;126901;SEQUOIA LOGÍSTICA E TRANSPORTES S.A.;Debêntures;16;10;0
01.616.929/0001-02;2022-01-01;7;125984;SANEAMENTO DE GOIAS SA;Debêntures;4;1;273
01.838.723/0001-27;2022-01-01;16;125591;BRF S.A.;Debêntures;19730;286;44
01.917.818/0001-36;2022-01-01;18;127410;LIGHT ENERGIA S.A.;Debêntures;0;0;1
01.957.772/0001-89;2022-01-01;2;130615;SUL 116 PARTICIPACOES S.A.;Debêntures;0;0;0
01.968.293/0001-68;2022-01-01;3;121060;ELETRORIVER S.A.;Debêntures;0;0;1
01.989.044/0001-59;2022-01-01;1;116453;WTC RIO EMPREEND. E PARTICIPAÇÕES S.A.;Debêntures;0;678;0
02.041.460/0001-93;2022-01-01;6;123617;V. TAL - REDE NEUTRA DE TELECOMUNICAÇÕES S.A.;Debêntures;0;7;11
02.105.040/0001-23;2022-01-01;1;114700;VIRGO II COMPANHIA DE SECURITIZACAO;Certificado de Recebíveis do Agronegócio;7804;31;0
02.105.040/0001-23;2022-01-01;1;114700;VIRGO II COMPANHIA DE SECURITIZACAO;Certificados de Recebíveis Imobiliários;2200;82;0
02.149.205/0001-69;2022-01-01;9;126960;PORTO SEGURO S.A.;Debêntures;0;0;5
02.149.205/0001-69;2022-01-01;9;126960;PORTO SEGURO S.A.;Letras Financeiras;0;0;27
02.201.787/0001-85;2022-01-01;1;115828;CEL PARTICIPAÇÕES S.A. - CELPAR;Debêntures;0;0;0
02.255.187/0001-08;2022-01-01;6;125729;UNIFIQUE TELECOMUNICAÇÕES S.A.;Debêntures;278;1;17
02.286.479/0001-08;2022-01-01;4;124699;LOCALIZA FLEET S.A.;Debêntures;0;0;89
02.291.077/0001-93;2022-01-01;4;125148;PRODUTORES ENERGET.DE MANSO S.A.- PROMAN;Debêntures;1;0;7
02.302.100/0001-06;2022-01-01;12;126004;EDP SÃO PAULO DISTRIBUIÇÃO DE ENERGIA S.A.;Debêntures;0;3;152
02.302.100/0001-06;2022-01-01;12;126004;EDP SÃO PAULO DISTRIBUIÇÃO DE ENERGIA S.A.;Nota Comercial;0;0;1
02.338.534/0001-58;2022-01-01;4;126151;LONGDIS S.A.;Bônus de Subscrição;0;0;0
02.382.073/0001-10;2022-01-01;2;118535;PROLAGOS S/A - CONC.DE SERVICOS PÚBLICOS DE ÁGUA E ESGOTO;Debêntures;0;1;22
02.387.241/0001-60;2022-01-01;23;127111;RUMO S.A.;Debêntures;50284;648;294
02.415.408/0001-50;2022-01-01;12;125304;CONC ROD.OESTE SP VIAOESTE S.A;Debêntures;0;2;60
02.421.421/0001-11;2022-01-01;9;125541;TIM S.A.;Debêntures;0;0;1
02.429.144/0001-93;2022-01-01;11;127220;CPFL ENERGIA S.A.;Debêntures;0;2;0
02.451.848/0001-62;2022-01-01;14;125297;CONC SIST ANHANG-BANDEIRANT S.A. AUTOBAN;Debêntures;0;0;312
02.474.103/0001-19;2022-01-01;7;126050;ENGIE BRASIL ENERGIA S.A.;Debêntures;33321;884;0
02.509.186/0001-34;2022-01-01;3;124669;TRIÂNGULO DO SOL AUTO-ESTRADAS S.A.;Debêntures;0;0;0
02.509.491/0001-26;2022-01-01;4;125519;CONC ECOVIAS IMIGRANTES S.A.;Debêntures;8596;19;71
02.591.787/0001-39;2022-01-01;2;122861;CAPITALPART PARTICIPACOES S.A.;Bônus de Subscrição;0;0;0
02.635.522/0001-95;2022-03-31;8;120081;JALLES MACHADO S.A.;Certificado de Recebíveis do Agronegócio;0;1;1
02.643.896/0001-52;2022-01-01;3;118472;REAL AI PIC SEC DE CREDITOS IMOBILIARIO S.A.;Certificados de Recebíveis Imobiliários;3;15;0
02.724.983/0001-34;2022-01-01;3;125993;SANESALTO SANEAMENTO S.A.;Debêntures;0;1;5
02.736.470/0001-43;2022-01-01;1;116669;CONFIANZA SECURITIZADORA SA;Certificados de Recebíveis Imobiliários;0;0;0
02.762.121/0001-04;2022-01-01;8;125996;SANTOS BRASIL PARTICIPACOES S.A.;Debêntures;0;1;59
02.773.542/0001-22;2022-01-01;2;116214;OPEA SECURITIZADORA S.A.;Certificado de Recebíveis do Agronegócio;29058;106;18
02.773.542/0001-22;2022-01-01;2;116214;OPEA SECURITIZADORA S.A.;Certificados de Recebíveis Imobiliários;33022;218;129
02.773.542/0001-22;2022-01-01;2;116214;OPEA SECURITIZADORA S.A.;Debêntures;5888;32;136
02.783.423/0001-50;2022-01-01;1;116763;ALTERE SECURITIZADORA S.A.;Certificado de Recebíveis do Agronegócio;489;2;0
02.783.423/0001-50;2022-01-01;1;116763;ALTERE SECURITIZADORA S.A.;Certificados de Recebíveis Imobiliários;175;1;0
02.800.026/0001-40;2022-01-01;11;127177;COGNA EDUCAÇÃO S.A.;Debêntures;0;13;342
02.846.056/0001-97;2022-01-01;17;125620;MOTIVA INFRAESTRUTURA DE MOBILIDADE S.A.;Debêntures;1396;24;525
02.846.056/0001-97;2022-01-01;17;125620;MOTIVA INFRAESTRUTURA DE MOBILIDADE S.A.;Nota Comercial;67;2;0
02.860.694/0001-62;2022-01-01;1;116579;T4F ENTRETENIMENTO S.A.;Debêntures;0;1;0
02.919.555/0001-67;2022-01-01;6;126933;ARTERIS S.A.;Debêntures;0;0;1228
02.932.074/0001-91;2022-01-01;6;126247;HYPERA S.A.;Debêntures;0;2;22
02.998.301/0001-81;2022-01-01;7;127247;RIO PARANAPANEMA ENERGIA S.A.;Debêntures;0;4;227
02.998.611/0001-04;2022-01-01;8;126090;ISA ENERGIA BRASIL;Debêntures;13196;162;317
03.014.553/0001-91;2022-01-01;5;127007;TPI - TRIUNFO PARTICIP. E INVEST. S.A.;Debêntures;0;0;1
03.025.305/0001-46;2022-01-01;2;124493;RODOVIAS DAS COLINAS S.A.;Debêntures;22;1;299
03.207.703/0001-83;2022-01-01;2;125274;CONCESSIONARIA DE RODOVIAS DO INTERIOR PAULISTA S/A;Debêntures;0;0;0
03.220.438/0001-73;2022-01-01;7;127055;EQUATORIAL S.A.;Debêntures;4;14;177
03.279.285/0001-30;2022-01-01;5;126074;ORIZON MEIO AMBIENTE S.A.;Debêntures;55914;8605;435481
03.467.321/0001-99;2022-01-01;11;127078;ENERGISA MATO GROSSO-DISTRIBUIDORA DE ENERGIA S/A;Debêntures;373;42;392
03.467.321/0001-99;2022-01-01;11;127078;ENERGISA MATO GROSSO-DISTRIBUIDORA DE ENERGIA S/A;Nota Comercial;0;0;9
03.758.318/0001-24;2022-01-01;10;127092;INVESTIMENTOS E PARTICIP. EM INFRA S.A. - INVEPAR;Debêntures Conversíveis;0;1;3
03.767.538/0001-14;2022-01-01;4;125866;BRAZILIAN SECURITIES CIA SECURITIZACAO;Certificado de Recebíveis do Agronegócio;267;2;0
03.767.538/0001-14;2022-01-01;4;125866;BRAZILIAN SECURITIES CIA SECURITIZACAO;Certificados de Recebíveis Imobiliários;1362;72;0
03.795.050/0001-09;2022-01-01;5;124014;TERMOPERNAMBUCO S.A.;Debêntures;0;2;34
03.820.456/0001-96;2022-01-01;4;122982;BSB ENERGÉTICA S.A.;Debêntures;0;0;1
03.853.896/0001-40;2022-01-01;10;125073;MARFRIG GLOBAL FOODS S.A.;Debêntures;0;1;0
03.953.509/0001-47;2022-01-01;6;125890;CPFL GERACAO DE ENERGIA S.A.;Debêntures;0;0;13
03.983.431/0001-03;2022-01-01;8;125441;EDP - ENERGIAS DO BRASIL S.A.;Debêntures;1637;9;124
04.032.433/0001-80;2022-01-01;13;126515;CONTAX PARTICIPAÇÕES S.A. - EM RECUPERAÇÃO JUDICIAL;Debêntures Conversíveis;17;5;16
04.065.791/0001-99;2022-01-01;9;126512;SINQIA S.A.;Debêntures;0;1;2
04.065.791/0001-99;2022-03-31;1;113796;SINQIA S.A.;Debêntures;0;1;0
04.089.570/0001-50;2022-01-01;2;123652;ÁGUAS GUARIROBA S.A;Debêntures;318;26;206
04.149.454/0001-80;2022-01-01;11;126912;ECORODOVIAS INFRAESTRUTURA E LOGÍSTICA S.A.;Nota Comercial;2;0;3
04.172.213/0001-51;2022-01-01;4;125874;CIA PIRATININGA DE FORCA E LUZ;Debêntures;0;6;10
04.200.649/0001-07;2022-01-01;32;122894;COMPANHIA PROVINCIA DE SECURITIZACAO;Certificado de Recebíveis do Agronegócio;22;22;6
04.200.649/0001-07;2022-01-01;32;122894;COMPANHIA PROVINCIA DE SECURITIZACAO;Certificados de Recebíveis Imobiliários;138;4;30
04.233.319/0001-18;2022-01-01;5;124097;NCF PARTICIPAÇÕES S/A;Debêntures;0;0;38
04.368.898/0001-06;2022-01-01;3;125893;COPEL DISTRIBUIÇÃO S.A.;Debêntures;2796;36;195
04.370.282/0001-70;2022-01-01;5;125901;COPEL GERAÇÃO E TRANSMISSÃO S.A.;Debêntures;4754;0;580
04.423.567/0001-21;2022-01-01;17;127252;ENEVA S.A;Debêntures;20656;292;514
04.437.534/0001-30;2022-01-01;10;123339;LOCAMÉRICA RENT-A-CAR S.A.;Debêntures;0;0;78
04.739.720/0001-24;2022-01-01;1;116120;USINA TERMELÉTRICA PAMPA SUL S.A.;Debêntures;10633;313;0
04.752.991/0001-10;2022-01-01;9;126082;BIOMM S.A.;Bônus de Subscrição;305;39;0
04.821.041/0001-08;2022-01-01;3;122589;METALFRIO SOLUTIONS S.A.;Debêntures;0;0;1
04.895.728/0001-80;2022-01-01;6;127135;EQUATORIAL PARÁ DISTRIBUIDORA DE ENERGIA S.A.;Debêntures;3365;8;313
04.972.092/0001-22;2022-01-01;1;116589;GRUPO FARTURA DE HORTIFRUT S.A.;Debêntures;0;0;3
04.986.320/0001-13;2022-01-01;11;127079;SER EDUCACIONAL S.A.;Debêntures;0;0;0
04.992.714/0001-84;2022-01-01;8;127113;NOVA TRANSPORTADORA DO SUDESTE S.A. - NTS;Debêntures;0;0;121
05.197.443/0001-38;2022-01-01;15;124430;HAPVIDA PARTICIPAÇÕES E INVESTIMENTOS S.A.;Debêntures;14;9;429
05.878.397/0001-32;2022-01-01;14;127027;ALLOS S.A.;Debêntures;0;5;282
05.917.486/0001-40;2022-01-01;10;126930;LIVETECH DA BAHIA INDÚSTRIA E COMÉRCIO S.A.;Debêntures;0;0;3
06.016.348/0001-53;2022-01-01;1;115955;VENTOS DO SUL ENERGIA S.A.;Debêntures;0;0;7
06.047.087/0001-39;2022-01-01;8;125825;REDE D'OR SÃO LUIZ S.A.;Debêntures;0;6;742
06.047.087/0001-39;2022-01-01;8;125825;REDE D'OR SÃO LUIZ S.A.;Nota Comercial;0;0;13
06.057.223/0001-71;2022-01-01;11;123560;SENDAS DISTRIBUIDORA S.A.;Debêntures;0;2;3600000
06.057.223/0001-71;2022-01-01;11;123560;SENDAS DISTRIBUIDORA S.A.;Nota Comercial;0;0;751001
06.164.253/0001-87;2022-01-01;17;127271;GOL LINHAS AEREAS INTELIGENTES S.A.;Bônus de Subscrição;3319;55;0
06.272.793/0001-84;2022-01-01;5;125915;EQUATORIAL MARANHÃO DISTRIBUIDORA DE ENERGIA S.A.;Debêntures;0;0;61
06.347.409/0001-65;2022-01-01;7;126931;SBF COMÉRCIO DE PRODUTOS ESPORTIVOS S.A.;Debêntures;0;0;159
06.626.253/0001-51;2022-01-01;12;126730;EMPREENDIMENTOS PAGUE MENOS S.A.;Debêntures;360;28;168
06.977.745/0001-91;2022-01-01;6;123150;BR MALLS PARTICIPACOES S.A.;Debêntures;2998;7;25
06.977.751/0001-49;2022-01-01;15;127086;BR PROPERTIES S.A.;Debêntures;0;43;26
06.981.176/0001-58;2022-01-01;7;126042;CEMIG GERACAO E TRANSMISSAO S.A.;Debêntures;0;0;0
07.040.108/0001-57;2022-01-01;13;125585;CAGECE - CIA DE AGUA E ESGOTO DO CEARA;Debêntures;571;241;0
07.047.251/0001-70;2022-01-01;15;125797;CIA ENERGETICA DO CEARA - COELCE;Debêntures;0;16;354
07.119.838/0001-48;2022-01-01;3;122807;SECME - COMPANHIA SECURITIZADORA DE CRÉDITOS IMOBILIÁRIOS;Certificados de Recebíveis Imobiliários;6473;26;14
07.206.816/0001-15;2022-01-01;2;119883;M.DIAS BRANCO S.A. IND COM DE ALIMENTOS;Debêntures;0;0;1
07.206.816/0001-15;2022-01-01;2;119883;M.DIAS BRANCO S.A. IND COM DE ALIMENTOS;Nota Comercial;0;0;1
07.253.321/0001-47;2022-01-01;1;116818;CARBOMIL SA MINER. E INDUSTRIA;Debêntures;0;2;0
07.275.159/0001-68;2022-01-01;1;114741;PETROLEO LUB DO NORDESTE SA;Bônus de Subscrição;2171;179;2500
07.282.377/0001-20;2022-01-01;3;123105;ENERGISA SUL-SUDESTE - DISTRIBUIDORA DE ENERGIA S/A;Debêntures;230;12;3
07.401.436/0001-31;2022-01-01;1;116630;ELDORADO BRASIL CELULOSE S.A.;Debêntures;0;175;0
07.415.333/0001-20;2022-01-01;11;125942;SIMPAR S.A.;Debêntures;306;49;223
07.594.978/0001-78;2022-01-01;6;125835;SMARTFIT ESCOLA DE GINÁSTICA E DANÇA S.A.;Debêntures;133;4;330
07.628.528/0001-59;2022-06-30;5;121281;BRASILAGRO - CIA BRAS DE PROP AGRICOLAS;Certificado de Recebíveis do Agronegócio;106;0;2
07.636.657/0001-99;2022-01-01;6;123781;AÇO VERDE DO BRASIL S.A;Debêntures;0;1;0
07.816.890/0001-53;2022-01-01;6;126119;MULTIPLAN - EMPREEND IMOBILIARIOS S.A.;Debêntures;3;5;228
07.823.262/0001-03;2022-01-01;2;123012;FOZ DO RIO CLARO ENERGIA S.A.;Debêntures;0;0;2
07.857.850/0001-50;2022-01-01;5;126035;GP INVESTMENTS, LTD.;Certificados de depósito de valores mobiliários;2134;29;59
07.859.510/0001-68;2022-01-01;3;126154;JHSF MALLS S.A.;Debêntures;0;0;1
07.859.971/0001-30;2022-01-01;13;126020;TRANSMISSORA ALIANÇA DE ENERGIA ELÉTRICA S.A.;Debêntures;16269;208;475
07.976.147/0001-60;2022-01-01;6;125163;MOVIDA LOCAÇÃO DE VEÍCULOS S.A.;Debêntures;340;63;37
07.976.147/0001-60;2022-01-01;6;125163;MOVIDA LOCAÇÃO DE VEÍCULOS S.A.;Nota Comercial;0;0;1
08.065.557/0001-12;2022-01-01;4;123707;TECNISA S.A.;Debêntures;8;0;8
08.070.508/0001-78;2022-03-31;9;116965;RAIZEN ENERGIA S.A.;Debêntures;4737;109;0
08.159.965/0001-33;2022-01-01;7;123754;IGUA SANEAMENTO S.A.;Debêntures;2422;80;110
08.170.849/0001-15;2022-01-01;10;126048;DESKTOP S.A.;Debêntures;0;0;2
08.213.823/0001-07;2022-01-01;4;125646;AURA ALMAS MINERAÇÃO S.A.;Debêntures;264;41;56
08.294.224/0001-65;2022-01-01;8;127215;JHSF PARTICIPACOES S.A.;Debêntures;0;0;20
08.312.229/0001-73;2022-01-01;4;126061;EZ TEC EMPREEND. E PARTICIPACOES S.A.;Debêntures;0;1;1
08.322.396/0001-03;2022-03-31;5;117114;CERRADINHO BIOENERGIA S.A.;Debêntures;1128;7;0
08.343.492/0001-20;2022-01-01;15;127243;MRV ENGENHARIA E PARTICIPACOES S.A.;Debêntures;620;114;653
08.364.948/0001-38;2022-01-01;11;127024;ALUPAR INVESTIMENTO S/A;Debêntures;1;0;92
08.397.078/0001-01;2022-01-01;3;127289;GSH CORP PARTICIPAÇÕES S.A.;Debêntures;0;1;0
08.402.943/0001-52;2022-01-01;8;127054;GUARARAPES CONFECCOES S.A.;Debêntures;2;387;0
08.439.659/0001-50;2022-01-01;3;125891;CPFL ENERGIAS RENOVÁVEIS S.A.;Debêntures;0;7;14
08.467.115/0001-00;2022-01-01;7;127041;CIA ESTADUAL DE DISTRIB ENER ELET-CEEE-D;Debêntures;4;198;0
08.764.621/0001-53;2022-01-01;2;125286;GENERAL SHOPPING E OUTLETS DO BRASIL BRASIL S.A.;Debêntures;6;0;1
08.769.451/0001-08;2022-01-01;6;124959;VIRGO COMPANHIA DE SECURITIZAÇÃO;Certificado de Recebíveis do Agronegócio;1900;18;6
08.769.451/0001-08;2022-01-01;6;124959;VIRGO COMPANHIA DE SECURITIZAÇÃO;Certificados de Recebíveis Imobiliários;546;3;34
08.773.135/0001-00;2022-01-01;13;126979;2W ECOBANK S.A. - EM RECUPERAÇÃO JUDICIAL;Bônus de Subscrição;1;1;10
08.773.135/0001-00;2022-01-01;13;126979;2W ECOBANK S.A. - EM RECUPERAÇÃO JUDICIAL;Debêntures;1;0;9
08.797.760/0001-83;2022-01-01;12;125572;CURY CONSTRUTORA E INCORPORADORA S.A.;Debêntures;0;1;14
08.801.621/0001-86;2022-01-01;8;127229;SYN PROP & TECH S.A.;Debêntures;0;61;158
08.807.432/0001-10;2022-01-01;16;126927;YDUQS PARTICIPACOES S.A.;Debêntures;4;141;145
08.811.643/0001-27;2022-01-01;10;126121;TRISUL S.A.;Debêntures;0;9;9
08.822.767/0001-08;2022-01-01;2;124491;CONCESSIONÁRIA DA RODOVIA MG-050 S.A.;Debêntures;0;6;37
08.827.501/0001-58;2022-01-01;10;125618;AEGEA SANEAMENTO E PARTICIPAÇÕES S.A.;Debêntures;48;49;664
08.873.873/0001-10;2022-01-01;7;125517;ECORODOVIAS CONCESSÕES E SERVIÇOS S.A.;Debêntures;264;76;483
08.926.302/0001-05;2022-01-01;9;123486;DOMMO ENERGIA S.A.;Debêntures;0;1;0
08.937.002/0001-13;2022-01-01;1;116224;VISION SECURITIZADORA S.A.;Certificados de Recebíveis Imobiliários;0;1;1
09.041.168/0001-10;2022-01-01;4;125600;LOG COMMERCIAL PROPERTIES E PARTICIPAÇÕES;Debêntures;0;0;4
09.053.134/0001-45;2022-01-01;7;122237;ELFA MEDICAMENTOS S.A.;Bônus de Subscrição;18980314;0;0
09.053.134/0001-45;2022-01-01;7;122237;ELFA MEDICAMENTOS S.A.;Debêntures;0;0;700000000
09.054.385/0001-44;2022-01-01;1;116425;INBRANDS S.A.;Bônus de Subscrição;0;1;0
09.054.385/0001-44;2022-01-01;1;116425;INBRANDS S.A.;Debêntures;0;5;5
09.095.183/0001-40;2022-01-01;3;126164;ENERGISA PARAÍBA - DISTRIBUIDORA DE ENERGIA S/A;Debêntures;30;40;160
09.112.685/0001-32;2022-01-01;5;125656;OSX BRASIL S.A. - EM RECUPERAÇÃO JUDICIAL;Debêntures;0;0;0
09.114.805/0001-30;2022-01-01;14;125374;OCEANPACT SERVIÇOS MARITIMOS S.A.;Debêntures;0;0;6
09.257.877/0001-37;2022-01-01;4;124758;FERROVIA NORTE SUL S/A;Debêntures;0;0;2
09.288.252/0001-32;2022-01-01;12;127061;ANIMA HOLDING S.A.;Debêntures;0;1;1
09.304.427/0001-58;2022-01-01;2;123000;HABITASEC SECURITIZADORA SA;Certificados de Recebíveis Imobiliários;2780;118;328
09.305.994/0001-29;2022-01-01;17;127023;AZUL S.A.;Debêntures Conversíveis;0;0;3
09.313.969/0001-97;2022-01-01;5;127197;AUTOPISTA LITORAL SUL;Debêntures;21585;110;98
09.346.601/0001-25;2022-01-01;16;126917;B3 S.A. - BRASIL, BOLSA, BALCÃO;Debêntures;0;27;620
09.347.516/0001-81;2022-01-01;13;125375;ELETROMIDIA S.A.;Debêntures;0;0;3
09.359.927/0001-97;2022-01-01;4;126218;ASA BRANCA HOLDING S.A.;Debêntures;0;0;11
09.391.823/0001-60;2022-01-01;14;126956;SANTO ANTONIO ENERGIA S.A.;Debêntures;7100;74;152
09.414.761/0001-64;2022-01-01;1;116257;K-INFRA RODOVIA DO AÇO S.A.;Debêntures;0;0;0
09.584.854/0001-37;2022-01-01;4;120710;MANAUS TRANSMISSORA DE ENERGIA S.A;Debêntures;0;32;0
09.611.768/0001-76;2022-01-01;9;122601;INC EMPREENDIMENTOS IMOBILIÁRIOS S.A.;Debêntures;0;0;1
09.625.321/0001-56;2022-01-01;4;120712;NORTE BRASIL TRANSMISSORA DE ENERGIA S.A.;Debêntures;756;42;0
10.139.870/0001-08;2022-01-01;7;125528;NEOGRID PARTICIPAÇÕES S.A.;Debêntures;0;18;1
10.215.988/0001-60;2022-01-01;7;122067;COMPANHIA DE LOCAÇÃO DAS AMÉRICAS;Certificado de Recebíveis do Agronegócio;0;0;28
10.215.988/0001-60;2022-01-01;7;122067;COMPANHIA DE LOCAÇÃO DAS AMÉRICAS;Debêntures;0;0;78
10.234.027/0001-00;2022-01-01;5;121230;LINHAS DE MACAPÁ TRANSMISSORA DE ENERGIA S/A;Debêntures;0;0;0
10.240.186/0001-00;2022-01-01;5;121231;LINHAS DE XINGU TRANSMISSORA DE ENERGIA S/A;Debêntures;0;0;0
10.285.590/0001-08;2022-01-01;12;124245;GRUPO DE MODA SOMA S.A.;Debêntures;36;20;43
10.319.900/0001-50;2022-01-01;2;120309;REGENERA RIO S.A.;Debêntures;168;3;3
10.319.900/0001-50;2022-01-01;2;120309;REGENERA RIO S.A.;Nota Comercial;0;2;0
10.324.624/0001-18;2022-01-01;2;116243;CONCESSÃO METROVIÁRIA DO RIO DE JANEIRO S.A.;Debêntures;13722;340;139
10.452.416/0001-02;2022-01-01;2;122397;REAG CAPITAL HOLDING S.A.;Certificado de Recebíveis do Agronegócio;0;0;0
10.488.244/0001-19;2022-01-01;1;116229;INFRASEC SECURITIZADORA S.A.;Certificados de Recebíveis Imobiliários;2;0;5
10.531.501/0001-58;2022-01-01;1;115703;CONC AUTO RAPOSO TAVARES S.A.;Debêntures;9643;71;156
10.571.175/0001-02;2022-01-01;6;127320;URBA DESENVOLVIMENTO URBANO S.A.;Bônus de Subscrição;3;0;0
10.571.175/0001-02;2022-01-01;6;127320;URBA DESENVOLVIMENTO URBANO S.A.;Debêntures;0;0;3
10.608.405/0001-60;2022-01-01;18;125444;BARI SECURITIZADORA S.A.;Certificados de Recebíveis Imobiliários;580;49;35
10.635.691/0001-53;2022-01-01;1;116124;VIARONDON CONCESSIONÁRIA DE RODOVIA S.A.;Debêntures;0;0;0
10.647.979/0001-48;2022-01-01;4;125483;CONC ROTA DAS BANDEIRAS S.A.;Debêntures;18106;565;0
10.678.505/0001-63;2022-01-01;2;115438;CONC RODOVIAS DO TIETÊ S.A.- EM RECUPERAÇÃO JUDICIAL;Debêntures;15600;70;19
10.753.164/0001-43;2022-01-01;2;116942;ECO SECURITIZADORA DIREITOS CRED AGRONEGÓCIO S.A.;Certificado de Recebíveis do Agronegócio;49024;184;0
10.760.260/0001-19;2022-01-01;9;127245;CVC BRASIL OPERADORA E AGÊNCIA DE VIAGENS S.A.;Debêntures;10;13;87
10.841.050/0001-55;2022-01-01;7;127413;CONC ROD AYRTON SENNA E CARV PINTO S.A.-ECOPISTAS;Debêntures;17;10;44
10.851.805/0001-00;2022-01-01;11;129575;FLEX GESTÃO DE RELACIONAMENTOS S.A.-EM RECUPERAÇÃO JUDICIAL;Nota Comercial;0;0;6
11.257.352/0001-43;2022-01-01;3;120595;BSI CAPITAL SECURITIZADORA S.A.;Certificado de Recebíveis do Agronegócio;0;2;0
11.257.352/0001-43;2022-01-01;3;120595;BSI CAPITAL SECURITIZADORA S.A.;Certificados de Recebíveis Imobiliários;2;6;0
11.274.829/0001-07;2022-01-01;3;121022;COMPANHIA PAULISTA DE SECURITIZAÇÃO;Debêntures;0;0;1
11.284.204/0001-18;2022-01-01;5;122733;YOU INC INCORPORADORA E PARTICIPAÇÃO S.A;Debêntures;0;4;0
11.421.994/0001-36;2022-01-01;16;124582;ORIZON VALORIZAÇÃO DE RESÍDUOS S.A.;Debêntures;95;15;169
11.725.176/0001-27;2022-01-01;11;125936;BOA VISTA SERVIÇOS S.A.;Bônus de Subscrição;2;0;0
11.725.176/0001-27;2022-01-01;11;125936;BOA VISTA SERVIÇOS S.A.;Debêntures;0;4;0
11.992.680/0001-93;2022-01-01;12;125999;QUALICORP CONSULTORIA E CORRETORA DE SEGUROS S.A.;Debêntures;0;4;0
12.049.631/0001-84;2022-01-01;5;127109;MOURA DUBEUX ENGENHARIA S/A;Debêntures;0;1;0
12.130.744/0001-00;2022-01-01;10;121058;TRUE SECURITIZADORA S.A.;Certificado de Recebíveis do Agronegócio;24833;195;154
12.130.744/0001-00;2022-01-01;10;121058;TRUE SECURITIZADORA S.A.;Certificados de Recebíveis Imobiliários;56467;486;978
12.139.922/0001-63;2022-01-01;1;116590;OCTANTE SECURITIZADORA S.A.;Certificado de Recebíveis do Agronegócio;12854;38;0
12.139.922/0001-63;2022-01-01;1;116590;OCTANTE SECURITIZADORA S.A.;Certificados de Recebíveis Imobiliários;1;5;0
12.261.588/0001-16;2022-01-01;1;115871;POLO CAPITAL SECURITIZADORA S.A;Certificados de Recebíveis Imobiliários;0;0;0
12.300.288/0001-07;2022-01-01;7;123265;NORTE ENERGIA S.A.;Debêntures;0;0;1
12.320.349/0001-90;2022-01-01;2;116996;ORE  SECURITIZADORA SA;Certificados de Recebíveis Imobiliários;4885;86;33
12.420.164/0001-57;2022-01-01;11;125821;CM HOSPITALAR S.A;Debêntures;0;8;0
12.489.315/0001-23;2022-01-01;2;123013;FERREIRA GOMES ENERGIA S.A.;Debêntures;2021;8;29
12.528.708/0001-07;2022-01-01;10;125311;AERIS IND. E COM. DE EQUIP. PARA GER. DE ENG. S.A.;Debêntures;119514;167916;922660
12.648.266/0001-24;2022-01-01;5;125861;AMBIPAR PARTICIPAÇÕES E EMPREENDIMENTOS S.A.;Debêntures;0;0;57
12.648.327/0001-53;2022-01-01;12;127010;HIDROVIAS DO BRASIL S.A.;Debêntures;0;0;10
12.919.786/0001-24;2022-01-01;1;115926;TCP TERMINAL DE CONTEINERES DE PARANAGUA SA;Debêntures;116385;60;0
13.017.462/0001-63;2022-01-01;1;116533;ENERGISA SERGIPE - DISTRIBUIDORA DE ENERGIA S/A;Debêntures;12;42;17
13.017.462/0001-63;2022-01-01;1;116533;ENERGISA SERGIPE - DISTRIBUIDORA DE ENERGIA S/A;Nota Comercial;0;0;8
13.270.520/0001-66;2022-01-01;14;125864;KORA SAÚDE PARTICIPAÇÕES S.A.;Debêntures;0;0;19
13.349.677/0001-81;2022-01-01;1;116570;REIT SECURITIZADORA S/A;Certificado de Recebíveis do Agronegócio;763;43;43
13.349.677/0001-81;2022-01-01;1;116570;REIT SECURITIZADORA S/A;Certificados de Recebíveis Imobiliários;1286;15;52
13.574.594/0001-96;2022-01-01;14;125955;ZAMP SA;Debêntures;3;0;246
13.584.310/0001-42;2022-01-01;2;120975;SUGOI S.A.;Debêntures;0;0;0
13.783.221/0004-78;2022-01-01;9;125913;MADERO INDÚSTRIA E COMÉRCIO S.A.;Debêntures;0;1;0
14.110.585/0001-07;2022-01-01;15;124966;MÉLIUZ S.A.;Bônus de Subscrição;43;4;1
14.388.334/0001-99;2022-01-01;7;123627;PARANA BCO S.A.;Letras Financeiras;27;22;43
14.785.152/0001-51;2022-01-01;11;126874;HBR REALTY EMPREENDIMENTOS IMOBILIÁRIOS S.A.;Debêntures;0;4;0
14.876.090/0001-93;2022-01-01;2;133638;GAIA IMPACTO SECURITIZADORA S.A.;Certificado de Recebíveis do Agronegócio;5941;0;16
14.998.371/0001-19;2022-01-01;8;125398;J. MACEDO S.A.;Debêntures;0;310181;0
15.073.274/0001-88;2022-01-01;3;118190;PPLA PARTICIPATIONS LTD.;Certificados de depósito de valores mobiliários;2767;26;11
15.229.110/0001-05;2022-01-01;1;115977;CAPITALE SECURITIZADORA DE CRÉDITO S/A;Debêntures;2;2;0
15.377.572/0001-61;2022-01-01;1;115989;NASA SECURITIZADORA S.A.;Debêntures;4;0;0
15.413.826/0001-50;2022-01-01;2;121225;ENERGISA MATO GROSSO DO SUL - DIST DE ENERGIA S.A.;Debêntures;283;17;220
15.413.826/0001-50;2022-01-01;2;121225;ENERGISA MATO GROSSO DO SUL - DIST DE ENERGIA S.A.;Nota Comercial;0;0;2
15.494.541/0001-90;2022-01-01;2;120262;SALUS INFRAESTRUTURA PORTUARIA SA;Debêntures;49;41;0
15.578.569/0001-06;2022-01-01;9;127108;CONC DO AEROPORTO INTERNACIONAL DE GUARULHOS S.A.;Debêntures;10262;157;0
16.233.389/0001-55;2022-01-01;4;126217;CVLB BRASIL S.A;Debêntures;0;2;0
16.404.287/0001-55;2022-01-01;7;125949;SUZANO S.A.;Debêntures;0;139;140
16.614.075/0001-00;2022-01-01;8;127348;DIRECIONAL ENGENHARIA S.A.;;5;9;148
16.614.075/0001-00;2022-01-01;8;127348;DIRECIONAL ENGENHARIA S.A.;Debêntures;5;4;133
16.670.085/0001-55;2022-01-01;9;126982;LOCALIZA RENT A CAR S.A.;Debêntures;0;0;836
16.676.520/0001-59;2022-01-01;8;127251;HOSPITAL MATER DEI S.A.;Debêntures;0;0;20
16.811.931/0001-00;2022-01-01;4;121196;ALPHAVILLE S.A.;Bônus de Subscrição;214;0;53
16.811.931/0001-00;2022-01-01;4;121196;ALPHAVILLE S.A.;Debêntures;0;0;5
16.838.421/0001-26;2022-01-01;2;123820;XP INVESTIMENTOS S.A.;Debêntures;0;1;22
16.838.421/0001-26;2022-01-01;2;123820;XP INVESTIMENTOS S.A.;Valor Mobiliário Não Registrado;0;0;30
17.159.229/0001-76;2022-01-01;1;116052;LABORATÓRIO TEUTO BRASILEIRO S.A.;Debêntures;0;0;3
17.162.082/0001-73;2022-01-01;3;120759;MENDES JUNIOR ENGENHARIA S.A.;Debêntures;0;2;1
17.162.280/0001-37;2022-01-01;4;125377;EMPRESA BRASILEIRA DE ENGENHARIA E COMÉRCIO S.A. EBEC;Debêntures;27;1;57
17.281.106/0001-03;2022-01-01;26;126001;CIA SANEAMENTO DE MINAS GERAIS-COPASA MG;Debêntures;5520;28;468
17.314.329/0001-20;2022-01-01;13;125686;INTERNATIONAL MEAL COMPANY ALIMENTACAO S.A.;Debêntures;0;0;200
18.328.118/0001-09;2022-01-01;16;127157;PET CENTER COMÉRCIO E PARTICIPAÇÕES S.A.;Debêntures;7;48;10
18.494.485/0001-82;2022-01-01;1;116515;PORTO SUDESTE V.M. S.A.;Título de Investimento Coletivo;594;2;0
18.572.225/0001-88;2022-01-01;1;116454;CONCEBRA - CONCESSIONARIA DAS RODOVIAS CENTRAIS DO BRASIL;Certificados de Recebíveis Imobiliários;0;0;0
18.593.815/0001-97;2022-01-01;10;128192;PRINER SERVIÇOS INDUSTRIAIS S.A.;Debêntures;0;3;4
18.903.785/0001-78;2022-01-01;6;125416;HOLDING DO ARAGUAIA S.A.;Debêntures;243;3;140
19.208.022/0001-70;2022-01-01;5;125521;ECO050 CONCESSIONÁRIA DE RODOVIAS S.A.;Debêntures;122;1;26
19.276.528/0001-16;2022-01-01;2;125956;BCBF PARTICIPAÇÕES S.A.;Debêntures;0;1;0
19.403.252/0001-90;2022-01-01;4;123618;EMCCAMP RESIDENCIAL S.A.;Debêntures;0;13;0
19.527.586/0001-75;2022-01-01;5;122498;COMPANHIA ENERGÉTICA SINOP S/A;Debêntures;470;11;8
19.527.639/0001-58;2022-01-01;3;122544;ENERGISA MINAS RIO - DISTRIBUIDORA DE ENERGIA S/A;Debêntures;50;4;15
19.796.586/0001-70;2022-01-01;9;127016;BRISANET PARTICIPAÇÕES S.A.;Debêntures;1504;29;213
20.247.322/0001-47;2022-01-01;5;127154;ALLIED TECNOLOGIA S.A.;Debêntures;0;0;4
20.451.953/0001-83;2022-01-01;3;121037;BLUM COMPANHIA DE SECURITIZAÇÃO DE CRÉDITOS S.A;Certificados de Recebíveis Imobiliários;27;0;7
20.512.706/0001-40;2022-01-01;6;126915;VITRU EDUCAÇÃO S.A.;Debêntures;0;0;5
20.514.555/0001-69;2022-01-01;5;123464;ARGO VI TRANSMISSÃO DE ENERGIA S.A.;Debêntures;417;0;30
20.514.590/0001-88;2022-01-01;5;123463;ARGO V TRANSMISSÃO DE ENERGIA S.A.;Debêntures;86;0;27
21.240.146/0001-84;2022-01-01;11;126949;AGROGALAXY PARTICIPAÇÕES S.A. - EM RECUPERAÇÃO JUDICIAL;Debêntures;0;0;1
21.314.559/0001-66;2022-01-01;22;125974;MOVIDA PARTICIPACOES SA;Debêntures;462;46;1121
21.314.559/0001-66;2022-01-01;22;125974;MOVIDA PARTICIPACOES SA;Nota Comercial;0;1;9
21.331.849/0001-18;2022-01-01;3;125877;CREDGRID SERVIÇOS FINANCEIROS S.A.;Debêntures;0;0;2
21.389.501/0001-81;2022-01-01;11;126922;COMPASS GÁS E ENERGIA S.A.;Debêntures;0;0;43
21.610.416/0001-00;2022-01-01;1;115950;FORTUNATO SECURITIZADORA S/A;Debêntures;4;0;0
21.728.083/0001-00;2022-01-01;4;123465;TRANSMISSORA JOSÉ MARIA DE MACEDO DE ELETRICIDADE S.A.;Debêntures;0;0;27
22.163.297/0001-49;2022-01-01;6;125522;CONCESSIONÁRIA PONTE RIO-NITERÓI S.A. - ECOPONTE;Debêntures;47;0;28
22.261.473/0001-85;2022-01-01;9;126095;COMPANHIA DE GÁS DE MINAS GERAIS - GASMIG;Debêntures;0;2;0
22.495.265/0001-40;2022-01-01;1;115994;SENECA COMPANHIA SECURITIZADORA;Debêntures;3;0;0
22.902.694/0001-95;2022-01-01;3;123228;SELF IT ACADEMIAS HOLDING S.A.;Debêntures;0;0;3
23.096.269/0001-19;2022-01-01;7;126900;RIO PARANA ENERGIA S.A.;Debêntures;0;1;4
23.373.000/0001-32;2022-01-01;12;126955;VAMOS LOCAÇÃO DE CAMINHÕES, MÁQUINAS E EQUIPAMENTOS S.A.;Debêntures;8059;1299;1149
23.373.000/0001-32;2022-01-01;12;126955;VAMOS LOCAÇÃO DE CAMINHÕES, MÁQUINAS E EQUIPAMENTOS S.A.;Nota Comercial;0;1;1
23.438.929/0001-00;2022-01-01;4;122983;ALARES INTERNET PARTICIPAÇÕES S/A;Debêntures;0;2;0
24.396.489/0001-20;2022-01-01;14;127050;BRK AMBIENTAL PARTICIPAÇÕES S.A.;Debêntures;0;0;3
24.624.490/0001-65;2022-01-01;2;123461;ARGO TRANSMISSÃO DE ENERGIA S/A;Debêntures;0;0;1
24.921.465/0001-43;2022-01-01;5;124494;BLUEFIT ACADEMIAS DE GINÁSTICA E PARTICIPAÇÕES S.A.;Bônus de Subscrição;0;1;0
24.921.465/0001-43;2022-01-01;5;124494;BLUEFIT ACADEMIAS DE GINÁSTICA E PARTICIPAÇÕES S.A.;Debêntures;0;0;34
25.005.683/0001-09;2022-01-01;5;117076;VERT COMPANHIA SECURITIZADORA;Certificado de Recebíveis do Agronegócio;1;1;1
25.089.509/0001-83;2022-01-01;5;125292;COMPANHIA DE SANEAMENTO DO TOCANTINS - SANEATINS;Debêntures;2729;41;17
25.249.439/0001-83;2022-01-01;1;122775;HOSPITAL CARE CALEDONIA S.A.;Debêntures;0;2;0
25.369.840/0001-57;2022-01-01;10;127170;COMERC ENERGIA S.A.;Debêntures;1634;72;425
26.609.050/0001-64;2022-01-01;1;116620;TRAVESSIA SECURITIZADORA S.A.;Certificado de Recebíveis do Agronegócio;2;2;6
26.609.050/0001-64;2022-01-01;1;116620;TRAVESSIA SECURITIZADORA S.A.;Certificados de Recebíveis Imobiliários;4;0;4
26.659.061/0001-59;2022-01-01;17;127059;MPM CORPÓREOS S.A.;Debêntures;0;7;0
26.664.057/0001-89;2022-01-01;2;121496;ENTREVIAS CONCESSIONÁRIA DE RODOVIAS S.A.;Debêntures;4474;46;139
26.845.702/0001-60;2022-01-01;1;116328;BELÉM TRANSMISSORA DE ENERGIA S.A;Debêntures;0;1;0
26.845.702/0001-60;2022-01-01;1;116328;BELÉM TRANSMISSORA DE ENERGIA S.A;Nota Comercial;0;1;0
26.982.634/0001-80;2022-01-01;2;126877;TURBI COMPARTILHAMENTO DE VEÍCULOS S.A.;Debêntures;20;5;2
27.093.558/0001-15;2022-01-01;10;127326;MILLS LOCAÇÃO, SERVIÇOS E LOGÍSTICA S.A.;Debêntures;5;0;22
27.157.474/0001-06;2022-01-01;1;115967;ÁGUAS DE TERESINA SANEAMENTO SPE S.A.;Contrato de Investimento Coletivo;0;1;0
27.157.474/0001-06;2022-01-01;1;115967;ÁGUAS DE TERESINA SANEAMENTO SPE S.A.;Debêntures;0;0;66
27.157.474/0001-06;2022-01-01;1;115967;ÁGUAS DE TERESINA SANEAMENTO SPE S.A.;Nota Comercial;0;1;0
27.956.690/0001-03;2022-01-01;2;128574;AUZZA SECURITIZADORA S. A.;Certificados de Recebíveis Imobiliários;0;0;0
27.967.244/0001-02;2022-01-01;1;116331;TAPAJÓS TRANSMISSORA DE ENERGIA S.A.;Debêntures;1592;40;26
27.967.244/0001-02;2022-01-01;1;116331;TAPAJÓS TRANSMISSORA DE ENERGIA S.A.;Nota Comercial;0;1;0
28.019.100/0001-89;2022-01-01;1;116302;VIAPAULISTA S.A.;Debêntures;773;102;102
28.152.650/0001-71;2022-01-01;10;125988;EDP ESPIRITO SANTO DISTRIBUIÇÃO DE ENERGIA S.A.;Debêntures;1;1;153
28.152.650/0001-71;2022-01-01;10;125988;EDP ESPIRITO SANTO DISTRIBUIÇÃO DE ENERGIA S.A.;Nota Comercial;0;0;1
28.201.130/0001-01;2022-01-01;6;126925;ENERGISA TRANSMISSÃO DE ENERGIA S/A;Debêntures;970;57;180
28.594.234/0001-23;2022-01-01;8;127212;AUREN ENERGIA S.A.;Debêntures;0;2;32
28.925.264/0001-75;2022-01-01;1;116130;COMPANHIA ENERGÉTICA JAGUARA;Debêntures;1436;134;0
28.942.127/0001-49;2022-01-01;1;116118;COMPANHIA ENERGÉTICA MIRANDA;Debêntures;957;77;0
29.088.092/0001-95;2022-01-01;1;116350;ROMAXIS SECURITIZADORA S.A.;Debêntures;27;8;0
29.780.061/0001-09;2022-01-01;9;127202;SAO CARLOS EMPREEND E PARTICIPACOES S.A.;Debêntures;0;0;2
29.894.663/0001-89;2022-01-01;1;115617;CONSIGNADOS I COMPANHIA SECURITIZADORA CRÉDITOS FINANCEIROS;Debêntures;0;0;32
29.978.814/0001-87;2022-01-01;6;121063;SUL AMERICA S.A.;Debêntures;0;0;240
29.980.141/0001-08;2022-01-01;8;125386;OCEÂNICA ENGENHARIA E CONSULTORIA S.A.;Debêntures;0;0;4
29.980.141/0001-08;2022-01-01;8;125386;OCEÂNICA ENGENHARIA E CONSULTORIA S.A.;Nota Comercial;0;1;0
30.213.493/0001-09;2022-01-01;6;125210;TEGRA INCORPORADORA S.A.;Debêntures;0;1;0
31.468.139/0001-98;2022-01-01;2;120110;CASA DE PEDRA SECURITIZADORA DE CREDITO S/A;Certificados de Recebíveis Imobiliários;94;8;0
31.701.408/0001-14;2022-01-01;4;121100;ATHENA SAÚDE BRASIL SA;Debêntures;0;0;4
31.748.174/0001-60;2022-01-01;4;123060;VERO S.A.;Debêntures;0;0;1
32.372.085/0001-25;2022-01-01;1;116308;COBUCCIO SECURITIZADORA DE CRÉDITOS S.A.;Certificado de Recebíveis do Agronegócio;0;0;0
32.372.085/0001-25;2022-01-01;1;116308;COBUCCIO SECURITIZADORA DE CRÉDITOS S.A.;Certificados de Recebíveis Imobiliários;0;0;0
32.681.371/0001-72;2022-01-01;4;124168;VIX LOGÍSTICA S.A.;Debêntures;0;0;66
32.770.457/0001-71;2022-01-01;1;116700;CIA. SECURITIZADORA DE CREDITOS FINANCEIROS VERT-GYRA;Debêntures;5;0;4
33.000.167/0001-01;2022-01-01;26;126948;PETROLEO BRASILEIRO S.A. PETROBRAS;Debêntures;62283;618;780
33.000.167/0001-01;2022-01-01;26;126948;PETROLEO BRASILEIRO S.A. PETROBRAS;Nota Comercial;0;1;26
33.035.536/0001-00;2022-01-01;2;116829;JOAO FORTES ENGENHARIA S.A. - EM RECUPERAÇÃO JUDICIAL;Debêntures;0;37;1
33.041.260/0652-90;2022-01-01;14;126891;GRUPO CASAS BAHIA S.A.;Debêntures;1888;210;238
33.050.196/0001-88;2022-01-01;6;125873;CIA PAULISTA DE FORCA E LUZ;Debêntures;0;4;10
33.102.476/0001-92;2022-01-01;3;126041;MONTEIRO ARANHA S.A.;Debêntures;0;0;1
33.113.309/0001-47;2022-01-01;8;124561;VALID SOLUÇÕES S.A.;Debêntures;0;9;2
33.256.439/0001-39;2022-01-01;7;125889;ULTRAPAR PARTICIPACOES S.A.;Bônus de Subscrição;7;0;0
33.256.439/0001-39;2022-01-01;7;125889;ULTRAPAR PARTICIPACOES S.A.;Debêntures;0;0;84
33.256.439/0001-39;2022-01-01;7;125889;ULTRAPAR PARTICIPACOES S.A.;Nota Comercial;0;0;5
33.352.394/0001-04;2022-01-01;7;125340;CIA ESTADUAL DE ÁGUAS E ESGOTOS - CEDAE;Debêntures;0;3;0
33.376.989/0001-91;2022-01-01;31;125827;IRB - BRASIL RESSEGUROS S.A.;Debêntures;735;174;0
33.453.598/0001-23;2022-03-31;13;119171;RAÍZEN S.A.;Bônus de Subscrição;0;0;0
33.453.598/0001-23;2022-03-31;13;119171;RAÍZEN S.A.;Debêntures;4680;54;0
33.541.368/0001-16;2022-01-01;4;126138;AXIA ENERGIA NORDESTE S.A.;Debêntures;677;2;46
33.679.797/0001-54;2022-01-01;1;116297;PJBANK SECURITIZADORA S.A.;Debêntures;0;1;0
33.958.695/0001-78;2022-01-01;17;125570;UNIPAR CARBOCLORO S.A.;Debêntures;96;21;150
33.958.695/0001-78;2022-01-01;17;125570;UNIPAR CARBOCLORO S.A.;Nota Comercial;0;0;11
34.274.233/0001-02;2022-01-01;19;126115;VIBRA ENERGIA S/A;Debêntures;0;12;22
34.469.625/0001-19;2022-01-01;1;116080;COMPANHIA SECURITIZADORA DE CRÉDITOS FINANCEIROS VERT-PROVI;Debêntures;5;2;5
35.522.178/0001-87;2022-01-01;1;116063;CIA SECURITIZADORA DE CRED. FIN. CARTÕES CONSIGNADOS II;Debêntures;0;1;0
35.980.592/0001-30;2022-01-01;3;122643;ELEA DIGITAL INFRAESTRUTURA E REDES DE TELECOMUNICAÇÕES S.A.;Debêntures;0;3;0
36.146.575/0001-64;2022-01-01;2;118416;EIXO SP CONCESSIONÁRIA DE RODOVIAS S.A.;Debêntures;0;0;3
36.542.025/0001-64;2022-01-01;4;126487;BRQ SOLUCOES EM INFORMATICA S.A.;Debêntures;0;0;1
37.663.076/0001-07;2022-01-01;12;126658;AUREN PARTICIPAÇÕES S.A.;Nota Comercial;0;0;1
38.199.406/0001-18;2022-01-01;1;116752;RIO ALTO ENERGIAS RENOVÁVEIS S.A.;Debêntures;0;0;2
38.456.921/0001-36;2022-01-01;17;126317;INFRACOMMERCE CXAAS S.A.;Bônus de Subscrição;6;0;0
38.456.921/0001-36;2022-01-01;17;126317;INFRACOMMERCE CXAAS S.A.;Debêntures;0;0;1
38.456.921/0001-36;2022-01-01;17;126317;INFRACOMMERCE CXAAS S.A.;Nota Comercial;0;0;1
38.482.780/0001-26;2022-01-01;2;116947;ANEMUS WIND HOLDING S.A.;Debêntures;3919;0;50
39.580.673/0001-01;2022-01-01;5;125143;BRK AMBIENTAL - REGIÃO METROPOLITANA DE MACEIÓ S.A.;Debêntures;0;5;0
40.480.481/0001-02;2022-01-01;3;122051;RIO ALTO STL HOLDING I S.A.;Debêntures;0;3;6
40.593.395/0001-06;2022-01-01;4;123940;IFIN PARTICIPAÇÕES S.A.;Debêntures;305;24;150
40.593.395/0001-06;2022-04-01;1;116889;IFIN PARTICIPAÇÕES S.A.;Debêntures;305;24;150
41.096.674/0001-19;2022-01-01;4;125476;CANTU STORE S.A.;Bônus de Subscrição;2;0;3
41.508.382/0001-46;2022-01-01;2;118729;RODOVIAS DO BRASIL HOLDING S.A.;Debêntures;0;79;0
42.278.291/0001-24;2022-01-01;12;126924;LOG-IN LOGISTICA INTERMODAL S.A.;Debêntures;0;0;7
42.278.291/0001-24;2022-01-01;12;126924;LOG-IN LOGISTICA INTERMODAL S.A.;Nota Comercial;0;0;1
42.278.473/0001-03;2022-01-01;6;153341;WIZ CO PARTICIPAÇÕES E CORRETAGEM DE SEGUROS S.A.;Debêntures;98;36;32
42.292.007/0001-74;2022-01-01;2;124822;RIO+ SANEAMENTO BL 3 S.A.;Debêntures;0;0;4
42.310.775/0001-03;2022-01-01;1;115922;ÁGUAS DO RIO 1 SPE S.A.;Debêntures;0;11;0
42.353.180/0001-35;2022-01-01;2;120517;IGUÁ RIO DE JANEIRO S.A.;Debêntures;0;0;5
42.644.220/0001-06;2022-01-01;1;115918;ÁGUAS DO RIO 4 SPE S.A.;Debêntures;0;0;11
42.771.949/0001-35;2022-01-01;24;126973;ALLIANÇA SAÚDE E PARTICIPAÇÕES S.A.;Debêntures;4;5;24
43.335.774/0001-86;2022-01-01;2;116915;TRAVESSIA SECURITIZADORA DE CRÉDITOS MERCANTIS VI S.A.;Debêntures;0;0;1
43.470.988/0001-65;2022-01-01;9;126168;EVEN CONSTRUTORA E INCORPORADORA S.A.;Certificados de Recebíveis Imobiliários;600;13;15
43.776.517/0001-80;2022-01-01;11;126250;CIA SANEAMENTO BASICO EST SAO PAULO;Debêntures;5417;167;795
45.242.914/0001-05;2022-01-01;4;127200;C&A MODAS S.A.;Debêntures;0;0;28
45.242.914/0001-05;2022-01-01;4;127200;C&A MODAS S.A.;Nota Comercial;0;0;2
47.508.411/0001-56;2022-01-01;19;126097;CIA BRASILEIRA DE DISTRIBUICAO;Debêntures;0;0;169
47.508.411/0001-56;2022-01-01;19;126097;CIA BRASILEIRA DE DISTRIBUICAO;Nota Comercial;0;0;29
47.509.120/0001-82;2022-01-01;14;127228;BRADESCO LEASING S.A. ARREND MERCANTIL;Debêntures;0;0;1
47.960.950/0001-21;2022-01-01;5;126359;MAGAZINE LUIZA S.A.;Bônus de Subscrição;2;0;0
47.960.950/0001-21;2022-01-01;5;126359;MAGAZINE LUIZA S.A.;Debêntures;16;271;4
47.960.950/0001-21;2022-01-01;5;126359;MAGAZINE LUIZA S.A.;Nota Comercial;0;24;0
49.263.189/0001-02;2022-01-01;8;127138;HELBOR EMPREENDIMENTOS S.A.;Debêntures;0;3;3
49.669.856/0001-43;2022-01-01;14;127001;VESTE S.A. ESTILO;Debêntures;78;35;100
50.564.053/0001-03;2022-01-01;6;126403;BOMBRIL S.A. - EM RECUPERAÇÃO JUDICIAL;Debêntures;0;1;0
50.746.577/0001-15;2022-01-01;10;125763;COSAN S.A.;Debêntures;5;15;638
51.218.147/0001-93;2022-01-01;2;116759;IGUATEMI EMPRESA DE SHOPPING CENTERS S.A;Debêntures;7;174;0
51.466.860/0001-56;2022-03-31;9;119314;SAO MARTINHO S.A.;Certificado de Recebíveis do Agronegócio;17577;178;0
51.466.860/0001-56;2022-03-31;9;119314;SAO MARTINHO S.A.;Debêntures;0;1;0
52.123.916/0001-32;2022-01-01;1;116488;DORI ALIMENTOS S.A.;Debêntures Conversíveis;0;1;0
52.548.435/0001-79;2022-01-01;5;122240;JSL S.A.;Debêntures;1372;127;240
53.113.791/0001-22;2022-01-01;8;125611;TOTVS S.A.;Debêntures;0;0;4
56.444.250/0001-75;2022-01-01;1;116285;HAUSCENTER SA;Debêntures;3;2;6
56.643.018/0001-66;2022-01-01;5;125479;EUCATEX S.A. INDUSTRIA E COMERCIO;Nota Comercial;0;0;145000
58.430.828/0001-60;2022-01-01;9;125381;BLAU FARMACÊUTICA S.A.;Debêntures;0;0;2
59.285.411/0001-13;2022-01-01;16;126950;BCO PAN S.A.;Letras Financeiras;0;2;13
59.981.829/0001-65;2022-01-01;4;125843;RODOBENS SA;Debêntures;0;0;1
60.398.369/0004-79;2022-01-01;15;125627;PARANAPANEMA S.A. - EM RECUPERAÇÃO JUDICIAL;Debêntures Conversíveis;0;1;0
60.444.437/0001-46;2022-01-01;19;127409;LIGHT SERVICOS DE ELETRICIDADE S.A.;Debêntures;37382;33;869
60.444.437/0001-46;2022-01-01;19;127409;LIGHT SERVICOS DE ELETRICIDADE S.A.;Nota Comercial;0;1;0
60.537.263/0001-66;2022-01-01;8;125092;ALLPARK EMPREENDIMENTOS, PARTICIPAÇÕES E SERVIÇOS S.A.;Debêntures;0;15;3
60.637.238/0001-54;2022-01-01;8;120779;BLUE TECH SOLUTIONS EQI S.A.;Título de Investimento Coletivo;2856;32;23
60.665.981/0001-18;2022-01-01;11;125336;UNIÃO QUÍMICA FARMACÊUTICA NACIONAL S.A.;Debêntures;0;28;2
60.730.348/0001-66;2022-01-01;5;125605;CIA MELHORAMENTOS DE SAO PAULO;Certificados de Recebíveis Imobiliários;0;0;3
60.840.055/0001-31;2022-01-01;12;126644;FLEURY S.A.;Debêntures;0;0;153
60.894.730/0001-05;2022-01-01;15;126081;USINAS SID DE MINAS GERAIS S.A.-USIMINAS;Debêntures;0;0;224
60.933.603/0001-78;2022-01-01;5;126176;CESP - CIA ENERGETICA DE SAO PAULO;Debêntures;4061;24;28
61.022.042/0001-18;2022-01-01;11;125535;CONSTRUTORA ADOLPHO LINDENBERG S.A.;Certificados de Depósito de Valores Mobiliários;0;0;0
61.079.117/0001-05;2022-01-01;16;127160;ALPARGATAS S.A.;Debêntures;0;0;2
61.088.894/0001-08;2022-01-01;3;126488;CAMBUCI S.A.;Debêntures;0;1;0
61.156.113/0001-75;2022-01-01;9;125752;IOCHPE MAXION S.A.;Debêntures;7;5;326
61.189.288/0001-89;2022-01-01;16;126134;MARISA LOJAS S.A.;Debêntures;3;0;0
61.189.288/0001-89;2022-01-01;16;126134;MARISA LOJAS S.A.;Nota Comercial;0;0;2
61.190.096/0001-92;2022-01-01;3;122804;EUROFARMA LABORATÓRIOS S.A.;Debêntures;0;0;1
61.190.096/0001-92;2022-01-01;3;122804;EUROFARMA LABORATÓRIOS S.A.;Nota Comercial;0;0;25
61.409.892/0001-73;2022-01-01;14;127018;COMPANHIA BRASILEIRA DE ALUMÍNIO;Debêntures;0;0;1
61.486.650/0001-83;2022-01-01;17;124188;DIAGNOSTICOS DA AMERICA S.A.;Debêntures;40;6;430
61.486.650/0001-83;2022-01-01;17;124188;DIAGNOSTICOS DA AMERICA S.A.;Nota Comercial;0;0;1
61.532.644/0001-15;2022-01-01;7;127166;ITAÚSA S.A.;Debêntures;18;540;558
61.584.140/0001-49;2022-01-01;4;126923;REDE ENERGIA PARTICIPAÇÕES S.A.;Debêntures;0;1;0
61.585.865/0001-51;2022-01-01;8;126603;RAIA DROGASIL S.A.;Debêntures;22;4;46
61.695.227/0001-93;2022-01-01;2;116972;ELETROPAULO METROP. ELET. SAO PAULO S.A.;Debêntures;4757;18;459
61.695.227/0001-93;2022-01-01;2;116972;ELETROPAULO METROP. ELET. SAO PAULO S.A.;Nota Comercial;0;0;1
61.856.571/0001-17;2022-01-01;14;127282;CIA GAS DE SAO PAULO - COMGAS;Debêntures;11946;200;72
62.232.889/0001-90;2022-01-01;2;124991;BCO DAYCOVAL S.A.;Letras Financeiras;0;0;60
62.258.884/0001-36;2022-01-01;3;125839;INTERCEMENT BRASIL S.A. - EM RECUPERAÇÃO JUDICIAL;Debêntures;0;3;0
62.307.848/0001-15;2022-01-01;7;122251;BANCO RCI BRASIL S.A.;Letras Financeiras;0;0;0
64.904.295/0001-03;2022-02-28;8;118353;CAMIL ALIMENTOS S.A.;Debêntures;0;0;64
67.010.660/0001-24;2022-01-01;7;126947;RNI NEGÓCIOS IMOBILIÁRIOS S.A.;Certificados de Recebíveis Imobiliários;12000;0;0
67.571.414/0001-41;2022-01-01;12;126130;VIVER INCORPORADORA E CONSTRUTORA S.A.;Certificados de Recebíveis Imobiliários;0;0;1
67.571.414/0001-41;2022-01-01;12;126130;VIVER INCORPORADORA E CONSTRUTORA S.A.;Debêntures;5;0;2
67.620.377/0001-14;2022-01-01;15;126969;MINERVA S.A.;Debêntures;0;2;0
71.208.516/0001-74;2022-01-01;8;127123;ALGAR TELECOM S/A;Debêntures;2338;432;28
71.476.527/0001-35;2022-01-01;20;126239;CONSTRUTORA TENDA S.A.;Debêntures;0;34;0
71.673.990/0001-77;2022-01-01;9;121238;NATURA COSMÉTICOS S.A.;Debêntures;320;22;707
73.178.600/0001-18;2022-01-01;11;125767;CYRELA BRAZIL REALTY S.A.EMPREEND E PART;Certificados de Recebíveis Imobiliários;6134;25;16
73.178.600/0001-18;2022-01-01;11;125767;CYRELA BRAZIL REALTY S.A.EMPREEND E PART;Debêntures;0;0;156
73.903.718/0001-61;2022-01-01;1;116142;SNB PARTICIPACOES SA;Debêntures;0;1;0
75.315.333/0001-09;2022-01-01;19;127401;ATACADÃO S.A.;Debêntures;0;0;89
75.609.123/0001-23;2022-01-01;3;119004;UNIDAS LOCAÇÕES E SERVIÇOS S.A.;Debêntures;0;0;26
75.609.123/0001-23;2022-01-01;3;119004;UNIDAS LOCAÇÕES E SERVIÇOS S.A.;Nota Comercial;0;0;2
76.483.817/0001-20;2022-01-01;6;125885;CIA PARANAENSE DE ENERGIA - COPEL;Debêntures;8179;0;955
76.484.013/0001-45;2022-01-01;14;126125;CIA SANEAMENTO DO PARANA - SANEPAR;Debêntures;750;20;148
79.430.682/0001-22;2022-01-01;4;121210;FARMÁCIA E DROGARIA NISSEI S.A.;Debêntures;0;27;0
81.243.735/0001-48;2022-01-01;9;127114;POSITIVO TECNOLOGIA S.A.;Debêntures;0;2;44
82.120.676/0001-83;2022-01-01;1;115785;ALMEIDA JUNIOR SHOPPING CENTERS S.A.;Debêntures;0;1;0
82.640.558/0001-04;2022-01-01;3;125812;KARSTEN S.A.;Debêntures;0;0;0
82.982.075/0001-80;2022-01-01;1;116205;TEXTIL RENAUXVIEW S.A.;Debêntures;0;3;0
83.475.913/0001-91;2022-01-01;3;120117;PBG S/A;Debêntures;0;0;3
84.683.374/0001-49;2022-01-01;9;125809;TUPY S.A.;Debêntures;0;198;0
84.684.455/0001-63;2022-01-01;4;123067;TIGRE S.A. PARTICIPAÇÕES;Debêntures;0;0;9
85.041.333/0001-11;2022-01-01;1;115772;PORTO PONTA DO FELIX S/A;Debêntures;0;1;1
88.610.126/0001-29;2022-01-01;13;125562;FRASLE MOBILITY S.A.;Debêntures;0;2;0
89.086.144/0001-16;2022-01-01;9;127248;RANDONCORP S.A.;Debêntures;2;10;205
89.086.144/0001-16;2022-01-01;9;127248;RANDONCORP S.A.;Nota Comercial;0;2;0
89.637.490/0001-45;2022-01-01;10;125778;KLABIN S.A.;Certificado de Recebíveis do Agronegócio;23406;99;6
89.637.490/0001-45;2022-01-01;10;125778;KLABIN S.A.;Debêntures;142;13;10
92.665.611/0001-77;2022-01-01;2;123241;DIMED S.A. DISTRIBUIDORA DE MEDICAMENTOS;Debêntures;0;30;0
92.749.225/0001-63;2022-01-01;3;126268;HERCULES S.A. FABRICA DE TALHERES;Debêntures;1;0;0
92.754.738/0001-62;2022-01-01;11;126261;LOJAS RENNER S.A.;Debêntures;1;5;200
92.781.335/0001-02;2022-01-01;12;126653;TAURUS ARMAS S.A.;Debêntures;0;0;0
92.791.243/0001-03;2022-01-01;9;126910;IRANI PAPEL E EMBALAGEM S.A.;Debêntures;32;4;123
92.802.784/0001-90;2022-01-01;4;120405;CIA RIOGRANDENSE DE SANEAMENTO;Debêntures;2204;17;136
96.418.264/0218-02;2022-01-01;12;124399;LOJAS QUERO QUERO S.A.;Debêntures;0;2;0
97.837.181/0001-47;2022-01-01;9;126783;DEXCO S.A.;Debêntures;0;0;7
97.837.181/0001-47;2022-01-01;9;126783;DEXCO S.A.;Nota Comercial;0;2;1
