CNPJ_Companhia;Data_Referencia;Versao;ID_Documento;Nome_Companhia;Posicao;Quantidade_Ate30Anos;Quantidade_30a50Anos;Quantidade_Acima50Anos
00.000.000/0001-91;2023-12-31;19;137597;BCO BRASIL S.A.;Liderança;251;25620;5540
00.000.000/0001-91;2023-12-31;19;137597;BCO BRASIL S.A.;Năo-liderança;2548;39201;12793
00.000.208/0001-00;2023-12-31;13;135745;BRB BANCO DE BRASILIA S.A.;Liderança;12;562;122
00.000.208/0001-00;2023-12-31;13;135745;BRB BANCO DE BRASILIA S.A.;Năo-liderança;327;1966;463
00.001.180/0001-26;2023-12-31;23;136627;CENTRAIS ELET BRAS S.A. - ELETROBRAS;Liderança;1;641;265
00.001.180/0001-26;2023-12-31;23;136627;CENTRAIS ELET BRAS S.A. - ELETROBRAS;Năo-liderança;26;4664;4073
00.070.698/0001-11;2023-12-31;6;136076;COMPANHIA ENERGÉTICA DE BRASÍLIA - CEB;Liderança;0;22;8
00.070.698/0001-11;2023-12-31;6;136076;COMPANHIA ENERGÉTICA DE BRASÍLIA - CEB;Năo-liderança;6;36;10
00.080.671/0001-00;2023-12-31;3;133573;CARAMURU ALIMENTOS S.A.;Liderança;12;135;74
00.080.671/0001-00;2023-12-31;3;133573;CARAMURU ALIMENTOS S.A.;Năo-liderança;792;1104;278
00.194.724/0001-13;2023-12-31;7;137743;AUREN OPERAÇŐES S.A.;Liderança;5;75;16
00.194.724/0001-13;2023-12-31;7;137743;AUREN OPERAÇŐES S.A.;Năo-liderança;126;321;45
00.242.184/0001-04;2023-12-31;9;137763;ARMAC LOCAÇĂO, LOGÍSTICA E SERVIÇOS S.A.;Liderança;58;262;25
00.242.184/0001-04;2023-12-31;9;137763;ARMAC LOCAÇĂO, LOGÍSTICA E SERVIÇOS S.A.;Năo-liderança;993;1666;440
00.272.185/0001-93;2023-12-31;2;134548;CIMS S.A.;Liderança;1;0;0
00.272.185/0001-93;2023-12-31;2;134548;CIMS S.A.;Năo-liderança;1;0;0
00.336.701/0001-04;2023-12-31;15;136065;TELEC BRASILEIRAS S.A. TELEBRAS;Liderança;0;24;22
00.336.701/0001-04;2023-12-31;15;136065;TELEC BRASILEIRAS S.A. TELEBRAS;Năo-liderança;20;228;106
00.359.742/0001-08;2023-12-31;3;134771;FICTOR ALIMENTOS S.A.;Liderança;2;2;0
00.359.742/0001-08;2023-12-31;3;134771;FICTOR ALIMENTOS S.A.;Năo-liderança;17;2;0
00.383.281/0001-09;2023-12-31;4;137655;BNDES PARTICIPACOES S.A. - BNDESPAR;Liderança;0;45;3
00.383.281/0001-09;2023-12-31;4;137655;BNDES PARTICIPACOES S.A. - BNDESPAR;Năo-liderança;8;59;22
00.622.416/0001-41;2023-12-31;3;131091;STATKRAFT ENERGIAS RENOVAVEIS S.A.;Liderança;0;41;4
00.622.416/0001-41;2023-12-31;3;131091;STATKRAFT ENERGIAS RENOVAVEIS S.A.;Năo-liderança;63;148;8
00.644.907/0001-93;2023-12-31;2;135558;INVESTCO S.A.;Liderança;0;1;2
00.644.907/0001-93;2023-12-31;2;135558;INVESTCO S.A.;Năo-liderança;7;47;10
00.743.065/0001-27;2023-12-31;6;135452;LITEL PARTICIPACOES S.A.;Liderança;0;0;1
00.743.065/0001-27;2023-12-31;6;135452;LITEL PARTICIPACOES S.A.;Năo-liderança;0;0;1
00.776.574/0001-56;2023-12-31;14;138478;AMERICANAS S.A. - EM RECUPERAÇĂO JUDICIAL;Liderança;5414;3586;367
00.776.574/0001-56;2023-12-31;14;138478;AMERICANAS S.A. - EM RECUPERAÇĂO JUDICIAL;Năo-liderança;25466;7788;1009
00.864.214/0001-06;2023-12-31;19;137075;ENERGISA S.A.;Liderança;82;1012;113
00.864.214/0001-06;2023-12-31;19;137075;ENERGISA S.A.;Năo-liderança;3868;10710;747
00.924.429/0001-75;2023-12-31;9;137128;FERROVIA CENTRO-ATLANTICA S.A.;Liderança;5;193;8
00.924.429/0001-75;2023-12-31;9;137128;FERROVIA CENTRO-ATLANTICA S.A.;Năo-liderança;795;3386;402
00.938.574/0001-05;2023-12-31;6;135809;CONC RIO-TERESOPOLIS S.A.;Liderança;0;3;3
00.938.574/0001-05;2023-12-31;6;135809;CONC RIO-TERESOPOLIS S.A.;Năo-liderança;0;8;17
01.027.058/0001-91;2023-12-31;14;137009;CIELO S.A. -  INSTITUIÇĂO DE PAGAMENTO;Liderança;29;593;50
01.027.058/0001-91;2023-12-31;14;137009;CIELO S.A. -  INSTITUIÇĂO DE PAGAMENTO;Năo-liderança;997;3157;219
01.083.200/0001-18;2023-12-31;10;137710;NEOENERGIA S.A.;Liderança;52;934;116
01.083.200/0001-18;2023-12-31;10;137710;NEOENERGIA S.A.;Năo-liderança;3218;10319;767
01.104.937/0001-70;2023-12-31;1;127272;ELETROBRÁS PARTICIPAÇŐES S.A. - ELETROPAR;Liderança;0;1;0
01.104.937/0001-70;2023-12-31;1;127272;ELETROBRÁS PARTICIPAÇŐES S.A. - ELETROPAR;Năo-liderança;0;1;0
01.107.327/0001-20;2023-12-31;6;136712;BBM LOGÍSTICA S.A.;Liderança;23;288;43
01.107.327/0001-20;2023-12-31;6;136712;BBM LOGÍSTICA S.A.;Năo-liderança;1461;2839;897
01.258.944/0001-26;2023-12-31;6;137941;RUMO MALHA SUL S.A.;Liderança;37;420;28
01.258.944/0001-26;2023-12-31;6;137941;RUMO MALHA SUL S.A.;Năo-liderança;1706;5439;684
01.417.222/0001-77;2023-12-31;6;136053;MRS LOGISTICA S.A.;Liderança;14;300;36
01.417.222/0001-77;2023-12-31;6;136053;MRS LOGISTICA S.A.;Năo-liderança;1639;3950;514
01.545.826/0001-07;2023-12-31;27;138489;GAFISA S.A.;Liderança;5;119;7
01.545.826/0001-07;2023-12-31;27;138489;GAFISA S.A.;Năo-liderança;104;198;36
01.548.981/0001-79;2023-12-31;3;136132;INVESTIMENTOS BEMGE S.A.;Liderança;0;0;1
01.548.981/0001-79;2023-12-31;3;136132;INVESTIMENTOS BEMGE S.A.;Năo-liderança;0;0;1
01.599.101/0001-93;2023-12-31;32;137735;SEQUOIA LOGÍSTICA E TRANSPORTES S.A.;Liderança;33;344;44
01.599.101/0001-93;2023-12-31;32;137735;SEQUOIA LOGÍSTICA E TRANSPORTES S.A.;Năo-liderança;2380;2408;422
01.637.895/0001-32;2023-12-31;8;133933;VOTORANTIM CIMENTOS S.A.;Liderança;75;761;152
01.637.895/0001-32;2023-12-31;8;133933;VOTORANTIM CIMENTOS S.A.;Năo-liderança;1442;4749;1216
01.838.723/0001-27;2023-12-31;11;135972;BRF S.A.;Liderança;225;2490;318
01.838.723/0001-27;2023-12-31;11;135972;BRF S.A.;Năo-liderança;29523;51819;11848
01.851.771/0001-55;2023-12-31;2;136558;524 PARTICIPACOES S.A.;Liderança;0;0;0
01.851.771/0001-55;2023-12-31;2;136558;524 PARTICIPACOES S.A.;Năo-liderança;0;0;0
01.896.779/0001-38;2023-12-31;3;137625;CSU DIGITAL S.A.;Liderança;83;265;42
01.896.779/0001-38;2023-12-31;3;137625;CSU DIGITAL S.A.;Năo-liderança;3052;1549;179
01.917.818/0001-36;2023-12-31;7;133954;LIGHT ENERGIA S.A.;Liderança;0;5;1
01.917.818/0001-36;2023-12-31;7;133954;LIGHT ENERGIA S.A.;Năo-liderança;33;122;43
01.938.783/0001-11;2023-12-31;13;137376;CIA PARTICIPACOES ALIANCA DA BAHIA;Liderança;0;4;3
01.938.783/0001-11;2023-12-31;13;137376;CIA PARTICIPACOES ALIANCA DA BAHIA;Năo-liderança;5;11;11
01.957.772/0001-89;2023-12-31;2;130691;SUL 116 PARTICIPACOES S.A.;Liderança;0;1;1
01.957.772/0001-89;2023-12-31;2;130691;SUL 116 PARTICIPACOES S.A.;Năo-liderança;0;3;0
02.062.747/0001-08;2023-12-31;3;136561;SUDESTE S.A.;Liderança;0;0;0
02.062.747/0001-08;2023-12-31;3;136561;SUDESTE S.A.;Năo-liderança;0;0;0
02.149.205/0001-69;2023-12-31;10;137754;PORTO SEGURO S.A.;Liderança;31;1086;149
02.149.205/0001-69;2023-12-31;10;137754;PORTO SEGURO S.A.;Năo-liderança;3647;7824;718
02.162.616/0001-94;2023-12-31;2;127264;UPTICK PARTICIPACOES S.A. - EM LIQUIDAÇĂO;Liderança;0;0;1
02.162.616/0001-94;2023-12-31;2;127264;UPTICK PARTICIPACOES S.A. - EM LIQUIDAÇĂO;Năo-liderança;0;0;1
02.193.750/0001-52;2023-12-31;4;136564;DEXXOS PARTICIPAÇŐES S.A.;Liderança;2;48;31
02.193.750/0001-52;2023-12-31;4;136564;DEXXOS PARTICIPAÇŐES S.A.;Năo-liderança;154;435;161
02.217.319/0001-07;2023-12-31;5;135772;YBYRÁ CAPITAL S.A.;Liderança;0;1;0
02.217.319/0001-07;2023-12-31;5;135772;YBYRÁ CAPITAL S.A.;Năo-liderança;0;1;0
02.255.187/0001-08;2023-12-31;8;136653;UNIFIQUE TELECOMUNICAÇŐES S.A.;Liderança;48;137;2
02.255.187/0001-08;2023-12-31;8;136653;UNIFIQUE TELECOMUNICAÇŐES S.A.;Năo-liderança;925;533;32
02.258.422/0001-97;2023-12-31;3;135398;INEPAR EQUIPAMENTOS E MONTAGENS S/A - EM RECUPERACAO JUDICIA;Liderança;0;1;0
02.258.422/0001-97;2023-12-31;3;135398;INEPAR EQUIPAMENTOS E MONTAGENS S/A - EM RECUPERACAO JUDICIA;Năo-liderança;0;5;0
02.291.077/0001-93;2023-12-31;2;129159;PRODUTORES ENERGET.DE MANSO S.A.- PROMAN;Liderança;0;1;0
02.291.077/0001-93;2023-12-31;2;129159;PRODUTORES ENERGET.DE MANSO S.A.- PROMAN;Năo-liderança;0;0;1
02.302.101/0001-42;2023-12-31;9;135805;EMAE - EMPRESA METROP. DE AGUAS E ENERGIA S.A.;Liderança;1;16;50
02.302.101/0001-42;2023-12-31;9;135805;EMAE - EMPRESA METROP. DE AGUAS E ENERGIA S.A.;Năo-liderança;22;151;173
02.328.280/0001-97;2023-12-31;9;135991;ELEKTRO REDES S.A.;Liderança;15;224;25
02.328.280/0001-97;2023-12-31;9;135991;ELEKTRO REDES S.A.;Năo-liderança;723;2322;306
02.338.534/0001-58;2023-12-31;2;135907;LONGDIS S.A.;Liderança;0;1;0
02.338.534/0001-58;2023-12-31;2;135907;LONGDIS S.A.;Năo-liderança;0;1;0
02.351.144/0001-18;2023-12-31;9;135755;TEGMA GESTAO LOGISTICA S.A.;Liderança;11;197;53
02.351.144/0001-18;2023-12-31;9;135755;TEGMA GESTAO LOGISTICA S.A.;Năo-liderança;476;857;120
02.351.877/0001-52;2023-12-31;27;136130;LWSA S/A;Liderança;130;520;22
02.351.877/0001-52;2023-12-31;27;136130;LWSA S/A;Năo-liderança;1897;1297;32
02.357.251/0001-53;2023-12-31;6;136120;LIFEMED INDUSTRIAL DE EQUIP. E ART. MEDICOS E HOSP. S.A;Liderança;0;29;7
02.357.251/0001-53;2023-12-31;6;136120;LIFEMED INDUSTRIAL DE EQUIP. E ART. MEDICOS E HOSP. S.A;Năo-liderança;105;233;37
02.365.069/0001-44;2023-12-31;6;135744;PADTEC HOLDING S.A.;Liderança;0;0;1
02.365.069/0001-44;2023-12-31;6;135744;PADTEC HOLDING S.A.;Năo-liderança;0;0;1
02.387.241/0001-60;2023-12-31;17;137808;RUMO S.A.;Liderança;37;420;28
02.387.241/0001-60;2023-12-31;17;137808;RUMO S.A.;Năo-liderança;1706;5439;684
02.397.080/0001-96;2023-12-31;3;135956;ITAPEBI GERACAO DE ENERGIA S.A.;Liderança;0;31;6
02.397.080/0001-96;2023-12-31;3;135956;ITAPEBI GERACAO DE ENERGIA S.A.;Năo-liderança;24;41;4
02.421.421/0001-11;2023-12-31;8;135622;TIM S.A.;Liderança;4;694;139
02.421.421/0001-11;2023-12-31;8;135622;TIM S.A.;Năo-liderança;1997;6358;591
02.429.144/0001-93;2023-12-31;6;137649;CPFL ENERGIA S.A.;Liderança;0;8;4
02.429.144/0001-93;2023-12-31;6;137649;CPFL ENERGIA S.A.;Năo-liderança;2;2;2
02.474.103/0001-19;2023-12-31;11;136621;ENGIE BRASIL ENERGIA S.A.;Liderança;1;226;58
02.474.103/0001-19;2023-12-31;11;136621;ENGIE BRASIL ENERGIA S.A.;Năo-liderança;197;680;53
02.502.844/0001-66;2023-12-31;5;136583;RUMO MALHA PAULISTA S.A.;Liderança;37;420;28
02.502.844/0001-66;2023-12-31;5;136583;RUMO MALHA PAULISTA S.A.;Năo-liderança;1706;5439;684
02.558.157/0001-62;2023-12-31;7;135834;TELEFÔNICA BRASIL S.A;Liderança;190;3459;473
02.558.157/0001-62;2023-12-31;7;135834;TELEFÔNICA BRASIL S.A;Năo-liderança;7091;19164;2585
02.591.787/0001-39;2023-12-31;4;127141;CAPITALPART PARTICIPACOES S.A.;Liderança;0;0;0
02.591.787/0001-39;2023-12-31;4;127141;CAPITALPART PARTICIPACOES S.A.;Năo-liderança;0;0;0
02.664.042/0001-52;2023-12-31;2;135883;TERMINAL GARAGEM MENEZES CORTES S.A.;Liderança;0;3;2
02.664.042/0001-52;2023-12-31;2;135883;TERMINAL GARAGEM MENEZES CORTES S.A.;Năo-liderança;5;35;2
02.762.121/0001-04;2023-12-31;9;136600;SANTOS BRASIL PARTICIPACOES S.A.;Liderança;9;226;64
02.762.121/0001-04;2023-12-31;9;136600;SANTOS BRASIL PARTICIPACOES S.A.;Năo-liderança;624;1805;536
02.762.124/0001-30;2023-12-31;2;136559;BETAPART PARTICIPACOES S.A.;Liderança;0;0;0
02.762.124/0001-30;2023-12-31;2;136559;BETAPART PARTICIPACOES S.A.;Năo-liderança;0;0;0
02.796.775/0001-40;2023-12-31;2;136560;GAMA PARTICIPACOES S.A.;Liderança;0;0;0
02.796.775/0001-40;2023-12-31;2;136560;GAMA PARTICIPACOES S.A.;Năo-liderança;0;0;0
02.800.026/0001-40;2023-12-31;16;137698;COGNA EDUCAÇĂO S.A.;Liderança;190;1539;208
02.800.026/0001-40;2023-12-31;16;137698;COGNA EDUCAÇĂO S.A.;Năo-liderança;5544;13636;2228
02.846.056/0001-97;2023-12-31;10;136034;MOTIVA INFRAESTRUTURA DE MOBILIDADE S.A.;Liderança;170;1558;207
02.846.056/0001-97;2023-12-31;10;136034;MOTIVA INFRAESTRUTURA DE MOBILIDADE S.A.;Năo-liderança;4771;9184;1309
02.860.694/0001-62;2023-12-31;10;137709;T4F ENTRETENIMENTO S.A.;Liderança;3;14;3
02.860.694/0001-62;2023-12-31;10;137709;T4F ENTRETENIMENTO S.A.;Năo-liderança;38;25;2
02.916.265/0001-60;2023-12-31;10;137802;JBS S.A.;Liderança;1421;9475;2966
02.916.265/0001-60;2023-12-31;10;137802;JBS S.A.;Năo-liderança;80101;118952;46364
02.932.074/0001-91;2023-12-31;9;137158;HYPERA S.A.;Liderança;113;1059;108
02.932.074/0001-91;2023-12-31;9;137158;HYPERA S.A.;Năo-liderança;3627;5309;567
02.950.811/0001-89;2023-12-31;19;136543;PDG REALTY S.A. EMPREEND E PARTICIPACOES;Liderança;2;37;3
02.950.811/0001-89;2023-12-31;19;136543;PDG REALTY S.A. EMPREEND E PARTICIPACOES;Năo-liderança;34;65;2
02.992.449/0001-09;2023-12-31;2;136562;PROMPT PARTICIPACOES S.A.;Liderança;0;0;0
02.992.449/0001-09;2023-12-31;2;136562;PROMPT PARTICIPACOES S.A.;Năo-liderança;0;0;0
02.998.301/0001-81;2023-12-31;11;137175;RIO PARANAPANEMA ENERGIA S.A.;Liderança;17;14;1
02.998.301/0001-81;2023-12-31;11;137175;RIO PARANAPANEMA ENERGIA S.A.;Năo-liderança;173;77;0
02.998.611/0001-04;2023-12-31;11;137825;ISA ENERGIA BRASIL;Liderança;1;92;16
02.998.611/0001-04;2023-12-31;11;137825;ISA ENERGIA BRASIL;Năo-liderança;224;915;196
03.014.553/0001-91;2023-12-31;5;137796;TPI - TRIUNFO PARTICIP. E INVEST. S.A.;Liderança;1;13;12
03.014.553/0001-91;2023-12-31;5;137796;TPI - TRIUNFO PARTICIP. E INVEST. S.A.;Năo-liderança;6;23;5
03.220.438/0001-73;2023-12-31;15;137644;EQUATORIAL S.A.;Liderança;49;596;78
03.220.438/0001-73;2023-12-31;15;137644;EQUATORIAL S.A.;Năo-liderança;1787;4591;792
03.303.999/0001-36;2023-12-31;2;137637;DTCOM - DIRECT TO COMPANY S.A.;Liderança;0;4;1
03.303.999/0001-36;2023-12-31;2;137637;DTCOM - DIRECT TO COMPANY S.A.;Năo-liderança;12;21;2
03.342.704/0001-30;2023-12-31;15;136830;PETRORECÔNCAVO S.A.;Liderança;0;44;7
03.342.704/0001-30;2023-12-31;15;136830;PETRORECÔNCAVO S.A.;Năo-liderança;148;668;402
03.378.521/0001-75;2023-12-31;14;137859;LIGHT S.A. - EM RECUPERAÇĂO JUDICIAL;Liderança;3;135;22
03.378.521/0001-75;2023-12-31;14;137859;LIGHT S.A. - EM RECUPERAÇĂO JUDICIAL;Năo-liderança;672;3104;548
03.467.321/0001-99;2023-12-31;9;137724;ENERGISA MATO GROSSO-DISTRIBUIDORA DE ENERGIA S/A;Liderança;9;116;11
03.467.321/0001-99;2023-12-31;9;137724;ENERGISA MATO GROSSO-DISTRIBUIDORA DE ENERGIA S/A;Năo-liderança;552;1648;98
03.494.776/0001-01;2023-12-31;3;136822;AMMO VAREJO S.A.;Liderança;17;142;16
03.494.776/0001-01;2023-12-31;3;136822;AMMO VAREJO S.A.;Năo-liderança;270;391;106
03.758.318/0001-24;2023-12-31;11;136579;INVESTIMENTOS E PARTICIP. EM INFRA S.A. - INVEPAR;Liderança;4;162;30
03.758.318/0001-24;2023-12-31;11;136579;INVESTIMENTOS E PARTICIP. EM INFRA S.A. - INVEPAR;Năo-liderança;617;1268;178
03.795.050/0001-09;2023-12-31;3;135958;TERMOPERNAMBUCO S.A.;Liderança;0;6;2
03.795.050/0001-09;2023-12-31;3;135958;TERMOPERNAMBUCO S.A.;Năo-liderança;4;44;2
03.802.115/0001-98;2023-12-31;5;133891;CLEAR SALE S.A.;Liderança;29;265;15
03.802.115/0001-98;2023-12-31;5;133891;CLEAR SALE S.A.;Năo-liderança;1169;1255;46
03.847.461/0001-92;2023-12-31;7;137283;BRADESPAR S.A.;Liderança;0;2;17
03.847.461/0001-92;2023-12-31;7;137283;BRADESPAR S.A.;Năo-liderança;0;0;2
03.853.896/0001-40;2023-12-31;13;135325;MARFRIG GLOBAL FOODS S.A.;Liderança;238;1815;630
03.853.896/0001-40;2023-12-31;13;135325;MARFRIG GLOBAL FOODS S.A.;Năo-liderança;10356;15388;4107
03.983.431/0001-03;2023-12-31;6;135695;EDP - ENERGIAS DO BRASIL S.A.;Liderança;6;150;13
03.983.431/0001-03;2023-12-31;6;135695;EDP - ENERGIAS DO BRASIL S.A.;Năo-liderança;558;2150;267
04.030.182/0001-02;2023-12-31;3;135675;CABINDA PARTICIPACOES S.A.;Liderança;0;0;1
04.030.182/0001-02;2023-12-31;3;135675;CABINDA PARTICIPACOES S.A.;Năo-liderança;0;0;1
04.031.213/0001-31;2023-12-31;3;130703;CACONDE PARTICIPACOES S.A.;Liderança;0;0;1
04.031.213/0001-31;2023-12-31;3;130703;CACONDE PARTICIPACOES S.A.;Năo-liderança;0;0;1
04.032.433/0001-80;2023-12-31;8;134628;CONTAX PARTICIPAÇŐES S.A. - EM RECUPERAÇĂO JUDICIAL;Liderança;145;326;13
04.032.433/0001-80;2023-12-31;8;134628;CONTAX PARTICIPAÇŐES S.A. - EM RECUPERAÇĂO JUDICIAL;Năo-liderança;3495;4242;27
04.038.763/0001-82;2023-12-31;3;130704;CAIANDA PARTICIPACOES S.A.;Liderança;0;0;1
04.038.763/0001-82;2023-12-31;3;130704;CAIANDA PARTICIPACOES S.A.;Năo-liderança;0;0;1
04.065.053/0001-41;2023-12-31;2;133304;BRZ EMPREENDIMENTOS E CONSTRUÇŐES S.A.;Liderança;0;57;11
04.065.053/0001-41;2023-12-31;2;133304;BRZ EMPREENDIMENTOS E CONSTRUÇŐES S.A.;Năo-liderança;339;398;70
04.065.791/0001-99;2023-12-31;9;133013;SINQIA S.A.;Liderança;7;243;55
04.065.791/0001-99;2023-12-31;9;133013;SINQIA S.A.;Năo-liderança;688;1121;165
04.069.709/0001-02;2023-12-31;6;137072;BIONEXO S.A.;Liderança;7;63;8
04.069.709/0001-02;2023-12-31;6;137072;BIONEXO S.A.;Năo-liderança;166;242;10
04.149.454/0001-80;2023-12-31;5;135938;ECORODOVIAS INFRAESTRUTURA E LOGÍSTICA S.A.;Liderança;10;261;53
04.149.454/0001-80;2023-12-31;5;135938;ECORODOVIAS INFRAESTRUTURA E LOGÍSTICA S.A.;Năo-liderança;1486;2669;414
04.200.649/0001-07;2023-12-31;14;130507;COMPANHIA PROVINCIA DE SECURITIZACAO;Liderança;1;1;2
04.200.649/0001-07;2023-12-31;14;130507;COMPANHIA PROVINCIA DE SECURITIZACAO;Năo-liderança;6;6;0
04.212.396/0001-91;2023-12-31;6;136490;VOKE S.A.;Liderança;9;89;8
04.212.396/0001-91;2023-12-31;6;136490;VOKE S.A.;Năo-liderança;236;415;18
04.423.567/0001-21;2023-12-31;13;136750;ENEVA S.A;Liderança;6;223;46
04.423.567/0001-21;2023-12-31;13;136750;ENEVA S.A;Năo-liderança;233;889;93
04.739.720/0001-24;2023-12-31;7;132182;USINA TERMELÉTRICA PAMPA SUL S.A.;Liderança;1;17;2
04.739.720/0001-24;2023-12-31;7;132182;USINA TERMELÉTRICA PAMPA SUL S.A.;Năo-liderança;27;73;1
04.752.991/0001-10;2023-12-31;20;141370;BIOMM S.A.;Liderança;1;40;27
04.752.991/0001-10;2023-12-31;20;141370;BIOMM S.A.;Năo-liderança;20;62;6
04.821.041/0001-08;2023-12-31;5;137910;METALFRIO SOLUTIONS S.A.;Liderança;32;64;23
04.821.041/0001-08;2023-12-31;5;137910;METALFRIO SOLUTIONS S.A.;Năo-liderança;429;465;153
04.895.728/0001-80;2023-12-31;10;138025;EQUATORIAL PARÁ DISTRIBUIDORA DE ENERGIA S.A.;Liderança;3;112;14
04.895.728/0001-80;2023-12-31;10;138025;EQUATORIAL PARÁ DISTRIBUIDORA DE ENERGIA S.A.;Năo-liderança;136;782;209
04.902.979/0001-44;2023-12-31;9;134451;BCO AMAZONIA S.A.;Liderança;10;458;160
04.902.979/0001-44;2023-12-31;9;134451;BCO AMAZONIA S.A.;Năo-liderança;155;1099;985
04.912.242/0001-02;2023-12-31;1;127238;PORTUENSE FERRAGENS S/A;Liderança;0;3;0
04.912.242/0001-02;2023-12-31;1;127238;PORTUENSE FERRAGENS S/A;Năo-liderança;0;8;0
04.913.711/0001-08;2023-12-31;12;137750;BCO ESTADO DO PARA S.A.;Liderança;33;507;109
04.913.711/0001-08;2023-12-31;12;137750;BCO ESTADO DO PARA S.A.;Năo-liderança;128;1322;497
04.972.092/0001-22;2023-12-31;3;134391;GRUPO FARTURA DE HORTIFRUT S.A.;Liderança;123;433;51
04.972.092/0001-22;2023-12-31;3;134391;GRUPO FARTURA DE HORTIFRUT S.A.;Năo-liderança;3913;3106;474
04.986.320/0001-13;2023-12-31;7;137911;SER EDUCACIONAL S.A.;Liderança;195;1030;173
04.986.320/0001-13;2023-12-31;7;137911;SER EDUCACIONAL S.A.;Năo-liderança;3190;7542;1452
04.992.714/0001-84;2023-12-31;10;136720;NOVA TRANSPORTADORA DO SUDESTE S.A. - NTS;Liderança;1;36;8
04.992.714/0001-84;2023-12-31;10;136720;NOVA TRANSPORTADORA DO SUDESTE S.A. - NTS;Năo-liderança;35;152;15
05.197.443/0001-38;2023-12-31;18;137749;HAPVIDA PARTICIPAÇŐES E INVESTIMENTOS S.A.;Liderança;497;3001;416
05.197.443/0001-38;2023-12-31;18;137749;HAPVIDA PARTICIPAÇŐES E INVESTIMENTOS S.A.;Năo-liderança;22869;35463;4913
05.303.439/0001-07;2023-12-31;9;151870;UNIGEL PARTICIPAÇŐES S.A.;Liderança;3;145;124
05.303.439/0001-07;2023-12-31;9;151870;UNIGEL PARTICIPAÇŐES S.A.;Năo-liderança;381;1001;335
05.347.060/0001-07;2023-12-31;4;135611;INTERPLAYERS SOLUÇŐES INTEGRADAS S.A.;Liderança;18;129;12
05.347.060/0001-07;2023-12-31;4;135611;INTERPLAYERS SOLUÇŐES INTEGRADAS S.A.;Năo-liderança;458;423;44
05.878.397/0001-32;2023-12-31;12;137501;ALLOS S.A.;Liderança;27;277;50
05.878.397/0001-32;2023-12-31;12;137501;ALLOS S.A.;Năo-liderança;688;1354;213
05.917.486/0001-40;2023-12-31;6;135924;LIVETECH DA BAHIA INDÚSTRIA E COMÉRCIO S.A.;Liderança;3;28;10
05.917.486/0001-40;2023-12-31;6;135924;LIVETECH DA BAHIA INDÚSTRIA E COMÉRCIO S.A.;Năo-liderança;93;167;18
06.047.087/0001-39;2023-12-31;8;137033;REDE D'OR SĂO LUIZ S.A.;Liderança;3;211;79
06.047.087/0001-39;2023-12-31;8;137033;REDE D'OR SĂO LUIZ S.A.;Năo-liderança;20162;43884;6687
06.057.223/0001-71;2023-12-31;23;137036;SENDAS DISTRIBUIDORA S.A.;Liderança;1511;4284;399
06.057.223/0001-71;2023-12-31;23;137036;SENDAS DISTRIBUIDORA S.A.;Năo-liderança;32750;30406;4548
06.164.253/0001-87;2023-12-31;17;137756;GOL LINHAS AEREAS INTELIGENTES S.A.;Liderança;11;381;63
06.164.253/0001-87;2023-12-31;17;137756;GOL LINHAS AEREAS INTELIGENTES S.A.;Năo-liderança;2956;9664;1749
06.272.793/0001-84;2023-12-31;8;136841;EQUATORIAL MARANHĂO DISTRIBUIDORA DE ENERGIA S.A.;Liderança;4;177;28
06.272.793/0001-84;2023-12-31;8;136841;EQUATORIAL MARANHĂO DISTRIBUIDORA DE ENERGIA S.A.;Năo-liderança;199;975;116
06.626.253/0001-51;2023-12-31;16;137001;EMPREENDIMENTOS PAGUE MENOS S.A.;Liderança;290;1290;53
06.626.253/0001-51;2023-12-31;16;137001;EMPREENDIMENTOS PAGUE MENOS S.A.;Năo-liderança;8188;10207;933
06.977.751/0001-49;2023-12-31;11;133016;BR PROPERTIES S.A.;Liderança;0;6;4
06.977.751/0001-49;2023-12-31;11;133016;BR PROPERTIES S.A.;Năo-liderança;11;47;8
07.040.108/0001-57;2023-12-31;7;136578;CAGECE - CIA DE AGUA E ESGOTO DO CEARA;Liderança;6;59;330
07.040.108/0001-57;2023-12-31;7;136578;CAGECE - CIA DE AGUA E ESGOTO DO CEARA;Năo-liderança;8;409;373
07.043.628/0001-13;2023-12-31;2;128407;CLARO TELECOM PARTICIPAÇŐES S.A.;Liderança;0;0;1
07.043.628/0001-13;2023-12-31;2;128407;CLARO TELECOM PARTICIPAÇŐES S.A.;Năo-liderança;0;0;1
07.047.251/0001-70;2023-12-31;8;136509;CIA ENERGETICA DO CEARA - COELCE;Liderança;1;92;21
07.047.251/0001-70;2023-12-31;8;136509;CIA ENERGETICA DO CEARA - COELCE;Năo-liderança;113;677;145
07.206.816/0001-15;2023-12-31;3;135587;M.DIAS BRANCO S.A. IND COM DE ALIMENTOS;Liderança;71;1140;195
07.206.816/0001-15;2023-12-31;3;135587;M.DIAS BRANCO S.A. IND COM DE ALIMENTOS;Năo-liderança;3128;9912;1714
07.237.373/0001-20;2023-12-31;20;136818;BCO NORDESTE DO BRASIL S.A.;Liderança;61;2026;671
07.237.373/0001-20;2023-12-31;20;136818;BCO NORDESTE DO BRASIL S.A.;Năo-liderança;193;2457;1186
07.253.321/0001-47;2023-12-31;2;135697;CARBOMIL SA MINER. E INDUSTRIA;Liderança;0;0;4
07.253.321/0001-47;2023-12-31;2;135697;CARBOMIL SA MINER. E INDUSTRIA;Năo-liderança;0;10;0
07.275.159/0001-68;2023-12-31;7;137227;PETROLEO LUB DO NORDESTE SA;Liderança;0;1;0
07.275.159/0001-68;2023-12-31;7;137227;PETROLEO LUB DO NORDESTE SA;Năo-liderança;0;1;0
07.334.600/0001-35;2023-12-31;1;127088;MARINA DE IRACEMA PARK SA;Liderança;0;0;0
07.334.600/0001-35;2023-12-31;1;127088;MARINA DE IRACEMA PARK SA;Năo-liderança;52;132;20
07.415.333/0001-20;2023-12-31;9;136208;SIMPAR S.A.;Liderança;371;2073;321
07.415.333/0001-20;2023-12-31;9;136208;SIMPAR S.A.;Năo-liderança;13294;21768;5039
07.437.016/0001-05;2023-12-31;1;127753;CINESYSTEM S.A.;Liderança;34;68;4
07.437.016/0001-05;2023-12-31;1;127753;CINESYSTEM S.A.;Năo-liderança;315;145;21
07.526.557/0001-00;2023-12-31;14;136881;AMBEV S.A.;Liderança;2642;4513;272
07.526.557/0001-00;2023-12-31;14;136881;AMBEV S.A.;Năo-liderança;6266;12927;1588
07.594.978/0001-78;2023-12-31;16;138419;SMARTFIT ESCOLA DE GINÁSTICA E DANÇA S.A.;Liderança;114;563;12
07.594.978/0001-78;2023-12-31;16;138419;SMARTFIT ESCOLA DE GINÁSTICA E DANÇA S.A.;Năo-liderança;2661;2920;86
07.689.002/0001-89;2023-12-31;9;138085;EMBRAER S.A.;Liderança;5;733;207
07.689.002/0001-89;2023-12-31;9;138085;EMBRAER S.A.;Năo-liderança;2676;11178;1918
07.704.246/0001-93;2023-12-31;3;137029;DATORA PARTICIPAÇŐES E SERVIÇOS S.A.;Liderança;1;35;9
07.704.246/0001-93;2023-12-31;3;137029;DATORA PARTICIPAÇŐES E SERVIÇOS S.A.;Năo-liderança;41;123;13
07.718.269/0001-57;2023-12-31;9;139822;SPRINGS GLOBAL PARTICIPACOES S.A.;Liderança;0;2;12
07.718.269/0001-57;2023-12-31;9;139822;SPRINGS GLOBAL PARTICIPACOES S.A.;Năo-liderança;1;0;0
07.816.890/0001-53;2023-12-31;7;137757;MULTIPLAN - EMPREEND IMOBILIARIOS S.A.;Liderança;0;33;6
07.816.890/0001-53;2023-12-31;7;137757;MULTIPLAN - EMPREEND IMOBILIARIOS S.A.;Năo-liderança;66;173;34
07.820.907/0001-46;2023-12-31;4;133675;FICA EMPREENDIMENTOS IMOBILIÁRIOS S.A.;Liderança;0;6;1
07.820.907/0001-46;2023-12-31;4;133675;FICA EMPREENDIMENTOS IMOBILIÁRIOS S.A.;Năo-liderança;2;9;0
07.857.093/0001-14;2023-12-31;7;134376;AURA MINERALS INC.;Liderança;13;170;12
07.857.093/0001-14;2023-12-31;7;134376;AURA MINERALS INC.;Năo-liderança;304;574;76
07.857.850/0001-50;2023-12-31;9;134240;GP INVESTMENTS, LTD.;Liderança;0;8;4
07.857.850/0001-50;2023-12-31;9;134240;GP INVESTMENTS, LTD.;Năo-liderança;14;9;2
07.859.510/0001-68;2023-12-31;3;131289;JHSF MALLS S.A.;Liderança;2;34;6
07.859.510/0001-68;2023-12-31;3;131289;JHSF MALLS S.A.;Năo-liderança;19;10;2
07.859.971/0001-30;2023-12-31;18;137638;TRANSMISSORA ALIANÇA DE ENERGIA ELÉTRICA S.A.;Liderança;1;56;17
07.859.971/0001-30;2023-12-31;18;137638;TRANSMISSORA ALIANÇA DE ENERGIA ELÉTRICA S.A.;Năo-liderança;93;504;61
07.882.930/0001-65;2023-12-31;9;137635;MITRE REALTY EMPREENDIMENTOS E PARTICIPAÇŐES S.A.;Liderança;9;93;4
07.882.930/0001-65;2023-12-31;9;137635;MITRE REALTY EMPREENDIMENTOS E PARTICIPAÇŐES S.A.;Năo-liderança;258;282;37
07.976.147/0001-60;2023-12-31;3;131570;MOVIDA LOCAÇĂO DE VEÍCULOS S.A.;Liderança;108;478;32
07.976.147/0001-60;2023-12-31;3;131570;MOVIDA LOCAÇĂO DE VEÍCULOS S.A.;Năo-liderança;2140;2221;267
08.065.557/0001-12;2023-12-31;13;137939;TECNISA S.A.;Liderança;0;26;6
08.065.557/0001-12;2023-12-31;13;137939;TECNISA S.A.;Năo-liderança;86;193;38
08.078.847/0001-09;2023-12-31;8;137144;LPS BRASIL - CONSULTORIA DE IMOVEIS S.A.;Liderança;7;83;27
08.078.847/0001-09;2023-12-31;8;137144;LPS BRASIL - CONSULTORIA DE IMOVEIS S.A.;Năo-liderança;142;180;23
08.159.965/0001-33;2023-12-31;9;134562;IGUA SANEAMENTO S.A.;Liderança;50;274;19
08.159.965/0001-33;2023-12-31;9;134562;IGUA SANEAMENTO S.A.;Năo-liderança;638;1388;143
08.170.849/0001-15;2023-12-31;17;135989;DESKTOP S.A.;Liderança;96;233;21
08.170.849/0001-15;2023-12-31;17;135989;DESKTOP S.A.;Năo-liderança;2013;1054;74
08.294.224/0001-65;2023-12-31;12;137694;JHSF PARTICIPACOES S.A.;Liderança;52;265;41
08.294.224/0001-65;2023-12-31;12;137694;JHSF PARTICIPACOES S.A.;Năo-liderança;842;1074;267
08.312.229/0001-73;2023-12-31;8;137519;EZ TEC EMPREEND. E PARTICIPACOES S.A.;Liderança;1;48;8
08.312.229/0001-73;2023-12-31;8;137519;EZ TEC EMPREEND. E PARTICIPACOES S.A.;Năo-liderança;283;561;179
08.324.196/0001-81;2023-12-31;9;136190;CIA ENERGETICA DO RIO GDE NORTE - COSERN;Liderança;3;54;13
08.324.196/0001-81;2023-12-31;9;136190;CIA ENERGETICA DO RIO GDE NORTE - COSERN;Năo-liderança;226;654;73
08.343.492/0001-20;2023-12-31;19;137479;MRV ENGENHARIA E PARTICIPACOES S.A.;Liderança;304;1004;75
08.343.492/0001-20;2023-12-31;19;137479;MRV ENGENHARIA E PARTICIPACOES S.A.;Năo-liderança;5821;8606;2483
08.364.948/0001-38;2023-12-31;7;135895;ALUPAR INVESTIMENTO S/A;Liderança;0;11;5
08.364.948/0001-38;2023-12-31;7;135895;ALUPAR INVESTIMENTO S/A;Năo-liderança;6;30;0
08.397.078/0001-01;2023-12-31;6;136026;GSH CORP PARTICIPAÇŐES S.A.;Liderança;38;181;9
08.397.078/0001-01;2023-12-31;6;136026;GSH CORP PARTICIPAÇŐES S.A.;Năo-liderança;615;920;80
08.402.943/0001-52;2023-12-31;3;137765;GUARARAPES CONFECCOES S.A.;Liderança;336;1486;61
08.402.943/0001-52;2023-12-31;3;137765;GUARARAPES CONFECCOES S.A.;Năo-liderança;15488;12813;971
08.424.178/0001-71;2023-12-31;1;127296;TECBLU TECELAGEM BLUMENAU S.A.;Liderança;0;0;1
08.424.178/0001-71;2023-12-31;1;127296;TECBLU TECELAGEM BLUMENAU S.A.;Năo-liderança;0;0;1
08.467.115/0001-00;2023-12-31;10;137686;CIA ESTADUAL DE DISTRIB ENER ELET-CEEE-D;Liderança;1;58;5
08.467.115/0001-00;2023-12-31;10;137686;CIA ESTADUAL DE DISTRIB ENER ELET-CEEE-D;Năo-liderança;26;681;199
08.560.444/0001-93;2023-12-31;6;135934;CIA CELG DE PARTICIPACOES - CELGPAR;Liderança;2;12;4
08.560.444/0001-93;2023-12-31;6;135934;CIA CELG DE PARTICIPACOES - CELGPAR;Năo-liderança;12;89;24
08.574.411/0001-00;2023-12-31;5;137653;PRÁTICA PRODUTOS S.A.;Liderança;8;62;15
08.574.411/0001-00;2023-12-31;5;137653;PRÁTICA PRODUTOS S.A.;Năo-liderança;216;275;22
08.764.621/0001-53;2023-12-31;3;130729;GENERAL SHOPPING E OUTLETS DO BRASIL BRASIL S.A.;Liderança;0;7;9
08.764.621/0001-53;2023-12-31;3;130729;GENERAL SHOPPING E OUTLETS DO BRASIL BRASIL S.A.;Năo-liderança;24;40;3
08.773.135/0001-00;2023-12-31;12;136052;2W ECOBANK S.A. - EM RECUPERAÇĂO JUDICIAL;Liderança;7;29;5
08.773.135/0001-00;2023-12-31;12;136052;2W ECOBANK S.A. - EM RECUPERAÇĂO JUDICIAL;Năo-liderança;41;71;1
08.773.191/0001-36;2023-12-31;3;136984;BRASILIANA PARTICIPAÇŐES S/A;Liderança;0;1;0
08.773.191/0001-36;2023-12-31;3;136984;BRASILIANA PARTICIPAÇŐES S/A;Năo-liderança;0;1;0
08.795.211/0001-70;2023-12-31;6;136568;MAESTRO LOCADORA DE VEICULOS S.A.;Liderança;2;10;9
08.795.211/0001-70;2023-12-31;6;136568;MAESTRO LOCADORA DE VEICULOS S.A.;Năo-liderança;15;32;8
08.797.760/0001-83;2023-12-31;10;137337;CURY CONSTRUTORA E INCORPORADORA S.A.;Liderança;13;81;17
08.797.760/0001-83;2023-12-31;10;137337;CURY CONSTRUTORA E INCORPORADORA S.A.;Năo-liderança;541;850;189
08.801.621/0001-86;2023-12-31;9;135971;SYN PROP & TECH S.A.;Liderança;7;85;7
08.801.621/0001-86;2023-12-31;9;135971;SYN PROP & TECH S.A.;Năo-liderança;101;142;14
08.807.432/0001-10;2023-12-31;18;137953;YDUQS PARTICIPACOES S.A.;Liderança;188;1105;133
08.807.432/0001-10;2023-12-31;18;137953;YDUQS PARTICIPACOES S.A.;Năo-liderança;2701;8950;2528
08.810.422/0001-34;2023-12-31;1;128027;GUARARAPES PAINÉIS S.A.;Liderança;2;53;17
08.810.422/0001-34;2023-12-31;1;128027;GUARARAPES PAINÉIS S.A.;Năo-liderança;246;327;39
08.811.643/0001-27;2023-12-31;6;137607;TRISUL S.A.;Liderança;25;25;21
08.811.643/0001-27;2023-12-31;6;137607;TRISUL S.A.;Năo-liderança;99;97;97
08.902.291/0001-15;2023-12-31;4;135595;CSN MINERAÇĂO S.A.;Liderança;16;233;55
08.902.291/0001-15;2023-12-31;4;135595;CSN MINERAÇĂO S.A.;Năo-liderança;2762;3967;656
08.935.054/0001-50;2023-12-31;2;133497;MULTINER S/A;Liderança;0;8;1
08.935.054/0001-50;2023-12-31;2;133497;MULTINER S/A;Năo-liderança;6;10;2
09.041.168/0001-10;2023-12-31;9;136085;LOG COMMERCIAL PROPERTIES E PARTICIPAÇŐES;Liderança;7;67;4
09.041.168/0001-10;2023-12-31;9;136085;LOG COMMERCIAL PROPERTIES E PARTICIPAÇŐES;Năo-liderança;165;263;97
09.042.817/0001-05;2023-12-31;17;138088;BEMOBI MOBILE TECH S.A.;Liderança;11;100;9
09.042.817/0001-05;2023-12-31;17;138088;BEMOBI MOBILE TECH S.A.;Năo-liderança;224;401;22
09.053.134/0001-45;2023-12-31;5;133317;ELFA MEDICAMENTOS S.A.;Liderança;16;248;35
09.053.134/0001-45;2023-12-31;5;133317;ELFA MEDICAMENTOS S.A.;Năo-liderança;963;1431;136
09.054.385/0001-44;2023-12-31;1;127468;INBRANDS S.A.;Liderança;30;229;37
09.054.385/0001-44;2023-12-31;1;127468;INBRANDS S.A.;Năo-liderança;881;880;207
09.112.685/0001-32;2023-12-31;6;136743;OSX BRASIL S.A. - EM RECUPERAÇĂO JUDICIAL;Liderança;0;2;0
09.112.685/0001-32;2023-12-31;6;136743;OSX BRASIL S.A. - EM RECUPERAÇĂO JUDICIAL;Năo-liderança;1;4;0
09.114.805/0001-30;2023-12-31;13;137832;OCEANPACT SERVIÇOS MARITIMOS S.A.;Liderança;96;356;102
09.114.805/0001-30;2023-12-31;13;137832;OCEANPACT SERVIÇOS MARITIMOS S.A.;Năo-liderança;268;1037;164
09.146.451/0001-06;2023-12-31;8;135850;KALLAS INCORPORAÇŐES E CONSTRUÇŐES S.A.;Liderança;0;6;0
09.146.451/0001-06;2023-12-31;8;135850;KALLAS INCORPORAÇŐES E CONSTRUÇŐES S.A.;Năo-liderança;221;330;65
09.229.201/0001-30;2023-12-31;7;135939;GPS PARTICIPAÇŐES E EMPREENDIMENTOS S.A.;Liderança;111;1449;264
09.229.201/0001-30;2023-12-31;7;135939;GPS PARTICIPAÇŐES E EMPREENDIMENTOS S.A.;Năo-liderança;33936;82366;22657
09.257.877/0001-37;2023-12-31;9;136086;FERROVIA NORTE SUL S/A;Liderança;4;33;0
09.257.877/0001-37;2023-12-31;9;136086;FERROVIA NORTE SUL S/A;Năo-liderança;170;503;29
09.267.996/0001-70;2023-12-31;9;137987;YUNY INCORPORADORA HOLDING S.A.;Liderança;0;28;2
09.267.996/0001-70;2023-12-31;9;137987;YUNY INCORPORADORA HOLDING S.A.;Năo-liderança;15;23;2
09.288.252/0001-32;2023-12-31;15;138415;ANIMA HOLDING S.A.;Liderança;149;1086;164
09.288.252/0001-32;2023-12-31;15;138415;ANIMA HOLDING S.A.;Năo-liderança;3888;9668;2695
09.295.063/0001-97;2023-12-31;3;137795;TECHNOS S.A.;Liderança;17;42;8
09.295.063/0001-97;2023-12-31;3;137795;TECHNOS S.A.;Năo-liderança;33;306;22
09.305.994/0001-29;2023-12-31;14;137785;AZUL S.A.;Liderança;137;2255;506
09.305.994/0001-29;2023-12-31;14;137785;AZUL S.A.;Năo-liderança;2875;7688;786
09.346.601/0001-25;2023-12-31;17;137720;B3 S.A. - BRASIL, BOLSA, BALCĂO;Liderança;6;487;42
09.346.601/0001-25;2023-12-31;17;137720;B3 S.A. - BRASIL, BOLSA, BALCĂO;Năo-liderança;845;1247;108
09.347.516/0001-81;2023-12-31;12;136820;ELETROMIDIA S.A.;Liderança;8;103;13
09.347.516/0001-81;2023-12-31;12;136820;ELETROMIDIA S.A.;Năo-liderança;162;371;29
09.527.023/0001-23;2023-12-31;6;139422;ENVIRONMENTAL ESG PARTICIPAÇŐES S.A.;Liderança;57;474;102
09.527.023/0001-23;2023-12-31;6;139422;ENVIRONMENTAL ESG PARTICIPAÇŐES S.A.;Năo-liderança;1855;5207;1259
09.611.768/0001-76;2023-12-31;4;138011;INC EMPREENDIMENTOS IMOBILIÁRIOS S.A.;Liderança;8;21;5
09.611.768/0001-76;2023-12-31;4;138011;INC EMPREENDIMENTOS IMOBILIÁRIOS S.A.;Năo-liderança;301;393;95
09.813.204/0001-16;2023-12-31;2;134424;W2W E-COMMERCE DE VINHOS S.A.;Liderança;13;66;2
09.813.204/0001-16;2023-12-31;2;134424;W2W E-COMMERCE DE VINHOS S.A.;Năo-liderança;297;167;12
10.139.870/0001-08;2023-12-31;5;146843;NEOGRID PARTICIPAÇŐES S.A.;Liderança;12;113;2
10.139.870/0001-08;2023-12-31;5;146843;NEOGRID PARTICIPAÇŐES S.A.;Năo-liderança;346;422;14
10.285.590/0001-08;2023-12-31;10;137695;GRUPO DE MODA SOMA S.A.;Liderança;135;939;63
10.285.590/0001-08;2023-12-31;10;137695;GRUPO DE MODA SOMA S.A.;Năo-liderança;7091;4707;1041
10.324.624/0001-18;2023-12-31;5;137863;CONCESSĂO METROVIÁRIA DO RIO DE JANEIRO S.A.;Liderança;2;150;16
10.324.624/0001-18;2023-12-31;5;137863;CONCESSĂO METROVIÁRIA DO RIO DE JANEIRO S.A.;Năo-liderança;314;1431;243
10.338.320/0001-00;2023-12-31;5;135815;AFLUENTE TRANSMISSĂO DE ENERGIA ELÉTRICA S/A;Liderança;0;2;0
10.338.320/0001-00;2023-12-31;5;135815;AFLUENTE TRANSMISSĂO DE ENERGIA ELÉTRICA S/A;Năo-liderança;2;3;0
10.488.244/0001-19;2023-12-31;2;136018;INFRASEC SECURITIZADORA S.A.;Liderança;0;0;1
10.488.244/0001-19;2023-12-31;2;136018;INFRASEC SECURITIZADORA S.A.;Năo-liderança;0;0;1
10.502.676/0001-37;2023-12-31;1;127426;TERMELÉTRICA PERNAMBUCO III S.A.;Liderança;0;7;3
10.502.676/0001-37;2023-12-31;1;127426;TERMELÉTRICA PERNAMBUCO III S.A.;Năo-liderança;2;25;2
10.571.175/0001-02;2023-12-31;10;136844;URBA DESENVOLVIMENTO URBANO S.A.;Liderança;11;65;5
10.571.175/0001-02;2023-12-31;10;136844;URBA DESENVOLVIMENTO URBANO S.A.;Năo-liderança;165;160;65
10.629.105/0001-68;2023-12-31;19;136834;PRIO S.A.;Liderança;3;115;21
10.629.105/0001-68;2023-12-31;19;136834;PRIO S.A.;Năo-liderança;107;345;54
10.635.691/0001-53;2023-12-31;2;144513;VIARONDON CONCESSIONÁRIA DE RODOVIA S.A.;Liderança;22;59;7
10.635.691/0001-53;2023-12-31;2;144513;VIARONDON CONCESSIONÁRIA DE RODOVIA S.A.;Năo-liderança;200;290;67
10.739.356/0001-03;2023-12-31;8;133425;BRBI BR PARTNERS S.A;Liderança;2;37;11
10.739.356/0001-03;2023-12-31;8;133425;BRBI BR PARTNERS S.A;Năo-liderança;75;23;3
10.760.260/0001-19;2023-12-31;23;138038;CVC BRASIL OPERADORA E AGĘNCIA DE VIAGENS S.A.;Liderança;18;325;26
10.760.260/0001-19;2023-12-31;23;138038;CVC BRASIL OPERADORA E AGĘNCIA DE VIAGENS S.A.;Năo-liderança;506;1459;98
10.807.374/0001-77;2023-12-31;4;131521;BOA SAFRA SEMENTES S.A.;Liderança;3;24;2
10.807.374/0001-77;2023-12-31;4;131521;BOA SAFRA SEMENTES S.A.;Năo-liderança;184;193;26
10.835.932/0001-08;2023-12-31;9;135992;CIA ENERGETICA DE PERNAMBUCO - CELPE;Liderança;6;169;13
10.835.932/0001-08;2023-12-31;9;135992;CIA ENERGETICA DE PERNAMBUCO - CELPE;Năo-liderança;830;2411;118
10.851.805/0001-00;2023-12-31;1;130805;FLEX GESTĂO DE RELACIONAMENTOS S.A.-EM RECUPERAÇĂO JUDICIAL;Liderança;76;264;32
10.851.805/0001-00;2023-12-31;1;130805;FLEX GESTĂO DE RELACIONAMENTOS S.A.-EM RECUPERAÇĂO JUDICIAL;Năo-liderança;2463;1589;263
11.257.352/0001-43;2023-12-31;2;128319;BSI CAPITAL SECURITIZADORA S.A.;Liderança;0;2;0
11.257.352/0001-43;2023-12-31;2;128319;BSI CAPITAL SECURITIZADORA S.A.;Năo-liderança;2;0;0
11.284.204/0001-18;2023-12-31;7;135896;YOU INC INCORPORADORA E PARTICIPAÇĂO S.A;Liderança;29;56;8
11.284.204/0001-18;2023-12-31;7;135896;YOU INC INCORPORADORA E PARTICIPAÇĂO S.A;Năo-liderança;29;12;2
11.421.994/0001-36;2023-12-31;18;137737;ORIZON VALORIZAÇĂO DE RESÍDUOS S.A.;Liderança;9;81;21
11.421.994/0001-36;2023-12-31;18;137737;ORIZON VALORIZAÇĂO DE RESÍDUOS S.A.;Năo-liderança;565;1019;284
11.669.021/0001-10;2023-12-31;14;135683;ENAUTA PARTICIPAÇŐES S.A.;Liderança;0;40;21
11.669.021/0001-10;2023-12-31;14;135683;ENAUTA PARTICIPAÇŐES S.A.;Năo-liderança;18;73;15
11.716.471/0001-17;2023-12-31;1;128179;TRX SECURITIZADORA S.A.;Liderança;0;3;0
11.716.471/0001-17;2023-12-31;1;128179;TRX SECURITIZADORA S.A.;Năo-liderança;0;2;0
11.721.921/0001-60;2023-12-31;10;136541;ALPER CONSULTORIA E CORRETORA DE SEGUROS S.A.;Liderança;9;163;35
11.721.921/0001-60;2023-12-31;10;136541;ALPER CONSULTORIA E CORRETORA DE SEGUROS S.A.;Năo-liderança;211;312;39
11.725.176/0001-27;2023-12-31;5;131125;BOA VISTA SERVIÇOS S.A.;Liderança;11;164;22
11.725.176/0001-27;2023-12-31;5;131125;BOA VISTA SERVIÇOS S.A.;Năo-liderança;386;546;58
11.992.680/0001-93;2023-12-31;11;137624;QUALICORP CONSULTORIA E CORRETORA DE SEGUROS S.A.;Liderança;18;271;31
11.992.680/0001-93;2023-12-31;11;137624;QUALICORP CONSULTORIA E CORRETORA DE SEGUROS S.A.;Năo-liderança;613;1374;125
12.049.631/0001-84;2023-12-31;4;133256;MOURA DUBEUX ENGENHARIA S/A;Liderança;15;105;6
12.049.631/0001-84;2023-12-31;4;133256;MOURA DUBEUX ENGENHARIA S/A;Năo-liderança;735;2195;591
12.091.809/0001-55;2023-12-31;26;137857;BRAVA ENERGIA S.A.;Liderança;1;78;62
12.091.809/0001-55;2023-12-31;26;137857;BRAVA ENERGIA S.A.;Năo-liderança;48;267;50
12.104.241/0004-02;2023-12-31;16;137913;ONCOCLÍNICAS DO BRASIL SERVIÇOS MÉDICOS S.A.;Liderança;66;570;59
12.104.241/0004-02;2023-12-31;16;137913;ONCOCLÍNICAS DO BRASIL SERVIÇOS MÉDICOS S.A.;Năo-liderança;2236;4072;477
12.108.897/0001-50;2023-12-31;8;137392;D1000 VAREJO FARMA PARTICIPAÇŐES S.A.;Liderança;119;596;61
12.108.897/0001-50;2023-12-31;8;137392;D1000 VAREJO FARMA PARTICIPAÇŐES S.A.;Năo-liderança;1357;1445;190
12.181.987/0001-77;2023-12-31;16;138479;MELNICK DESENVOLVIMENTO IMOBILIÁRIO S.A.;Liderança;6;89;14
12.181.987/0001-77;2023-12-31;16;138479;MELNICK DESENVOLVIMENTO IMOBILIÁRIO S.A.;Năo-liderança;321;324;50
12.300.288/0001-07;2023-12-31;8;136892;NORTE ENERGIA S.A.;Liderança;0;7;11
12.300.288/0001-07;2023-12-31;8;136892;NORTE ENERGIA S.A.;Năo-liderança;74;241;36
12.420.164/0001-57;2023-12-31;15;137746;CM HOSPITALAR S.A;Liderança;90;469;28
12.420.164/0001-57;2023-12-31;15;137746;CM HOSPITALAR S.A;Năo-liderança;2294;2709;407
12.528.708/0001-07;2023-12-31;11;135653;AERIS IND. E COM. DE EQUIP. PARA GER. DE ENG. S.A.;Liderança;75;245;9
12.528.708/0001-07;2023-12-31;11;135653;AERIS IND. E COM. DE EQUIP. PARA GER. DE ENG. S.A.;Năo-liderança;3306;2576;89
12.648.266/0001-24;2023-12-31;14;138892;AMBIPAR PARTICIPAÇŐES E EMPREENDIMENTOS S.A.;Liderança;502;1313;353
12.648.266/0001-24;2023-12-31;14;138892;AMBIPAR PARTICIPAÇŐES E EMPREENDIMENTOS S.A.;Năo-liderança;2687;7036;1894
12.648.327/0001-53;2023-12-31;21;137833;HIDROVIAS DO BRASIL S.A.;Liderança;3;57;4
12.648.327/0001-53;2023-12-31;21;137833;HIDROVIAS DO BRASIL S.A.;Năo-liderança;30;74;6
13.009.717/0001-46;2023-12-31;9;135893;BCO ESTADO DE SERGIPE S.A. - BANESE;Liderança;4;294;64
13.009.717/0001-46;2023-12-31;9;135893;BCO ESTADO DE SERGIPE S.A. - BANESE;Năo-liderança;92;312;84
13.217.485/0001-11;2023-12-31;8;137191;GRUPO SBF S.A.;Liderança;470;990;15
13.217.485/0001-11;2023-12-31;8;137191;GRUPO SBF S.A.;Năo-liderança;5702;2499;106
13.270.520/0001-66;2023-12-31;13;137760;KORA SAÚDE PARTICIPAÇŐES S.A.;Liderança;59;287;31
13.270.520/0001-66;2023-12-31;13;137760;KORA SAÚDE PARTICIPAÇŐES S.A.;Năo-liderança;3880;5067;694
13.444.994/0001-87;2023-12-31;2;128486;MLOG S.A.;Liderança;13;67;46
13.444.994/0001-87;2023-12-31;2;128486;MLOG S.A.;Năo-liderança;53;169;72
13.522.948/0001-59;2023-12-31;4;136618;SAFIRA HOLDING S.A.;Liderança;4;10;2
13.522.948/0001-59;2023-12-31;4;136618;SAFIRA HOLDING S.A.;Năo-liderança;73;20;0
13.574.594/0001-96;2023-12-31;16;136609;ZAMP SA;Liderança;90;224;11
13.574.594/0001-96;2023-12-31;16;136609;ZAMP SA;Năo-liderança;14757;1401;41
13.584.310/0001-42;2023-12-31;3;129865;SUGOI S.A.;Liderança;3;5;2
13.584.310/0001-42;2023-12-31;3;129865;SUGOI S.A.;Năo-liderança;41;43;12
13.783.221/0004-78;2023-12-31;3;134131;MADERO INDÚSTRIA E COMÉRCIO S.A.;Liderança;1243;429;12
13.783.221/0004-78;2023-12-31;3;134131;MADERO INDÚSTRIA E COMÉRCIO S.A.;Năo-liderança;4750;953;62
14.110.585/0001-07;2023-12-31;15;137804;MÉLIUZ S.A.;Liderança;30;72;1
14.110.585/0001-07;2023-12-31;15;137804;MÉLIUZ S.A.;Năo-liderança;221;116;1
14.127.813/0001-51;2023-12-31;26;136832;ARANDU INVESTIMENTOS S.A.;Liderança;7;27;2
14.127.813/0001-51;2023-12-31;26;136832;ARANDU INVESTIMENTOS S.A.;Năo-liderança;98;57;2
14.191.427/0001-29;2023-12-31;1;128049;GRANBIO INVESTIMENTOS S.A.;Liderança;0;7;4
14.191.427/0001-29;2023-12-31;1;128049;GRANBIO INVESTIMENTOS S.A.;Năo-liderança;8;17;3
14.388.334/0001-99;2023-12-31;11;135518;PARANA BCO S.A.;Liderança;3;78;10
14.388.334/0001-99;2023-12-31;11;135518;PARANA BCO S.A.;Năo-liderança;98;202;9
14.776.142/0001-50;2023-12-31;18;136557;WESTWING COMÉRCIO VAREJISTA S.A.;Liderança;33;77;2
14.776.142/0001-50;2023-12-31;18;136557;WESTWING COMÉRCIO VAREJISTA S.A.;Năo-liderança;367;219;7
14.785.152/0001-51;2023-12-31;8;137799;HBR REALTY EMPREENDIMENTOS IMOBILIÁRIOS S.A.;Liderança;0;22;2
14.785.152/0001-51;2023-12-31;8;137799;HBR REALTY EMPREENDIMENTOS IMOBILIÁRIOS S.A.;Năo-liderança;31;14;0
14.807.945/0001-24;2023-12-31;8;137005;SANSUY S.A. INDUSTRIA DE PLASTICOS;Liderança;0;14;39
14.807.945/0001-24;2023-12-31;8;137005;SANSUY S.A. INDUSTRIA DE PLASTICOS;Năo-liderança;448;660;256
14.882.295/0001-81;2023-12-31;8;136106;CBO HOLDING S.A.;Liderança;10;282;112
14.882.295/0001-81;2023-12-31;8;136106;CBO HOLDING S.A.;Năo-liderança;233;908;214
14.998.371/0001-19;2023-12-31;5;136057;J. MACEDO S.A.;Liderança;3;189;67
14.998.371/0001-19;2023-12-31;5;136057;J. MACEDO S.A.;Năo-liderança;476;1405;447
15.073.274/0001-88;2023-12-31;2;128440;PPLA PARTICIPATIONS LTD.;Liderança;0;1;1
15.073.274/0001-88;2023-12-31;2;128440;PPLA PARTICIPATIONS LTD.;Năo-liderança;0;0;1
15.101.405/0001-93;2023-12-31;5;131017;CORREA RIBEIRO S.A. COMERCIO E INDUSTRIA;Liderança;0;2;3
15.101.405/0001-93;2023-12-31;5;131017;CORREA RIBEIRO S.A. COMERCIO E INDUSTRIA;Năo-liderança;0;1;0
15.115.504/0001-24;2023-12-31;6;136974;TRONOX PIGMENTOS DO BRASIL S.A.;Liderança;0;9;6
15.115.504/0001-24;2023-12-31;6;136974;TRONOX PIGMENTOS DO BRASIL S.A.;Năo-liderança;43;186;98
15.139.629/0001-94;2023-12-31;14;135917;CIA ELETRICIDADE EST. DA BAHIA - COELBA;Liderança;16;249;39
15.139.629/0001-94;2023-12-31;14;135917;CIA ELETRICIDADE EST. DA BAHIA - COELBA;Năo-liderança;1109;3890;170
15.141.799/0001-03;2023-12-31;5;136575;CIA FERRO LIGAS DA BAHIA - FERBASA;Liderança;0;104;51
15.141.799/0001-03;2023-12-31;5;136575;CIA FERRO LIGAS DA BAHIA - FERBASA;Năo-liderança;507;2036;491
15.144.017/0001-90;2023-12-31;9;134209;CIA SEGUROS ALIANCA DA BAHIA;Liderança;1;3;4
15.144.017/0001-90;2023-12-31;9;134209;CIA SEGUROS ALIANCA DA BAHIA;Năo-liderança;2;12;16
16.233.389/0001-55;2023-12-31;7;135762;CVLB BRASIL S.A;Liderança;13;175;9
16.233.389/0001-55;2023-12-31;7;135762;CVLB BRASIL S.A;Năo-liderança;912;1126;75
16.234.171/0001-15;2023-12-31;2;129344;METANOR SA METANOL DO NE;Liderança;0;2;5
16.234.171/0001-15;2023-12-31;2;129344;METANOR SA METANOL DO NE;Năo-liderança;3;34;27
16.404.287/0001-55;2023-12-31;12;137725;SUZANO S.A.;Liderança;82;1086;236
16.404.287/0001-55;2023-12-31;12;137725;SUZANO S.A.;Năo-liderança;4187;11490;2238
16.590.234/0001-76;2023-12-31;9;136975;AZZAS 2154 S.A.;Liderança;132;643;57
16.590.234/0001-76;2023-12-31;9;136975;AZZAS 2154 S.A.;Năo-liderança;3480;2709;551
16.614.075/0001-00;2023-12-31;10;137670;DIRECIONAL ENGENHARIA S.A.;Liderança;19;209;11
16.614.075/0001-00;2023-12-31;10;137670;DIRECIONAL ENGENHARIA S.A.;Năo-liderança;1552;2724;817
16.670.085/0001-55;2023-12-31;16;137317;LOCALIZA RENT A CAR S.A.;Liderança;130;1431;132
16.670.085/0001-55;2023-12-31;16;137317;LOCALIZA RENT A CAR S.A.;Năo-liderança;5478;9522;859
16.676.520/0001-59;2023-12-31;9;137955;HOSPITAL MATER DEI S.A.;Liderança;47;320;61
16.676.520/0001-59;2023-12-31;9;137955;HOSPITAL MATER DEI S.A.;Năo-liderança;2517;4886;750
16.811.931/0001-00;2023-12-31;14;135498;ALPHAVILLE S.A.;Liderança;87;121;7
16.811.931/0001-00;2023-12-31;14;135498;ALPHAVILLE S.A.;Năo-liderança;1;82;14
16.922.038/0001-51;2023-12-31;8;137295;ENJOEI S.A.;Liderança;7;41;1
16.922.038/0001-51;2023-12-31;8;137295;ENJOEI S.A.;Năo-liderança;134;115;4
17.155.730/0001-64;2023-12-31;14;137237;CIA ENERGETICA DE MINAS GERAIS - CEMIG;Liderança;0;129;70
17.155.730/0001-64;2023-12-31;14;137237;CIA ENERGETICA DE MINAS GERAIS - CEMIG;Năo-liderança;413;2971;1340
17.159.229/0001-76;2023-12-31;1;127979;LABORATÓRIO TEUTO BRASILEIRO S.A.;Liderança;7;157;28
17.159.229/0001-76;2023-12-31;1;127979;LABORATÓRIO TEUTO BRASILEIRO S.A.;Năo-liderança;1411;1650;193
17.161.241/0001-15;2023-12-31;1;125804;MINASMAQUINAS S.A.;Liderança;0;13;10
17.161.241/0001-15;2023-12-31;1;125804;MINASMAQUINAS S.A.;Năo-liderança;174;196;67
17.162.082/0001-73;2023-12-31;1;127635;MENDES JUNIOR ENGENHARIA S.A.;Liderança;0;0;3
17.162.082/0001-73;2023-12-31;1;127635;MENDES JUNIOR ENGENHARIA S.A.;Năo-liderança;0;1;5
17.167.396/0001-69;2023-12-31;13;136162;ALFA HOLDINGS S.A.;Liderança;0;0;1
17.167.396/0001-69;2023-12-31;13;136162;ALFA HOLDINGS S.A.;Năo-liderança;0;0;1
17.167.412/0001-13;2023-12-31;14;135013;FINANCEIRA ALFA S.A.- CRED FINANC E INVS;Liderança;16;66;9
17.167.412/0001-13;2023-12-31;14;135013;FINANCEIRA ALFA S.A.- CRED FINANC E INVS;Năo-liderança;223;468;20
17.184.037/0001-10;2023-12-31;9;136152;BCO MERCANTIL DO BRASIL S.A.;Liderança;362;252;91
17.184.037/0001-10;2023-12-31;9;136152;BCO MERCANTIL DO BRASIL S.A.;Năo-liderança;1526;465;132
17.193.806/0001-46;2023-12-31;10;134826;CONSORCIO ALFA DE ADMINISTRACAO S.A.;Liderança;0;0;1
17.193.806/0001-46;2023-12-31;10;134826;CONSORCIO ALFA DE ADMINISTRACAO S.A.;Năo-liderança;0;0;1
17.245.234/0001-00;2023-12-31;5;133727;CIA FIACAO TECIDOS CEDRO CACHOEIRA;Liderança;3;146;48
17.245.234/0001-00;2023-12-31;5;133727;CIA FIACAO TECIDOS CEDRO CACHOEIRA;Năo-liderança;1186;1839;480
17.281.106/0001-03;2023-12-31;23;136672;CIA SANEAMENTO DE MINAS GERAIS-COPASA MG;Liderança;17;748;580
17.281.106/0001-03;2023-12-31;23;136672;CIA SANEAMENTO DE MINAS GERAIS-COPASA MG;Năo-liderança;381;5291;3173
17.314.329/0001-20;2023-12-31;12;135495;INTERNATIONAL MEAL COMPANY ALIMENTACAO S.A.;Liderança;99;274;20
17.314.329/0001-20;2023-12-31;12;135495;INTERNATIONAL MEAL COMPANY ALIMENTACAO S.A.;Năo-liderança;4234;2589;501
17.344.597/0001-94;2023-12-31;16;137130;BB SEGURIDADE PARTICIPAÇŐES S.A.;Liderança;0;35;3
17.344.597/0001-94;2023-12-31;16;137130;BB SEGURIDADE PARTICIPAÇŐES S.A.;Năo-liderança;4;126;7
17.359.233/0001-88;2023-12-31;3;136043;TECIDOS E ARMARINHOS MIGUEL BARTOLOMEU S.A.;Liderança;16;192;72
17.359.233/0001-88;2023-12-31;3;136043;TECIDOS E ARMARINHOS MIGUEL BARTOLOMEU S.A.;Năo-liderança;944;1184;257
17.943.792/0001-30;2023-12-31;1;127632;FULWOOD S.A.;Liderança;0;6;3
17.943.792/0001-30;2023-12-31;1;127632;FULWOOD S.A.;Năo-liderança;1;12;4
18.174.270/0001-84;2023-12-31;5;137310;DOTZ S.A.;Liderança;1;67;5
18.174.270/0001-84;2023-12-31;5;137310;DOTZ S.A.;Năo-liderança;127;179;6
18.328.118/0001-09;2023-12-31;8;136960;PET CENTER COMÉRCIO E PARTICIPAÇŐES S.A.;Liderança;164;512;22
18.328.118/0001-09;2023-12-31;8;136960;PET CENTER COMÉRCIO E PARTICIPAÇŐES S.A.;Năo-liderança;4347;2098;170
18.483.666/0001-03;2023-12-31;5;133334;HUMBERG AGRIBRASIL COMÉRCIO E EXPORTAÇĂO DE GRĂOS S.A.;Liderança;1;9;3
18.483.666/0001-03;2023-12-31;5;133334;HUMBERG AGRIBRASIL COMÉRCIO E EXPORTAÇĂO DE GRĂOS S.A.;Năo-liderança;15;20;1
18.593.815/0001-97;2023-12-31;13;137702;PRINER SERVIÇOS INDUSTRIAIS S.A.;Liderança;54;497;148
18.593.815/0001-97;2023-12-31;13;137702;PRINER SERVIÇOS INDUSTRIAIS S.A.;Năo-liderança;1408;3327;390
19.014.221/0001-47;2023-12-31;6;136189;CHINA THREE GORGES BRASIL ENERGIA S.A.;Liderança;1;129;31
19.014.221/0001-47;2023-12-31;6;136189;CHINA THREE GORGES BRASIL ENERGIA S.A.;Năo-liderança;188;513;113
19.378.769/0001-76;2023-12-31;3;128238;INSTITUTO HERMES PARDINI S.A.;Liderança;140;549;63
19.378.769/0001-76;2023-12-31;3;128238;INSTITUTO HERMES PARDINI S.A.;Năo-liderança;2560;3613;559
19.403.252/0001-90;2023-12-31;9;137277;EMCCAMP RESIDENCIAL S.A.;Liderança;24;154;26
19.403.252/0001-90;2023-12-31;9;137277;EMCCAMP RESIDENCIAL S.A.;Năo-liderança;369;481;128
19.521.322/0001-04;2023-12-31;4;136508;CONCESSIONÁRIA ROTA DO OESTE S.A.;Liderança;6;50;6
19.521.322/0001-04;2023-12-31;4;136508;CONCESSIONÁRIA ROTA DO OESTE S.A.;Năo-liderança;270;459;37
19.526.748/0001-50;2023-12-31;2;136495;COMPANHIA INDUSTRIAL CATAGUASES;Liderança;5;53;20
19.526.748/0001-50;2023-12-31;2;136495;COMPANHIA INDUSTRIAL CATAGUASES;Năo-liderança;329;641;267
19.796.586/0001-70;2023-12-31;4;135488;BRISANET PARTICIPAÇŐES S.A.;Liderança;124;307;16
19.796.586/0001-70;2023-12-31;4;135488;BRISANET PARTICIPAÇŐES S.A.;Năo-liderança;3383;2983;90
20.247.322/0001-47;2023-12-31;10;135659;ALLIED TECNOLOGIA S.A.;Liderança;75;377;26
20.247.322/0001-47;2023-12-31;10;135659;ALLIED TECNOLOGIA S.A.;Năo-liderança;357;449;21
20.258.278/0001-70;2023-12-31;5;136542;OUROFINO S.A.;Liderança;0;135;14
20.258.278/0001-70;2023-12-31;5;136542;OUROFINO S.A.;Năo-liderança;192;742;76
20.512.706/0001-40;2023-12-31;14;136109;VITRU EDUCAÇĂO S.A.;Liderança;120;652;74
20.512.706/0001-40;2023-12-31;14;136109;VITRU EDUCAÇĂO S.A.;Năo-liderança;2788;5668;875
21.110.778/0001-23;2023-12-31;6;134532;OLIVEIRA TRUST S.A.;Liderança;1;31;3
21.110.778/0001-23;2023-12-31;6;134532;OLIVEIRA TRUST S.A.;Năo-liderança;121;145;7
21.240.146/0001-84;2023-12-31;16;136597;AGROGALAXY PARTICIPAÇŐES S.A. - EM RECUPERAÇĂO JUDICIAL;Liderança;56;373;48
21.240.146/0001-84;2023-12-31;16;136597;AGROGALAXY PARTICIPAÇŐES S.A. - EM RECUPERAÇĂO JUDICIAL;Năo-liderança;1047;989;114
21.254.073/0001-80;2023-12-31;2;136116;COMPANHIA ITAUNENSE ENERGIA E PARTICIPAÇŐES;Liderança;0;0;3
21.254.073/0001-80;2023-12-31;2;136116;COMPANHIA ITAUNENSE ENERGIA E PARTICIPAÇŐES;Năo-liderança;2;1;6
21.255.567/0001-89;2023-12-31;6;136752;CIA TECIDOS SANTANENSE EM RECUPERAÇĂO JUDICIAL;Liderança;5;73;46
21.255.567/0001-89;2023-12-31;6;136752;CIA TECIDOS SANTANENSE EM RECUPERAÇĂO JUDICIAL;Năo-liderança;382;713;297
21.314.559/0001-66;2023-12-31;20;137252;MOVIDA PARTICIPACOES SA;Liderança;122;578;39
21.314.559/0001-66;2023-12-31;20;137252;MOVIDA PARTICIPACOES SA;Năo-liderança;2440;2471;310
21.389.501/0001-81;2023-12-31;10;136680;COMPASS GÁS E ENERGIA S.A.;Liderança;2;20;3
21.389.501/0001-81;2023-12-31;10;136680;COMPASS GÁS E ENERGIA S.A.;Năo-liderança;15;18;0
21.948.105/0001-47;2023-12-31;1;128063;BTGI QUARTZO PARTICIPAÇŐES S/A;Liderança;0;5;0
21.948.105/0001-47;2023-12-31;1;128063;BTGI QUARTZO PARTICIPAÇŐES S/A;Năo-liderança;0;1;0
21.976.510/0001-79;2023-12-31;1;128064;BTGI SAFIRA PARTICIPAÇŐES S/A;Liderança;0;5;0
21.976.510/0001-79;2023-12-31;1;128064;BTGI SAFIRA PARTICIPAÇŐES S/A;Năo-liderança;0;1;0
22.261.473/0001-85;2023-12-31;11;137116;COMPANHIA DE GÁS DE MINAS GERAIS - GASMIG;Liderança;1;35;5
22.261.473/0001-85;2023-12-31;11;137116;COMPANHIA DE GÁS DE MINAS GERAIS - GASMIG;Năo-liderança;3;89;23
22.266.175/0001-88;2023-12-31;13;137810;FERTILIZANTES HERINGER S.A.;Liderança;0;0;1
22.266.175/0001-88;2023-12-31;13;137810;FERTILIZANTES HERINGER S.A.;Năo-liderança;493;812;205
22.543.331/0001-00;2023-12-31;9;136588;CAIXA SEGURIDADE PARTICIPAÇŐES S.A.;Liderança;0;63;2
22.543.331/0001-00;2023-12-31;9;136588;CAIXA SEGURIDADE PARTICIPAÇŐES S.A.;Năo-liderança;3;60;1
22.677.520/0001-76;2023-12-31;7;136799;CIA TECIDOS NORTE DE MINAS COTEMINAS;Liderança;0;1;10
22.677.520/0001-76;2023-12-31;7;136799;CIA TECIDOS NORTE DE MINAS COTEMINAS;Năo-liderança;1;0;0
23.041.875/0001-37;2023-12-31;5;135482;ALMACENES ÉXITO S.A.;Liderança;32;575;121
23.041.875/0001-37;2023-12-31;5;135482;ALMACENES ÉXITO S.A.;Năo-liderança;12315;17310;3077
23.236.821/0001-27;2023-12-31;5;135757;PATRIMAR ENGENHARIA S.A.;Liderança;4;46;13
23.236.821/0001-27;2023-12-31;5;135757;PATRIMAR ENGENHARIA S.A.;Năo-liderança;292;525;129
23.373.000/0001-32;2023-12-31;18;136159;VAMOS LOCAÇĂO DE CAMINHŐES, MÁQUINAS E EQUIPAMENTOS S.A.;Liderança;26;244;65
23.373.000/0001-32;2023-12-31;18;136159;VAMOS LOCAÇĂO DE CAMINHŐES, MÁQUINAS E EQUIPAMENTOS S.A.;Năo-liderança;925;1278;289
23.438.929/0001-00;2023-12-31;6;133243;ALARES INTERNET PARTICIPAÇŐES S/A;Liderança;127;257;16
23.438.929/0001-00;2023-12-31;6;133243;ALARES INTERNET PARTICIPAÇŐES S/A;Năo-liderança;844;742;38
24.230.275/0001-80;2023-12-31;2;136596;PLANO & PLANO DESENVOLVIMENTO IMOBILIÁRIO S.A.;Liderança;38;112;22
24.230.275/0001-80;2023-12-31;2;136596;PLANO & PLANO DESENVOLVIMENTO IMOBILIÁRIO S.A.;Năo-liderança;137;109;11
24.396.489/0001-20;2023-12-31;10;136914;BRK AMBIENTAL PARTICIPAÇŐES S.A.;Liderança;96;747;88
24.396.489/0001-20;2023-12-31;10;136914;BRK AMBIENTAL PARTICIPAÇŐES S.A.;Năo-liderança;1290;3614;515
24.410.913/0001-44;2023-12-31;3;129753;NU HOLDINGS LTD.;Liderança;506;1115;43
24.410.913/0001-44;2023-12-31;3;129753;NU HOLDINGS LTD.;Năo-liderança;3921;2361;103
24.921.465/0001-43;2023-12-31;3;131996;BLUEFIT ACADEMIAS DE GINÁSTICA E PARTICIPAÇŐES S.A.;Liderança;6;38;1
24.921.465/0001-43;2023-12-31;3;131996;BLUEFIT ACADEMIAS DE GINÁSTICA E PARTICIPAÇŐES S.A.;Năo-liderança;776;803;30
24.962.466/0001-36;2023-12-31;6;135531;RUMO MALHA NORTE S.A.;Liderança;37;420;28
24.962.466/0001-36;2023-12-31;6;135531;RUMO MALHA NORTE S.A.;Năo-liderança;1706;5439;684
24.990.777/0001-09;2023-12-31;9;137712;GRUPO MATEUS S.A.;Liderança;1087;2358;126
24.990.777/0001-09;2023-12-31;9;137712;GRUPO MATEUS S.A.;Năo-liderança;24717;17444;1080
25.089.509/0001-83;2023-12-31;7;136127;COMPANHIA DE SANEAMENTO DO TOCANTINS - SANEATINS;Liderança;25;123;10
25.089.509/0001-83;2023-12-31;7;136127;COMPANHIA DE SANEAMENTO DO TOCANTINS - SANEATINS;Năo-liderança;187;655;97
25.249.439/0001-83;2023-12-31;5;134235;HOSPITAL CARE CALEDONIA S.A.;Liderança;8;214;29
25.249.439/0001-83;2023-12-31;5;134235;HOSPITAL CARE CALEDONIA S.A.;Năo-liderança;2449;4977;653
25.369.840/0001-57;2023-12-31;11;137379;COMERC ENERGIA S.A.;Liderança;14;112;19
25.369.840/0001-57;2023-12-31;11;137379;COMERC ENERGIA S.A.;Năo-liderança;287;268;15
26.072.786/0001-46;2023-12-31;3;136118;QESTRA TECNOLOGIA ADMINISTRAÇĂO E PARTICIPAÇŐES S.A.;Liderança;0;0;63
26.072.786/0001-46;2023-12-31;3;136118;QESTRA TECNOLOGIA ADMINISTRAÇĂO E PARTICIPAÇŐES S.A.;Năo-liderança;0;0;2983
26.345.998/0001-50;2023-12-31;11;137722;TC S.A.;Liderança;24;70;0
26.345.998/0001-50;2023-12-31;11;137722;TC S.A.;Năo-liderança;149;96;0
26.462.693/0001-28;2023-12-31;4;136129;LAVVI EMPREENDIMENTOS IMOBILIÁRIOS S.A.;Liderança;1;47;11
26.462.693/0001-28;2023-12-31;4;136129;LAVVI EMPREENDIMENTOS IMOBILIÁRIOS S.A.;Năo-liderança;77;95;49
26.659.061/0001-59;2023-12-31;12;137861;MPM CORPÓREOS S.A.;Liderança;150;577;25
26.659.061/0001-59;2023-12-31;12;137861;MPM CORPÓREOS S.A.;Năo-liderança;2343;1746;26
27.093.558/0001-15;2023-12-31;9;138941;MILLS LOCAÇĂO, SERVIÇOS E LOGÍSTICA S.A.;Liderança;29;165;17
27.093.558/0001-15;2023-12-31;9;138941;MILLS LOCAÇĂO, SERVIÇOS E LOGÍSTICA S.A.;Năo-liderança;804;831;107
27.743.642/0001-37;2023-12-31;4;132766;CONSTRUTORA METROCASA S.A.;Liderança;0;1;0
27.743.642/0001-37;2023-12-31;4;132766;CONSTRUTORA METROCASA S.A.;Năo-liderança;0;3;0
28.127.603/0001-78;2023-12-31;15;136663;BANESTES S.A. - BCO EST ESPIRITO SANTO;Liderança;6;327;113
28.127.603/0001-78;2023-12-31;15;136663;BANESTES S.A. - BCO EST ESPIRITO SANTO;Năo-liderança;127;1041;459
28.195.667/0001-06;2023-12-31;16;137178;BCO ABC BRASIL S.A.;Liderança;6;158;35
28.195.667/0001-06;2023-12-31;16;137178;BCO ABC BRASIL S.A.;Năo-liderança;221;565;58
28.594.234/0001-23;2023-12-31;9;137267;AUREN ENERGIA S.A.;Liderança;0;68;6
28.594.234/0001-23;2023-12-31;9;137267;AUREN ENERGIA S.A.;Năo-liderança;37;181;9
29.780.061/0001-09;2023-12-31;10;137931;SAO CARLOS EMPREEND E PARTICIPACOES S.A.;Liderança;0;24;2
29.780.061/0001-09;2023-12-31;10;137931;SAO CARLOS EMPREEND E PARTICIPACOES S.A.;Năo-liderança;19;29;2
29.950.060/0001-57;2023-12-31;4;137893;NORTEC QUÍMICA S.A.;Liderança;1;29;13
29.950.060/0001-57;2023-12-31;4;137893;NORTEC QUÍMICA S.A.;Năo-liderança;67;149;44
29.980.141/0001-08;2023-12-31;7;137329;OCEÂNICA ENGENHARIA E CONSULTORIA S.A.;Liderança;2;46;17
29.980.141/0001-08;2023-12-31;7;137329;OCEÂNICA ENGENHARIA E CONSULTORIA S.A.;Năo-liderança;276;1162;233
30.213.493/0001-09;2023-12-31;4;135143;TEGRA INCORPORADORA S.A.;Liderança;20;169;10
30.213.493/0001-09;2023-12-31;4;135143;TEGRA INCORPORADORA S.A.;Năo-liderança;239;410;77
30.306.294/0001-45;2023-12-31;14;138412;BCO BTG PACTUAL S.A.;Liderança;197;1393;198
30.306.294/0001-45;2023-12-31;14;138412;BCO BTG PACTUAL S.A.;Năo-liderança;2433;1596;182
30.540.991/0001-66;2023-12-31;4;136008;HAGA S.A. INDUSTRIA E COMERCIO;Liderança;2;11;10
30.540.991/0001-66;2023-12-31;4;136008;HAGA S.A. INDUSTRIA E COMERCIO;Năo-liderança;22;74;37
30.723.886/0001-62;2023-12-31;3;128855;BANCO MODAL S.A.;Liderança;16;187;27
30.723.886/0001-62;2023-12-31;3;128855;BANCO MODAL S.A.;Năo-liderança;396;444;21
31.553.627/0001-01;2023-12-31;11;136766;GRUPO TOKY S.A.;Liderança;51;136;3
31.553.627/0001-01;2023-12-31;11;136766;GRUPO TOKY S.A.;Năo-liderança;323;287;8
31.748.174/0001-60;2023-12-31;10;135631;VERO S.A.;Liderança;84;197;6
31.748.174/0001-60;2023-12-31;10;135631;VERO S.A.;Năo-liderança;1436;799;48
32.021.201/0001-61;2023-12-31;12;134315;ORIGEM ENERGIA S.A.;Liderança;15;129;42
32.021.201/0001-61;2023-12-31;12;134315;ORIGEM ENERGIA S.A.;Năo-liderança;148;500;64
32.681.371/0001-72;2023-12-31;3;134520;VIX LOGÍSTICA S.A.;Liderança;8;203;45
32.681.371/0001-72;2023-12-31;3;134520;VIX LOGÍSTICA S.A.;Năo-liderança;1821;6410;1298
32.785.497/0001-97;2023-12-31;12;137902;NATURA &CO HOLDING S.A.;Liderança;10;728;68
32.785.497/0001-97;2023-12-31;12;137902;NATURA &CO HOLDING S.A.;Năo-liderança;1501;5356;700
33.000.167/0001-01;2023-12-31;26;137831;PETROLEO BRASILEIRO S.A. PETROBRAS;Liderança;19;3910;599
33.000.167/0001-01;2023-12-31;26;137831;PETROLEO BRASILEIRO S.A. PETROBRAS;Năo-liderança;670;25143;8341
33.035.536/0001-00;2023-12-31;4;135887;JOAO FORTES ENGENHARIA S.A. - EM RECUPERAÇĂO JUDICIAL;Liderança;0;15;5
33.035.536/0001-00;2023-12-31;4;135887;JOAO FORTES ENGENHARIA S.A. - EM RECUPERAÇĂO JUDICIAL;Năo-liderança;16;41;25
33.040.601/0001-87;2023-12-31;4;136154;MERCANTIL FINANCEIRA S.A. - SOC. CRÉDITO, FINANC E INVESTIME;Liderança;0;1;6
33.040.601/0001-87;2023-12-31;4;136154;MERCANTIL FINANCEIRA S.A. - SOC. CRÉDITO, FINANC E INVESTIME;Năo-liderança;0;1;0
33.041.260/0652-90;2023-12-31;23;137451;GRUPO CASAS BAHIA S.A.;Liderança;116;1333;147
33.041.260/0652-90;2023-12-31;23;137451;GRUPO CASAS BAHIA S.A.;Năo-liderança;12968;20762;6540
33.042.730/0001-04;2023-12-31;9;137659;CIA SIDERURGICA NACIONAL;Liderança;42;930;297
33.042.730/0001-04;2023-12-31;9;137659;CIA SIDERURGICA NACIONAL;Năo-liderança;7631;14221;3009
33.050.071/0001-58;2023-12-31;14;135754;AMPLA ENERGIA E SERVICOS S.A.;Liderança;1;114;11
33.050.071/0001-58;2023-12-31;14;135754;AMPLA ENERGIA E SERVICOS S.A.;Năo-liderança;107;806;124
33.102.476/0001-92;2023-12-31;4;137041;MONTEIRO ARANHA S.A.;Liderança;0;3;1
33.102.476/0001-92;2023-12-31;4;137041;MONTEIRO ARANHA S.A.;Năo-liderança;10;6;6
33.113.309/0001-47;2023-12-31;12;136868;VALID SOLUÇŐES S.A.;Liderança;28;159;26
33.113.309/0001-47;2023-12-31;12;136868;VALID SOLUÇŐES S.A.;Năo-liderança;984;1278;140
33.130.691/0001-05;2023-12-31;6;135829;WILSON SONS S.A.;Liderança;9;257;84
33.130.691/0001-05;2023-12-31;6;135829;WILSON SONS S.A.;Năo-liderança;612;2227;731
33.200.049/0001-47;2023-12-31;1;127255;HOTEIS OTHON S.A. - EM RECUPERAÇĂO JUDICIAL;Liderança;3;29;20
33.200.049/0001-47;2023-12-31;1;127255;HOTEIS OTHON S.A. - EM RECUPERAÇĂO JUDICIAL;Năo-liderança;92;153;68
33.228.024/0001-51;2023-12-31;3;136911;WLM PART. E COMÉRCIO DE MÁQUINAS E VEÍCULOS S.A.;Liderança;2;75;56
33.228.024/0001-51;2023-12-31;3;136911;WLM PART. E COMÉRCIO DE MÁQUINAS E VEÍCULOS S.A.;Năo-liderança;259;443;111
33.256.439/0001-39;2023-12-31;7;137601;ULTRAPAR PARTICIPACOES S.A.;Liderança;80;960;134
33.256.439/0001-39;2023-12-31;7;137601;ULTRAPAR PARTICIPACOES S.A.;Năo-liderança;2322;5389;893
33.352.394/0001-04;2023-12-31;5;135886;CIA ESTADUAL DE ÁGUAS E ESGOTOS - CEDAE;Liderança;18;291;268
33.352.394/0001-04;2023-12-31;5;135886;CIA ESTADUAL DE ÁGUAS E ESGOTOS - CEDAE;Năo-liderança;4;815;1932
33.376.989/0001-91;2023-12-31;13;137703;IRB - BRASIL RESSEGUROS S.A.;Liderança;0;37;17
33.376.989/0001-91;2023-12-31;13;137703;IRB - BRASIL RESSEGUROS S.A.;Năo-liderança;43;234;49
33.386.210/0001-19;2023-12-31;1;127857;SONDOTECNICA ENGENHARIA SOLOS S.A.;Liderança;0;4;7
33.386.210/0001-19;2023-12-31;1;127857;SONDOTECNICA ENGENHARIA SOLOS S.A.;Năo-liderança;69;148;76
33.467.572/0001-34;2023-12-31;2;136507;TEKNO S.A. - INDUSTRIA E COMERCIO;Liderança;11;21;6
33.467.572/0001-34;2023-12-31;2;136507;TEKNO S.A. - INDUSTRIA E COMERCIO;Năo-liderança;199;128;11
33.541.368/0001-16;2023-12-31;6;136210;AXIA ENERGIA NORDESTE S.A.;Liderança;0;211;42
33.541.368/0001-16;2023-12-31;6;136210;AXIA ENERGIA NORDESTE S.A.;Năo-liderança;20;1433;988
33.572.408/0001-97;2023-12-31;5;136586;RUMO MALHA CENTRAL S.A.;Liderança;37;420;28
33.572.408/0001-97;2023-12-31;5;136586;RUMO MALHA CENTRAL S.A.;Năo-liderança;1706;5439;684
33.592.510/0001-54;2023-12-31;22;137025;VALE S.A.;Liderança;102;4215;1038
33.592.510/0001-54;2023-12-31;22;137025;VALE S.A.;Năo-liderança;7817;43874;7470
33.611.500/0001-19;2023-12-31;13;138034;GERDAU S.A.;Liderança;353;3346;911
33.611.500/0001-19;2023-12-31;13;138034;GERDAU S.A.;Năo-liderança;6280;16235;3473
33.839.910/0001-11;2023-12-31;10;136574;VIVARA PARTICIPAÇŐES S.A.;Liderança;105;421;54
33.839.910/0001-11;2023-12-31;10;136574;VIVARA PARTICIPAÇŐES S.A.;Năo-liderança;2097;1614;166
33.938.119/0001-69;2023-12-31;5;137821;CIA DISTRIB DE GAS DO RIO DE JANEIRO-CEG;Liderança;0;83;26
33.938.119/0001-69;2023-12-31;5;137821;CIA DISTRIB DE GAS DO RIO DE JANEIRO-CEG;Năo-liderança;8;208;47
33.958.695/0001-78;2023-12-31;15;135966;UNIPAR CARBOCLORO S.A.;Liderança;3;110;82
33.958.695/0001-78;2023-12-31;15;135966;UNIPAR CARBOCLORO S.A.;Năo-liderança;173;738;325
34.169.557/0001-72;2023-12-31;4;130647;BCO MERCANTIL DE INVESTIMENTOS S.A.;Liderança;1;3;0
34.169.557/0001-72;2023-12-31;4;130647;BCO MERCANTIL DE INVESTIMENTOS S.A.;Năo-liderança;2;0;1
34.274.233/0001-02;2023-12-31;22;138000;VIBRA ENERGIA S/A;Liderança;0;200;73
34.274.233/0001-02;2023-12-31;22;138000;VIBRA ENERGIA S/A;Năo-liderança;319;2371;401
35.727.157/0001-06;2023-12-31;3;137551;EZ INC INCORPORAÇŐES S.A.;Liderança;0;2;0
35.727.157/0001-06;2023-12-31;3;137551;EZ INC INCORPORAÇŐES S.A.;Năo-liderança;11;42;12
35.791.391/0001-94;2023-12-31;9;138043;QUALITY SOFTWARE S.A.;Liderança;21;111;10
35.791.391/0001-94;2023-12-31;9;138043;QUALITY SOFTWARE S.A.;Năo-liderança;669;901;59
36.542.025/0001-64;2023-12-31;5;134174;BRQ SOLUCOES EM INFORMATICA S.A.;Liderança;13;214;54
36.542.025/0001-64;2023-12-31;5;134174;BRQ SOLUCOES EM INFORMATICA S.A.;Năo-liderança;1046;1498;323
37.663.076/0001-07;2023-12-31;15;137741;AUREN PARTICIPAÇŐES S.A.;Liderança;5;77;16
37.663.076/0001-07;2023-12-31;15;137741;AUREN PARTICIPAÇŐES S.A.;Năo-liderança;127;323;46
37.702.340/0001-74;2023-12-31;2;130746;MONTE RODOVIAS S.A.;Liderança;25;65;2
37.702.340/0001-74;2023-12-31;2;130746;MONTE RODOVIAS S.A.;Năo-liderança;203;303;7
38.199.406/0001-18;2023-12-31;2;133614;RIO ALTO ENERGIAS RENOVÁVEIS S.A.;Liderança;12;21;8
38.199.406/0001-18;2023-12-31;2;133614;RIO ALTO ENERGIAS RENOVÁVEIS S.A.;Năo-liderança;137;180;39
38.307.135/0001-77;2023-12-31;4;135507;G2D INVESTMENTS, LTD.;Liderança;0;0;1
38.307.135/0001-77;2023-12-31;4;135507;G2D INVESTMENTS, LTD.;Năo-liderança;0;0;1
38.456.921/0001-36;2023-12-31;14;136778;INFRACOMMERCE CXAAS S.A.;Liderança;56;238;11
38.456.921/0001-36;2023-12-31;14;136778;INFRACOMMERCE CXAAS S.A.;Năo-liderança;1753;1085;59
39.115.514/0001-28;2023-12-31;4;136587;RUMO MALHA OESTE S.A.;Liderança;37;420;28
39.115.514/0001-28;2023-12-31;4;136587;RUMO MALHA OESTE S.A.;Năo-liderança;1706;5439;684
39.346.861/0350-38;2023-12-31;7;137657;CENCOSUD BRASIL COMERCIAL S.A.;Liderança;279;1895;363
39.346.861/0350-38;2023-12-31;7;137657;CENCOSUD BRASIL COMERCIAL S.A.;Năo-liderança;4728;9562;2940
39.580.673/0001-01;2023-12-31;6;137846;BRK AMBIENTAL - REGIĂO METROPOLITANA DE MACEIÓ S.A.;Liderança;15;77;2
39.580.673/0001-01;2023-12-31;6;137846;BRK AMBIENTAL - REGIĂO METROPOLITANA DE MACEIÓ S.A.;Năo-liderança;194;284;20
39.881.421/0001-04;2023-12-31;2;137198;COMPANHIA ESTADUAL DE GERAÇĂO DE ENERGIA ELÉTRICA - CEEE-G;Liderança;0;50;9
39.881.421/0001-04;2023-12-31;2;137198;COMPANHIA ESTADUAL DE GERAÇĂO DE ENERGIA ELÉTRICA - CEEE-G;Năo-liderança;0;106;53
40.159.947/0001-64;2023-12-31;7;137862;HMOBI PARTICIPAÇŐES S.A.;Liderança;2;150;16
40.159.947/0001-64;2023-12-31;7;137862;HMOBI PARTICIPAÇŐES S.A.;Năo-liderança;314;1431;243
40.263.170/0001-83;2023-12-31;4;135922;SOLVI ESSENCIS AMBIENTAL S.A.;Liderança;93;389;84
40.263.170/0001-83;2023-12-31;4;135922;SOLVI ESSENCIS AMBIENTAL S.A.;Năo-liderança;2197;5684;2351
40.337.136/0001-06;2023-12-31;11;137840;TERRA SANTA PROPRIEDADES AGRÍCOLAS S.A.;Liderança;0;10;0
40.337.136/0001-06;2023-12-31;11;137840;TERRA SANTA PROPRIEDADES AGRÍCOLAS S.A.;Năo-liderança;2;7;2
40.593.395/0001-06;2023-12-31;3;128889;IFIN PARTICIPAÇŐES S.A.;Liderança;0;3;0
40.593.395/0001-06;2023-12-31;3;128889;IFIN PARTICIPAÇŐES S.A.;Năo-liderança;0;0;1
41.052.420/0001-07;2023-12-31;7;132838;SOLAR BEBIDAS S.A.;Liderança;146;1076;111
41.052.420/0001-07;2023-12-31;7;132838;SOLAR BEBIDAS S.A.;Năo-liderança;5595;9748;1109
41.096.674/0001-19;2023-12-31;6;136716;CANTU STORE S.A.;Liderança;12;94;9
41.096.674/0001-19;2023-12-31;6;136716;CANTU STORE S.A.;Năo-liderança;431;533;75
41.886.692/0001-02;2023-12-31;4;137399;CONCESSIONARIA ROTA DE SANTA MARIA S.A;Liderança;0;10;0
41.886.692/0001-02;2023-12-31;4;137399;CONCESSIONARIA ROTA DE SANTA MARIA S.A;Năo-liderança;230;55;10
42.150.391/0001-70;2023-12-31;11;137858;BRASKEM S.A.;Liderança;8;760;213
42.150.391/0001-70;2023-12-31;11;137858;BRASKEM S.A.;Năo-liderança;1138;5023;1526
42.233.757/0001-75;2023-12-31;1;128045;ALVAREZ & MARSAL INVESTIMENTOS I S.A.;Liderança;1;1;0
42.233.757/0001-75;2023-12-31;1;128045;ALVAREZ & MARSAL INVESTIMENTOS I S.A.;Năo-liderança;0;0;1
42.278.291/0001-24;2023-12-31;10;137740;LOG-IN LOGISTICA INTERMODAL S.A.;Liderança;6;127;32
42.278.291/0001-24;2023-12-31;10;137740;LOG-IN LOGISTICA INTERMODAL S.A.;Năo-liderança;161;606;99
42.278.473/0001-03;2023-12-31;9;137096;WIZ CO PARTICIPAÇŐES E CORRETAGEM DE SEGUROS S.A.;Liderança;27;249;36
42.278.473/0001-03;2023-12-31;9;137096;WIZ CO PARTICIPAÇŐES E CORRETAGEM DE SEGUROS S.A.;Năo-liderança;680;901;39
42.331.462/0001-31;2023-12-31;5;133674;EMBPAR PARTICIPAÇŐES S/A;Liderança;0;63;1
42.331.462/0001-31;2023-12-31;5;133674;EMBPAR PARTICIPAÇŐES S/A;Năo-liderança;125;417;30
42.500.384/0001-51;2023-12-31;6;134406;SERENA ENERGIA S.A.;Liderança;9;85;2
42.500.384/0001-51;2023-12-31;6;134406;SERENA ENERGIA S.A.;Năo-liderança;142;97;3
42.737.954/0001-21;2023-12-31;9;134281;INTER & CO, INC.;Liderança;92;504;32
42.737.954/0001-21;2023-12-31;9;134281;INTER & CO, INC.;Năo-liderança;1960;1418;65
42.771.949/0001-35;2023-12-31;19;137491;ALLIANÇA SAÚDE E PARTICIPAÇŐES S.A.;Liderança;33;373;61
42.771.949/0001-35;2023-12-31;19;137491;ALLIANÇA SAÚDE E PARTICIPAÇŐES S.A.;Năo-liderança;1582;2998;462
43.283.811/0001-50;2023-12-31;1;127902;KALUNGA S.A;Liderança;73;444;71
43.283.811/0001-50;2023-12-31;1;127902;KALUNGA S.A;Năo-liderança;2889;1240;156
43.470.988/0001-65;2023-12-31;11;137609;EVEN CONSTRUTORA E INCORPORADORA S.A.;Liderança;8;86;1
43.470.988/0001-65;2023-12-31;11;137609;EVEN CONSTRUTORA E INCORPORADORA S.A.;Năo-liderança;327;221;40
43.513.237/0001-89;2023-12-31;1;131652;AUTOMOB S.A.;Liderança;23;254;62
43.513.237/0001-89;2023-12-31;1;131652;AUTOMOB S.A.;Năo-liderança;803;1385;265
43.776.517/0001-80;2023-12-31;11;136741;CIA SANEAMENTO BASICO EST SAO PAULO;Liderança;57;1197;650
43.776.517/0001-80;2023-12-31;11;136741;CIA SANEAMENTO BASICO EST SAO PAULO;Năo-liderança;208;4035;6152
43.948.405/0001-69;2023-12-31;2;136669;LUPO S.A.;Liderança;13;290;76
43.948.405/0001-69;2023-12-31;2;136669;LUPO S.A.;Năo-liderança;3295;4436;844
45.242.914/0001-05;2023-12-31;4;131429;C&A MODAS S.A.;Liderança;194;916;35
45.242.914/0001-05;2023-12-31;4;131429;C&A MODAS S.A.;Năo-liderança;10219;4307;334
45.365.558/0001-09;2023-12-31;9;137671;VITTIA S.A.;Liderança;34;149;13
45.365.558/0001-09;2023-12-31;9;137671;VITTIA S.A.;Năo-liderança;481;458;60
45.453.214/0001-51;2023-12-31;9;137936;PROFARMA DISTRIB PROD FARMACEUTICOS S.A.;Liderança;32;304;40
45.453.214/0001-51;2023-12-31;9;137936;PROFARMA DISTRIB PROD FARMACEUTICOS S.A.;Năo-liderança;1661;1687;230
45.987.245/0001-92;2023-12-31;9;136700;BIOMA EDUCAÇĂO S.A.;Liderança;16;141;92
45.987.245/0001-92;2023-12-31;9;136700;BIOMA EDUCAÇĂO S.A.;Năo-liderança;764;1461;416
46.119.855/0001-37;2023-12-31;5;133162;SOCIEDADE ABASTECIMENTO DE ÁGUA E SANEAMENTO S.A - SANASA;Liderança;0;45;92
46.119.855/0001-37;2023-12-31;5;133162;SOCIEDADE ABASTECIMENTO DE ÁGUA E SANEAMENTO S.A - SANASA;Năo-liderança;78;1157;765
47.508.411/0001-56;2023-12-31;9;134287;CIA BRASILEIRA DE DISTRIBUICAO;Liderança;81;885;133
47.508.411/0001-56;2023-12-31;9;134287;CIA BRASILEIRA DE DISTRIBUICAO;Năo-liderança;14695;18398;4651
47.960.950/0001-21;2023-12-31;6;136524;MAGAZINE LUIZA S.A.;Liderança;1592;3735;250
47.960.950/0001-21;2023-12-31;6;136524;MAGAZINE LUIZA S.A.;Năo-liderança;13806;13555;1576
49.263.189/0001-02;2023-12-31;5;137787;HELBOR EMPREENDIMENTOS S.A.;Liderança;2;52;11
49.263.189/0001-02;2023-12-31;5;137787;HELBOR EMPREENDIMENTOS S.A.;Năo-liderança;101;104;10
49.669.856/0001-43;2023-12-31;11;137826;VESTE S.A. ESTILO;Liderança;85;429;40
49.669.856/0001-43;2023-12-31;11;137826;VESTE S.A. ESTILO;Năo-liderança;1577;1492;175
50.564.053/0001-03;2023-12-31;5;137135;BOMBRIL S.A. - EM RECUPERAÇĂO JUDICIAL;Liderança;0;46;17
50.564.053/0001-03;2023-12-31;5;137135;BOMBRIL S.A. - EM RECUPERAÇĂO JUDICIAL;Năo-liderança;466;1330;473
50.746.577/0001-15;2023-12-31;13;136131;COSAN S.A.;Liderança;2;35;5
50.746.577/0001-15;2023-12-31;13;136131;COSAN S.A.;Năo-liderança;43;35;10
50.926.955/0001-42;2023-12-31;9;136697;VULCABRAS S.A.;Liderança;176;680;95
50.926.955/0001-42;2023-12-31;9;136697;VULCABRAS S.A.;Năo-liderança;8125;7722;1229
51.128.999/0001-90;2023-12-31;6;136010;NUTRIPLANT INDUSTRIA E COMERCIO S.A.;Liderança;0;19;0
51.128.999/0001-90;2023-12-31;6;136010;NUTRIPLANT INDUSTRIA E COMERCIO S.A.;Năo-liderança;0;126;36
51.928.174/0001-50;2023-12-31;7;137125;PLASCAR PARTICIPACOES INDUSTRIAIS S.A.;Liderança;8;153;51
51.928.174/0001-50;2023-12-31;7;137125;PLASCAR PARTICIPACOES INDUSTRIAIS S.A.;Năo-liderança;301;1332;341
52.123.916/0001-32;2023-12-31;3;131674;DORI ALIMENTOS S.A.;Liderança;6;98;38
52.123.916/0001-32;2023-12-31;3;131674;DORI ALIMENTOS S.A.;Năo-liderança;1027;1555;323
52.548.435/0001-79;2023-12-31;9;136718;JSL S.A.;Liderança;188;842;106
52.548.435/0001-79;2023-12-31;9;136718;JSL S.A.;Năo-liderança;8471;14683;3175
53.113.791/0001-22;2023-12-31;9;136153;TOTVS S.A.;Liderança;81;1337;111
53.113.791/0001-22;2023-12-31;9;136153;TOTVS S.A.;Năo-liderança;2836;5584;482
56.643.018/0001-66;2023-12-31;7;137433;EUCATEX S.A. INDUSTRIA E COMERCIO;Liderança;26;174;65
56.643.018/0001-66;2023-12-31;7;137433;EUCATEX S.A. INDUSTRIA E COMERCIO;Năo-liderança;783;1457;444
56.720.428/0001-63;2023-12-31;7;135647;ROMI S.A.;Liderança;3;79;38
56.720.428/0001-63;2023-12-31;7;135647;ROMI S.A.;Năo-liderança;619;952;308
56.992.423/0001-90;2023-12-31;2;136160;BICICLETAS MONARK S.A.;Liderança;0;1;5
56.992.423/0001-90;2023-12-31;2;136160;BICICLETAS MONARK S.A.;Năo-liderança;11;4;9
58.119.199/0001-51;2023-12-31;7;137798;ODONTOPREV S.A.;Liderança;8;132;44
58.119.199/0001-51;2023-12-31;7;137798;ODONTOPREV S.A.;Năo-liderança;485;911;146
58.430.828/0001-60;2023-12-31;4;136915;BLAU FARMACĘUTICA S.A.;Liderança;4;120;24
58.430.828/0001-60;2023-12-31;4;136915;BLAU FARMACĘUTICA S.A.;Năo-liderança;358;1017;98
59.105.999/0001-86;2023-12-31;9;137424;WHIRLPOOL S.A.;Liderança;0;152;13
59.105.999/0001-86;2023-12-31;9;137424;WHIRLPOOL S.A.;Năo-liderança;4141;6238;1386
59.285.411/0001-13;2023-12-31;17;137010;BCO PAN S.A.;Liderança;54;430;28
59.285.411/0001-13;2023-12-31;17;137010;BCO PAN S.A.;Năo-liderança;807;1453;84
59.418.806/0001-47;2023-12-31;7;136807;TRACK & FIELD CO S.A.;Liderança;13;83;8
59.418.806/0001-47;2023-12-31;7;136807;TRACK & FIELD CO S.A.;Năo-liderança;902;406;55
59.717.553/0001-02;2023-12-31;8;135997;GRUPO MULTI S.A.;Liderança;49;263;24
59.717.553/0001-02;2023-12-31;8;135997;GRUPO MULTI S.A.;Năo-liderança;2840;2404;193
59.789.545/0001-71;2023-12-31;2;130853;POLPAR S.A.;Liderança;1;0;0
59.789.545/0001-71;2023-12-31;2;130853;POLPAR S.A.;Năo-liderança;1;0;0
59.981.829/0001-65;2023-12-31;5;138010;RODOBENS SA;Liderança;27;318;53
59.981.829/0001-65;2023-12-31;5;138010;RODOBENS SA;Năo-liderança;1156;1435;226
60.444.437/0001-46;2023-12-31;7;136668;LIGHT SERVICOS DE ELETRICIDADE S.A.;Liderança;3;119;19
60.444.437/0001-46;2023-12-31;7;136668;LIGHT SERVICOS DE ELETRICIDADE S.A.;Năo-liderança;633;2968;504
60.476.884/0001-87;2023-12-31;15;137603;MAHLE METAL LEVE S.A.;Liderança;6;260;68
60.476.884/0001-87;2023-12-31;15;137603;MAHLE METAL LEVE S.A.;Năo-liderança;1667;4252;616
60.500.139/0001-26;2023-12-31;11;131217;SARAIVA LIVREIROS S.A. - EM RECUPERAÇĂO JUDICIAL;Liderança;12;57;14
60.500.139/0001-26;2023-12-31;11;131217;SARAIVA LIVREIROS S.A. - EM RECUPERAÇĂO JUDICIAL;Năo-liderança;208;134;18
60.537.263/0001-66;2023-12-31;7;137619;ALLPARK EMPREENDIMENTOS, PARTICIPAÇŐES E SERVIÇOS S.A.;Liderança;7;197;32
60.537.263/0001-66;2023-12-31;7;137619;ALLPARK EMPREENDIMENTOS, PARTICIPAÇŐES E SERVIÇOS S.A.;Năo-liderança;1508;2806;866
60.543.816/0001-93;2023-12-31;13;135854;IGUATEMI S.A.;Liderança;11;141;21
60.543.816/0001-93;2023-12-31;13;135854;IGUATEMI S.A.;Năo-liderança;182;241;17
60.651.809/0001-05;2023-12-31;5;137466;SUZANO HOLDING S.A.;Liderança;0;7;1
60.651.809/0001-05;2023-12-31;5;137466;SUZANO HOLDING S.A.;Năo-liderança;3;11;5
60.730.348/0001-66;2023-12-31;2;131732;CIA MELHORAMENTOS DE SAO PAULO;Liderança;2;46;15
60.730.348/0001-66;2023-12-31;2;131732;CIA MELHORAMENTOS DE SAO PAULO;Năo-liderança;98;190;45
60.746.948/0001-12;2023-12-31;27;137689;BCO BRADESCO S.A.;Liderança;494;9564;1651
60.746.948/0001-12;2023-12-31;27;137689;BCO BRADESCO S.A.;Năo-liderança;25985;43405;6712
60.770.336/0001-65;2023-12-31;20;135011;BCO ALFA DE INVESTIMENTO S.A.;Liderança;7;68;32
60.770.336/0001-65;2023-12-31;20;135011;BCO ALFA DE INVESTIMENTO S.A.;Năo-liderança;123;146;22
60.840.055/0001-31;2023-12-31;12;136614;FLEURY S.A.;Liderança;117;756;93
60.840.055/0001-31;2023-12-31;12;136614;FLEURY S.A.;Năo-liderança;5107;6657;872
60.851.615/0001-53;2023-12-31;5;137770;BARDELLA S.A. INDUSTRIAS MECANICAS EM RECUPERAÇĂO JUDICIAL;Liderança;0;5;5
60.851.615/0001-53;2023-12-31;5;137770;BARDELLA S.A. INDUSTRIAS MECANICAS EM RECUPERAÇĂO JUDICIAL;Năo-liderança;1;41;50
60.872.504/0001-23;2023-12-31;11;136081;ITAU UNIBANCO HOLDING S.A.;Liderança;731;10404;1380
60.872.504/0001-23;2023-12-31;11;136081;ITAU UNIBANCO HOLDING S.A.;Năo-liderança;33132;42921;4223
60.884.319/0001-59;2023-12-31;1;127809;NORDON INDUSTRIAS METALURGICAS S.A.;Liderança;0;0;1
60.884.319/0001-59;2023-12-31;1;127809;NORDON INDUSTRIAS METALURGICAS S.A.;Năo-liderança;0;1;0
60.894.730/0001-05;2023-12-31;19;137617;USINAS SID DE MINAS GERAIS S.A.-USIMINAS;Liderança;1;217;87
60.894.730/0001-05;2023-12-31;19;137617;USINAS SID DE MINAS GERAIS S.A.-USIMINAS;Năo-liderança;3950;9882;1741
61.022.042/0001-18;2023-12-31;5;137673;CONSTRUTORA ADOLPHO LINDENBERG S.A.;Liderança;3;29;4
61.022.042/0001-18;2023-12-31;5;137673;CONSTRUTORA ADOLPHO LINDENBERG S.A.;Năo-liderança;36;28;26
61.065.298/0001-02;2023-12-31;3;134156;MANGELS INDUSTRIAL S.A.;Liderança;1;45;16
61.065.298/0001-02;2023-12-31;3;134156;MANGELS INDUSTRIAL S.A.;Năo-liderança;693;859;231
61.065.751/0001-80;2023-12-31;4;137803;ROSSI RESIDENCIAL S.A. - EM RECUPERAÇĂO JUDICIAL;Liderança;0;16;2
61.065.751/0001-80;2023-12-31;4;137803;ROSSI RESIDENCIAL S.A. - EM RECUPERAÇĂO JUDICIAL;Năo-liderança;15;38;25
61.079.117/0001-05;2023-12-31;15;137696;ALPARGATAS S.A.;Liderança;0;97;31
61.079.117/0001-05;2023-12-31;15;137696;ALPARGATAS S.A.;Năo-liderança;7032;8324;651
61.080.313/0001-91;2023-12-31;1;124818;COBRASMA S.A.;Liderança;0;0;0
61.080.313/0001-91;2023-12-31;1;124818;COBRASMA S.A.;Năo-liderança;0;0;0
61.082.004/0001-50;2023-12-31;5;136114;MANUFATURA DE BRINQUEDOS ESTRELA S.A.;Liderança;1;18;7
61.082.004/0001-50;2023-12-31;5;136114;MANUFATURA DE BRINQUEDOS ESTRELA S.A.;Năo-liderança;162;225;135
61.088.894/0001-08;2023-12-31;5;135748;CAMBUCI S.A.;Liderança;14;102;33
61.088.894/0001-08;2023-12-31;5;135748;CAMBUCI S.A.;Năo-liderança;1718;1140;104
61.156.113/0001-75;2023-12-31;10;137505;IOCHPE MAXION S.A.;Liderança;12;742;237
61.156.113/0001-75;2023-12-31;10;137505;IOCHPE MAXION S.A.;Năo-liderança;4564;10173;1733
61.156.931/0001-78;2023-12-31;2;129749;ALIPERTI S.A.;Liderança;0;0;1
61.156.931/0001-78;2023-12-31;2;129749;ALIPERTI S.A.;Năo-liderança;0;8;2
61.186.680/0001-74;2023-12-31;15;136646;BANCO BMG S/A;Liderança;8;222;31
61.186.680/0001-74;2023-12-31;15;136646;BANCO BMG S/A;Năo-liderança;241;737;52
61.189.288/0001-89;2023-12-31;21;138004;MARISA LOJAS S.A.;Liderança;248;898;34
61.189.288/0001-89;2023-12-31;21;138004;MARISA LOJAS S.A.;Năo-liderança;3037;2931;270
61.190.096/0001-92;2023-12-31;13;135902;EUROFARMA LABORATÓRIOS S.A.;Liderança;9;587;103
61.190.096/0001-92;2023-12-31;13;135902;EUROFARMA LABORATÓRIOS S.A.;Năo-liderança;1011;4354;498
61.351.532/0001-68;2023-12-31;13;137928;AZEVEDO E TRAVASSOS S.A.;Liderança;0;8;2
61.351.532/0001-68;2023-12-31;13;137928;AZEVEDO E TRAVASSOS S.A.;Năo-liderança;19;39;23
61.374.161/0001-30;2023-12-31;3;131057;BAUMER S.A.;Liderança;0;14;15
61.374.161/0001-30;2023-12-31;3;131057;BAUMER S.A.;Năo-liderança;105;197;46
61.409.892/0001-73;2023-12-31;4;136682;COMPANHIA BRASILEIRA DE ALUMÍNIO;Liderança;1;91;17
61.409.892/0001-73;2023-12-31;4;136682;COMPANHIA BRASILEIRA DE ALUMÍNIO;Năo-liderança;1225;3879;402
61.486.650/0001-83;2023-12-31;19;136991;DIAGNOSTICOS DA AMERICA S.A.;Liderança;300;250;2490
61.486.650/0001-83;2023-12-31;19;136991;DIAGNOSTICOS DA AMERICA S.A.;Năo-liderança;15978;3855;27460
61.532.644/0001-15;2023-12-31;6;137667;ITAÚSA S.A.;Liderança;0;6;6
61.532.644/0001-15;2023-12-31;6;137667;ITAÚSA S.A.;Năo-liderança;15;42;11
61.584.140/0001-49;2023-12-31;3;137086;REDE ENERGIA PARTICIPAÇŐES S.A.;Liderança;0;0;1
61.584.140/0001-49;2023-12-31;3;137086;REDE ENERGIA PARTICIPAÇŐES S.A.;Năo-liderança;0;0;1
61.585.865/0001-51;2023-12-31;10;137915;RAIA DROGASIL S.A.;Liderança;885;2653;92
61.585.865/0001-51;2023-12-31;10;137915;RAIA DROGASIL S.A.;Năo-liderança;34202;13805;1402
61.856.571/0001-17;2023-12-31;8;137500;CIA GAS DE SAO PAULO - COMGAS;Liderança;3;108;6
61.856.571/0001-17;2023-12-31;8;137500;CIA GAS DE SAO PAULO - COMGAS;Năo-liderança;169;717;91
62.002.886/0001-60;2023-12-31;10;137895;SAO PAULO TURISMO S.A.;Liderança;1;20;9
62.002.886/0001-60;2023-12-31;10;137895;SAO PAULO TURISMO S.A.;Năo-liderança;5;86;37
62.144.175/0001-20;2023-12-31;33;136647;BCO PINE S.A;Liderança;0;8;8
62.144.175/0001-20;2023-12-31;33;136647;BCO PINE S.A;Năo-liderança;120;147;28
62.232.889/0001-90;2023-12-31;3;133524;BCO DAYCOVAL S.A.;Liderança;26;470;164
62.232.889/0001-90;2023-12-31;3;133524;BCO DAYCOVAL S.A.;Năo-liderança;791;1726;255
62.258.884/0001-36;2023-12-31;5;137829;INTERCEMENT BRASIL S.A. - EM RECUPERAÇĂO JUDICIAL;Liderança;8;245;36
62.258.884/0001-36;2023-12-31;5;137829;INTERCEMENT BRASIL S.A. - EM RECUPERAÇĂO JUDICIAL;Năo-liderança;326;1190;204
62.984.091/0001-02;2023-12-31;11;137707;CRUZEIRO DO SUL EDUCACIONAL S.A.;Liderança;22;265;56
62.984.091/0001-02;2023-12-31;11;137707;CRUZEIRO DO SUL EDUCACIONAL S.A.;Năo-liderança;1648;3857;1378
67.010.660/0001-24;2023-12-31;6;137136;RNI NEGÓCIOS IMOBILIÁRIOS S.A.;Liderança;10;83;7
67.010.660/0001-24;2023-12-31;6;137136;RNI NEGÓCIOS IMOBILIÁRIOS S.A.;Năo-liderança;164;250;28
67.571.414/0001-41;2023-12-31;18;136928;VIVER INCORPORADORA E CONSTRUTORA S.A.;Liderança;0;16;0
67.571.414/0001-41;2023-12-31;18;136928;VIVER INCORPORADORA E CONSTRUTORA S.A.;Năo-liderança;31;51;5
67.620.377/0001-14;2023-12-31;9;136838;MINERVA S.A.;Liderança;97;897;207
67.620.377/0001-14;2023-12-31;9;136838;MINERVA S.A.;Năo-liderança;9580;10327;2089
71.208.516/0001-74;2023-12-31;5;135508;ALGAR TELECOM S/A;Liderança;5;269;76
71.208.516/0001-74;2023-12-31;5;135508;ALGAR TELECOM S/A;Năo-liderança;764;2766;443
71.476.527/0001-35;2023-12-31;16;136098;CONSTRUTORA TENDA S.A.;Liderança;16;265;18
71.476.527/0001-35;2023-12-31;16;136098;CONSTRUTORA TENDA S.A.;Năo-liderança;1470;2330;145
73.178.600/0001-18;2023-12-31;6;137801;CYRELA BRAZIL REALTY S.A.EMPREEND E PART;Liderança;55;274;21
73.178.600/0001-18;2023-12-31;6;137801;CYRELA BRAZIL REALTY S.A.EMPREEND E PART;Năo-liderança;2016;2474;558
75.315.333/0001-09;2023-12-31;15;135906;ATACADĂO S.A.;Liderança;485;4399;584
75.315.333/0001-09;2023-12-31;15;135906;ATACADĂO S.A.;Năo-liderança;64689;66805;13391
75.609.123/0001-23;2023-12-31;14;134259;UNIDAS LOCAÇŐES E SERVIÇOS S.A.;Liderança;4;113;15
75.609.123/0001-23;2023-12-31;14;134259;UNIDAS LOCAÇŐES E SERVIÇOS S.A.;Năo-liderança;341;957;246
76.483.817/0001-20;2023-12-31;20;136123;CIA PARANAENSE DE ENERGIA - COPEL;Liderança;1;312;74
76.483.817/0001-20;2023-12-31;20;136123;CIA PARANAENSE DE ENERGIA - COPEL;Năo-liderança;42;4045;1401
76.484.013/0001-45;2023-12-31;13;137663;CIA SANEAMENTO DO PARANA - SANEPAR;Liderança;0;106;36
76.484.013/0001-45;2023-12-31;13;137663;CIA SANEAMENTO DO PARANA - SANEPAR;Năo-liderança;26;1100;533
76.535.764/0001-43;2023-12-31;16;137764;OI S.A. - EM RECUPERAÇĂO JUDICIAL;Liderança;254;1096;187
76.535.764/0001-43;2023-12-31;16;137764;OI S.A. - EM RECUPERAÇĂO JUDICIAL;Năo-liderança;7503;12141;2391
79.430.682/0001-22;2023-12-31;6;135921;FARMÁCIA E DROGARIA NISSEI S.A.;Liderança;94;286;18
79.430.682/0001-22;2023-12-31;6;135921;FARMÁCIA E DROGARIA NISSEI S.A.;Năo-liderança;3393;2118;476
80.680.093/0001-81;2023-12-31;2;133245;SENIOR SISTEMAS S.A.;Liderança;20;185;17
80.680.093/0001-81;2023-12-31;2;133245;SENIOR SISTEMAS S.A.;Năo-liderança;934;1360;92
81.243.735/0001-48;2023-12-31;14;137753;POSITIVO TECNOLOGIA S.A.;Liderança;4;251;75
81.243.735/0001-48;2023-12-31;14;137753;POSITIVO TECNOLOGIA S.A.;Năo-liderança;871;1649;187
81.616.807/0001-55;2023-12-31;5;133328;GRANJA FARIA S.A.;Liderança;19;82;9
81.616.807/0001-55;2023-12-31;5;133328;GRANJA FARIA S.A.;Năo-liderança;427;742;211
82.120.676/0001-83;2023-12-31;1;127897;ALMEIDA JUNIOR SHOPPING CENTERS S.A.;Liderança;3;41;1
82.120.676/0001-83;2023-12-31;1;127897;ALMEIDA JUNIOR SHOPPING CENTERS S.A.;Năo-liderança;255;420;140
82.508.433/0001-17;2023-12-31;6;135666;CIA CATARINENSE DE AGUAS E SANEAM.-CASAN;Liderança;9;237;57
82.508.433/0001-17;2023-12-31;6;135666;CIA CATARINENSE DE AGUAS E SANEAM.-CASAN;Năo-liderança;132;1543;718
82.640.558/0001-04;2023-12-31;5;135562;KARSTEN S.A.;Liderança;4;70;10
82.640.558/0001-04;2023-12-31;5;135562;KARSTEN S.A.;Năo-liderança;912;1137;442
82.643.537/0001-34;2023-12-31;8;137145;ELECTRO ACO ALTONA S.A.;Liderança;7;80;5
82.643.537/0001-34;2023-12-31;8;137145;ELECTRO ACO ALTONA S.A.;Năo-liderança;425;708;106
82.901.000/0001-27;2023-12-31;3;135975;INTELBRAS S.A. IND. DE TELECOMUNICAÇĂO ELETRÔNICA BRASILEIRA;Liderança;13;268;41
82.901.000/0001-27;2023-12-31;3;135975;INTELBRAS S.A. IND. DE TELECOMUNICAÇĂO ELETRÔNICA BRASILEIRA;Năo-liderança;1809;2295;290
82.982.075/0001-80;2023-12-31;2;130627;TEXTIL RENAUXVIEW S.A.;Liderança;1;38;4
82.982.075/0001-80;2023-12-31;2;130627;TEXTIL RENAUXVIEW S.A.;Năo-liderança;191;320;88
83.475.913/0001-91;2023-12-31;5;138046;PBG S/A;Liderança;21;212;45
83.475.913/0001-91;2023-12-31;5;138046;PBG S/A;Năo-liderança;1330;2060;299
83.878.892/0001-55;2023-12-31;12;137642;CENTRAIS ELET DE SANTA CATARINA S.A.;Liderança;48;337;73
83.878.892/0001-55;2023-12-31;12;137642;CENTRAIS ELET DE SANTA CATARINA S.A.;Năo-liderança;624;2183;660
84.429.695/0001-11;2023-12-31;6;136075;WEG S.A.;Liderança;52;1370;447
84.429.695/0001-11;2023-12-31;6;136075;WEG S.A.;Năo-liderança;13294;20273;3701
84.683.374/0001-49;2023-12-31;16;137700;TUPY S.A.;Liderança;22;501;142
84.683.374/0001-49;2023-12-31;16;137700;TUPY S.A.;Năo-liderança;5471;11796;1641
84.683.408/0001-03;2023-12-31;3;135674;DOHLER S.A.;Liderança;43;223;68
84.683.408/0001-03;2023-12-31;3;135674;DOHLER S.A.;Năo-liderança;1289;1192;298
84.683.671/0001-94;2023-12-31;4;133542;WETZEL S.A.;Liderança;0;24;12
84.683.671/0001-94;2023-12-31;4;133542;WETZEL S.A.;Năo-liderança;286;570;180
84.693.183/0001-68;2023-12-31;4;135472;SCHULZ S.A.;Liderança;0;85;33
84.693.183/0001-68;2023-12-31;4;135472;SCHULZ S.A.;Năo-liderança;1159;1887;304
85.041.333/0001-11;2023-12-31;3;128576;PORTO PONTA DO FELIX S/A;Liderança;1;5;4
85.041.333/0001-11;2023-12-31;3;128576;PORTO PONTA DO FELIX S/A;Năo-liderança;66;144;44
85.778.074/0001-06;2023-12-31;7;136049;METALURGICA RIOSULENSE S.A.;Liderança;6;38;7
85.778.074/0001-06;2023-12-31;7;136049;METALURGICA RIOSULENSE S.A.;Năo-liderança;280;457;89
86.375.425/0001-09;2023-12-31;4;143697;METISA METALURGICA TIMBOENSE S.A.;Liderança;0;11;18
86.375.425/0001-09;2023-12-31;4;143697;METISA METALURGICA TIMBOENSE S.A.;Năo-liderança;380;634;156
87.043.832/0001-73;2023-12-31;6;136999;SEIVA S.A. - FLORESTAS E INDÚSTRIAS;Liderança;0;3;0
87.043.832/0001-73;2023-12-31;6;136999;SEIVA S.A. - FLORESTAS E INDÚSTRIAS;Năo-liderança;0;1;0
87.456.562/0001-22;2023-12-31;3;148329;JOSAPAR-JOAQUIM OLIVEIRA S.A. - PARTICIP;Liderança;0;10;14
87.456.562/0001-22;2023-12-31;3;148329;JOSAPAR-JOAQUIM OLIVEIRA S.A. - PARTICIP;Năo-liderança;409;735;250
87.762.563/0001-03;2023-12-31;7;137839;CIA HABITASUL DE PARTICIPACOES;Liderança;1;21;17
87.762.563/0001-03;2023-12-31;7;137839;CIA HABITASUL DE PARTICIPACOES;Năo-liderança;42;99;21
87.870.952/0001-44;2023-12-31;4;135560;BORRACHAS VIPAL S.A.;Liderança;2;92;20
87.870.952/0001-44;2023-12-31;4;135560;BORRACHAS VIPAL S.A.;Năo-liderança;951;1362;184
88.610.126/0001-29;2023-12-31;7;136794;FRASLE MOBILITY S.A.;Liderança;5;135;24
88.610.126/0001-29;2023-12-31;7;136794;FRASLE MOBILITY S.A.;Năo-liderança;1655;3033;604
88.610.191/0001-54;2023-12-31;4;139048;MUNDIAL S.A. - PRODUTOS DE CONSUMO;Liderança;4;62;31
88.610.191/0001-54;2023-12-31;4;139048;MUNDIAL S.A. - PRODUTOS DE CONSUMO;Năo-liderança;578;1015;362
88.611.835/0001-29;2023-12-31;15;136048;MARCOPOLO S.A.;Liderança;28;435;64
88.611.835/0001-29;2023-12-31;15;136048;MARCOPOLO S.A.;Năo-liderança;3647;5232;913
89.086.144/0001-16;2023-12-31;7;138534;RANDONCORP S.A.;Liderança;17;389;84
89.086.144/0001-16;2023-12-31;7;138534;RANDONCORP S.A.;Năo-liderança;4872;9276;1312
89.096.457/0001-55;2023-12-31;15;137386;SLC AGRICOLA S.A.;Liderança;85;293;36
89.096.457/0001-55;2023-12-31;15;137386;SLC AGRICOLA S.A.;Năo-liderança;1382;2141;448
89.463.822/0001-12;2023-12-31;27;137874;LUPATECH S.A;Liderança;0;28;9
89.463.822/0001-12;2023-12-31;27;137874;LUPATECH S.A;Năo-liderança;114;251;70
89.637.490/0001-45;2023-12-31;15;137486;KLABIN S.A.;Liderança;107;1286;255
89.637.490/0001-45;2023-12-31;15;137486;KLABIN S.A.;Năo-liderança;5005;9975;1638
89.850.341/0001-60;2023-12-31;11;136875;GRENDENE S.A.;Liderança;36;422;94
89.850.341/0001-60;2023-12-31;11;136875;GRENDENE S.A.;Năo-liderança;5540;7563;1426
90.076.886/0001-40;2023-12-31;4;138919;MINUPAR PARTICIPACOES S.A.;Liderança;3;40;4
90.076.886/0001-40;2023-12-31;4;138919;MINUPAR PARTICIPACOES S.A.;Năo-liderança;851;1278;553
90.400.888/0001-42;2023-12-31;17;137940;BCO SANTANDER (BRASIL) S.A.;Liderança;440;737;114
90.400.888/0001-42;2023-12-31;17;137940;BCO SANTANDER (BRASIL) S.A.;Năo-liderança;17490;29267;4543
90.441.460/0001-48;2023-12-31;4;137407;UNICASA INDÚSTRIA DE MÓVEIS S.A.;Liderança;0;40;0
90.441.460/0001-48;2023-12-31;4;137407;UNICASA INDÚSTRIA DE MÓVEIS S.A.;Năo-liderança;162;324;38
91.333.666/0001-17;2023-12-31;8;139739;RECRUSUL S.A.;Liderança;0;9;2
91.333.666/0001-17;2023-12-31;8;139739;RECRUSUL S.A.;Năo-liderança;48;56;31
91.669.747/0001-92;2023-12-31;2;128679;DM FINANCEIRA S.A. - CRÉDITO, FINANCIAMENTO E INVESTIMENTO;Liderança;0;0;1
91.669.747/0001-92;2023-12-31;2;128679;DM FINANCEIRA S.A. - CRÉDITO, FINANCIAMENTO E INVESTIMENTO;Năo-liderança;0;0;1
91.983.056/0001-69;2023-12-31;17;136540;KEPLER WEBER S.A.;Liderança;17;109;10
91.983.056/0001-69;2023-12-31;17;136540;KEPLER WEBER S.A.;Năo-liderança;538;853;170
92.012.467/0001-70;2023-12-31;5;136606;GRAZZIOTIN S.A.;Liderança;165;273;0
92.012.467/0001-70;2023-12-31;5;136606;GRAZZIOTIN S.A.;Năo-liderança;1492;624;175
92.660.570/0001-26;2023-12-31;4;138132;TREVISA INVESTIMENTOS S.A.;Liderança;0;31;23
92.660.570/0001-26;2023-12-31;4;138132;TREVISA INVESTIMENTOS S.A.;Năo-liderança;43;135;56
92.665.611/0001-77;2023-12-31;5;133204;DIMED S.A. DISTRIBUIDORA DE MEDICAMENTOS;Liderança;136;516;30
92.665.611/0001-77;2023-12-31;5;133204;DIMED S.A. DISTRIBUIDORA DE MEDICAMENTOS;Năo-liderança;4238;3473;554
92.690.783/0001-09;2023-12-31;14;138036;METALURGICA GERDAU S.A.;Liderança;353;3346;911
92.690.783/0001-09;2023-12-31;14;138036;METALURGICA GERDAU S.A.;Năo-liderança;6280;16235;3473
92.693.019/0001-89;2023-12-31;5;137614;PANATLANTICA S.A.;Liderança;0;25;20
92.693.019/0001-89;2023-12-31;5;137614;PANATLANTICA S.A.;Năo-liderança;131;310;73
92.702.067/0001-96;2023-12-31;27;136674;BCO ESTADO DO RIO GRANDE DO SUL S.A.;Liderança;14;1082;564
92.702.067/0001-96;2023-12-31;27;136674;BCO ESTADO DO RIO GRANDE DO SUL S.A.;Năo-liderança;177;4642;2181
92.721.232/0001-57;2023-12-31;6;134014;BANRISUL ARMAZENS GERAIS SA;Liderança;0;27;11
92.721.232/0001-57;2023-12-31;6;134014;BANRISUL ARMAZENS GERAIS SA;Năo-liderança;0;24;7
92.749.225/0001-63;2023-12-31;4;136932;HERCULES S.A. FABRICA DE TALHERES;Liderança;0;1;6
92.749.225/0001-63;2023-12-31;4;136932;HERCULES S.A. FABRICA DE TALHERES;Năo-liderança;0;0;1
92.754.738/0001-62;2023-12-31;9;136012;LOJAS RENNER S.A.;Liderança;710;2276;86
92.754.738/0001-62;2023-12-31;9;136012;LOJAS RENNER S.A.;Năo-liderança;12494;8023;932
92.781.335/0001-02;2023-12-31;9;136801;TAURUS ARMAS S.A.;Liderança;31;208;21
92.781.335/0001-02;2023-12-31;9;136801;TAURUS ARMAS S.A.;Năo-liderança;1187;1615;331
92.791.243/0001-03;2023-12-31;7;137721;IRANI PAPEL E EMBALAGEM S.A.;Liderança;18;127;29
92.791.243/0001-03;2023-12-31;7;137721;IRANI PAPEL E EMBALAGEM S.A.;Năo-liderança;898;1066;223
93.828.986/0001-73;2023-12-31;2;137240;CEMEPE INVESTIMENTOS S.A.;Liderança;0;0;2
93.828.986/0001-73;2023-12-31;2;137240;CEMEPE INVESTIMENTOS S.A.;Năo-liderança;0;0;2
94.813.102/0001-70;2023-12-31;3;133703;TRĘS TENTOS AGROINDUSTRIAL S/A;Liderança;68;352;30
94.813.102/0001-70;2023-12-31;3;133703;TRĘS TENTOS AGROINDUSTRIAL S/A;Năo-liderança;577;761;163
95.426.862/0001-97;2023-12-31;3;137646;EXCELSIOR ALIMENTOS S.A.;Liderança;3;20;7
95.426.862/0001-97;2023-12-31;3;137646;EXCELSIOR ALIMENTOS S.A.;Năo-liderança;138;304;75
96.298.013/0001-68;2023-12-31;8;137557;PACAEMBU CONSTRUTORA S.A.;Liderança;6;89;10
96.298.013/0001-68;2023-12-31;8;137557;PACAEMBU CONSTRUTORA S.A.;Năo-liderança;305;296;68
96.418.264/0218-02;2023-12-31;14;137838;LOJAS QUERO QUERO S.A.;Liderança;415;936;73
96.418.264/0218-02;2023-12-31;14;137838;LOJAS QUERO QUERO S.A.;Năo-liderança;3735;2632;436
97.191.902/0001-94;2023-12-31;2;136989;CONSERVAS ODERICH S.A.;Liderança;33;94;60
97.191.902/0001-94;2023-12-31;2;136989;CONSERVAS ODERICH S.A.;Năo-liderança;597;964;367
97.837.181/0001-47;2023-12-31;11;136737;DEXCO S.A.;Liderança;69;534;80
97.837.181/0001-47;2023-12-31;11;136737;DEXCO S.A.;Năo-liderança;3738;7400;1175
