CNPJ_Companhia;Data_Referencia;Versao;ID_Documento;Nome_Companhia;ID_Capital_Social_Reducao;Data_Deliberacao;Data_Reducao;Valor_Total_Reducao;Quantidade_Acoes_Ordinarias;Quantidade_Acoes_Preferenciais;Quantidade_Total_Acoes;Reducao_Capital_Anterior;Valor_Restituido_Por_Acao;Forma_Restituicao;Razao_Reducao
00.336.701/0001-04;2021-01-01;16;115640;TELEC BRASILEIRAS S.A. TELEBRAS;13678;2013-06-28;2013-06-28;456309531.96;0;0;0;0.000000;0.00000000;Não ocorreu restituição.;Absorção de prejuízos acumulados.
00.359.742/0001-08;2021-01-01;4;113894;FICTOR ALIMENTOS S.A.;13448;2020-04-30;2020-04-30;230611102.03;0;0;0;0.000000;0.00000000;N/A;Redução do capital social da Companhia mediante a absorção dos seus prejuízos acumulados, sem que haja prejuízo no percentual de participação dos acionistas, sem alteração do atual número de ações existentes, não tendo, inclusive, implicação fiscal, muito menos de natureza econômica e financeira.
00.545.378/0001-70;2021-01-01;2;105553;SERRA AZUL WATER PARK SA;12472;2017-01-01;2017-01-01;0.01;0;0;0;0.000001;0.00000000;Não Aplivável;Não houve redução do Capital Social
00.622.416/0001-41;2021-01-01;12;113936;STATKRAFT ENERGIAS RENOVAVEIS S.A.;13457;2010-07-30;2010-07-30;220101170.00;4137240;0;4137240;99.909200;53.20000000;Versão do acervo líquido para controladora Jackson.;Implementação de reestruturação societária dentro do grupo.
00.622.416/0001-41;2021-01-01;12;113936;STATKRAFT ENERGIAS RENOVAVEIS S.A.;13458;2017-12-15;2017-12-15;168947847.94;0;0;0;0.000000;0.00000000;Compensação de prejuízos acumulados.;Compensação de prejuízos acumulados.
00.776.574/0001-56;2021-01-01;15;115623;AMERICANAS S.A. - EM RECUPERAÇÃO JUDICIAL;13674;2021-06-10;2021-06-10;2804396764.34;0;0;0;0.000000;0.00000000;;Redução do capital social da Companhia para absorver prejuízos acumulados, sem o cancelamento de ações.
00.776.574/0001-56;2021-01-01;15;115623;AMERICANAS S.A. - EM RECUPERAÇÃO JUDICIAL;13675;2022-01-28;2022-01-28;0.00;17500000;0;17500000;1.933947;0.00000000;Sem restituição.;Cancelamento de 17.500.000 ações ordinárias mantidas em tesouraria, no valor total de R$587.870.723,59 contra reserva para novos empreendimentos.
01.545.826/0001-07;2021-01-01;8;114205;GAFISA S.A.;13493;2017-02-20;2017-04-27;219510000.00;28040162;0;28040162;8.009381;8.13000000;Entrega de uma ação ordinária do capital social da Construtora Tenda S.A. para cada uma ação ordinária detida pelo acionista da Companhia pós grupamento, excluídas as ações em tesouraria;O capital foi julgado excessivo, nos termos do Art. 173 da Lei nº 6.404/76
01.545.826/0001-07;2021-01-01;8;114205;GAFISA S.A.;13494;2020-04-30;2020-04-30;2585032921.91;0;0;0;88.338527;0.00000000;Mediante absorção de prejuízos;Absorção de prejuízos
01.971.614/0001-83;2021-01-01;7;114105;EMPRESA NAC COM REDITO PART S.A.ENCORPAR;13473;2017-06-30;2017-06-30;71433212.63;0;0;0;0.000000;0.00000000;Não aplicável.;A Proposta de redução do capital social de R$150.000.000,00 para R$ 78.566.787,37, mediante a absorção do prejuízo acumulado constante das demonstrações financeiras do exercício findo em 31/12/2016, no montante de R$71.433.212,63, sem modificação da quantidade de ações.
02.105.040/0001-23;2021-04-01;3;108918;VIRGO II COMPANHIA DE SECURITIZACAO;12843;2019-11-06;2019-11-06;25385758.59;0;0;0;0.000000;0.00000000;O valor corresponde a restituição do capital seja efetuada em compensação de créditos da Companhia para com os acionistas;
02.105.040/0001-23;2021-12-31;1;100560;VIRGO II COMPANHIA DE SECURITIZACAO;12009;2019-11-06;2019-11-06;25385758.59;0;0;0;0.000000;0.00000000;O valor corresponde a restituição do capital seja efetuada em compensação de créditos da Companhia para com os acionistas;
02.193.750/0001-52;2021-01-01;15;115647;DEXXOS PARTICIPAÇÕES S.A.;13679;2018-12-31;2018-12-31;141898777.13;0;0;0;63.362253;0.00000000;Absorção da conta de prejuízos acumulados;Absorção de saldo existente na conta de prejuízos acumulados
02.387.241/0001-60;2021-01-01;17;115500;RUMO S.A.;13660;2021-04-27;2021-04-27;3507064183.23;0;0;0;21.840000;0.00000000;Não houve valor restituído por ação na redução de capital social aprovada em Assembleia Geral Ordinária e Extraordinária, realizada em 27 de abril de 2021.;As Demonstrações Financeiras de 31 de dezembro de 2020 da Companhia, apresentou prejuízo acumulado total no valor de R$ 3.760,7 milhões valor este que foi objeto da proposta de redução de capital e absorção das reservas de lucros.Em 27 de abril de 2021, por meio da Assembleia Geral Ordinária e Extraordinária, além de outras deliberações, a Administração propôs a absorção da totalidade dos prejuízos acumulados nas demonstrações financeiras de 31 de dezembro 2020, no valor de R$ 3.760,7 milhões, com reserva de lucros de R$ 253,6 milhões e com capital social no valor de R$ 3.507,1 milhões, sem cancelamento de ações.Segundo a Lei das S.A., a cifra do capital social somente pode ser alterada nas hipóteses e com a observância dos procedimentos previstos na legislação e no Estatuto Social. Dentre as hipóteses nas quais se admite a redução da cifra do capital social destaca-se a possibilidade de a assembleia geral decidir pela redução do capital em caso de perda, até o montante dos prejuízos acumulados (Lei das S.A., Art. 173). Como se sabe, a operação de redução de capital social é de natureza estritamente contábil, sendo realizada mediante lançamento contábil que debita o montante reduzido às contas de "reserva de lucros" e de "capital social", creditando-se valor igual à conta "prejuízos acumulados".Neste sentido, foi aprovado pela Assembleia Geral Ordinária e Extraordinária, realizada em 27 de abril de 2021, a compensação da totalidade dos prejuízos acumulados apurados nas DFs 2020, no valor de R$ 3.760.663, com reserva de lucros de R$ 253.599 e com capital social no valor de R$ 3.507.064, sem cancelamento de ações, para a absorção dos prejuízos acumulados, após a dedução do lucro líquido apurado nas DFs 2020.Dessa forma, o capital social da Companhia após a redução realizada, o capital social da Companhia é de R$ 12.547.841.824,28 (doze bilhões, quinhentos e quarenta e sete milhões, oitocentos e quarenta e um mil, oitocentos e vinte e quatro reais e vinte e oito centavos), dividido em 1.854.158.791 (um bilhão, oitocentas e cinquenta e quatro milhões, cento e cinquenta e oito mil e setecentas e noventa e uma) ações ordinárias, todas nominativas, escriturais e sem valor nomina.A redução de capital também visa a reestabelecer a situação de equilíbrio entre o nível de capital e o patrimônio da Companhia.
02.397.080/0001-96;2021-01-01;6;114132;ITAPEBI GERACAO DE ENERGIA S.A.;13478;2007-08-10;2007-10-10;45000000.00;45000000000;0;45000000000;30.000000;1.00000000;A redução ocorreu de forma proporcional à participação de cada acionista no capital social da companhia e pelo valor nominal das ações de R$ 1,00 cada.;Em consonância com a estratégia definida pelo plano financeiro do Grupo Neoenergia, foi aprovada a 3ª emissão de debêntures desta empresa. Os recursos captados com esta emissão foram destinados ao pré-pagamento da 2ª emissão de debêntures. Desta forma, possibilitamos o alongamento de prazos da dívida e redução dos custos.Adicionalmente, embora parte do caixa tenha sido utilizado para a amortização da dívida, ainda havia um excesso do mesmo.Considerando não existir possibilidades de reinvestimento da sobra de caixa na própria usina e, com o objetivo de dar destinação ao mesmo e aproveitar as oportunidades de mercado para alongar o prazo e reduzir o custo, a estratégia utilizada, portanto, foi a de emissão debêntures e redução de capital, o que possibilitou o aumento do índice de liquidez da empresa. Para tal, foi aprovada em Assembléia Geral Extraordinária de 10 de agosto de 2007, que a empresa reduziria seu capital em R$ 45 milhões.
02.397.080/0001-96;2021-01-01;6;114132;ITAPEBI GERACAO DE ENERGIA S.A.;13479;2013-09-17;2013-11-18;80000000.00;80000000;0;80000000;7919.047600;0.76190476;A redução do capital social da Companhia de R$ 105.000.000,00 (cento e cinco milhões de reais), para R$ 25.000.000,00 (vinte e cinco milhões dereais), ocorreu de forma proporcional sendo pago aos acionistas o valor de R$ 0,7619047619 por ação ordinária, em moeda corrente nacional,mediante o cancelamento de 80.000.000 (oitenta milhões de ações ordinárias) representativas do capital social da Companhia, mantendo-seinalterado o percentual de participação dos acionistas no capital social da Companhia.;O capital social subscrito de R$105.000.000,00 é considerado elevado e sua redução oferecerá perspectivas de otimização da estrutura de capitalem favor do Acionista
02.724.983/0001-34;2021-01-01;2;111303;SANESALTO SANEAMENTO S.A.;13145;2020-12-28;2020-12-28;14523205.00;14523205;0;14523205;99.654572;0.00000000;Compensação de prejuízos acumulados;Compensação dos prejuízos acumulados
02.762.121/0001-04;2021-01-01;7;115702;SANTOS BRASIL PARTICIPACOES S.A.;13685;2007-07-31;2007-07-31;398675.32;0;0;0;87.620949;0.00000000;Absorção de prejuízos acumulados;Eliminar o saldo de prejuízos acumulados
02.762.121/0001-04;2021-01-01;7;115702;SANTOS BRASIL PARTICIPACOES S.A.;13686;2007-10-24;2007-10-24;54271.86;0;0;0;96.355467;0.00000000;Absorção do prejuízo do exercício;Eliminar o saldo de prejuízo do exercício
03.342.704/0001-30;2021-01-01;15;113616;PETRORECÔNCAVO S.A.;13398;2019-11-22;2019-11-22;34481321.19;0;0;0;10.614500;0.00000000;Não aplicável;Cisão parcial de ativos da Companhia.
04.437.534/0001-30;2021-01-01;2;111127;LOCAMÉRICA RENT-A-CAR S.A.;13102;2020-01-01;2020-01-01;14596174.39;690902;0;690902;0.012667;0.00000000;N/A;Foi aprovada a redução do capital da Companhia, nos termos do artigo 173 da Lei das Sociedades por Ações, no valor de R$14.596.174,39 (quatorze milhões e quinhentos e noventa e seis mil, cento e setenta e quatro reais e trinta e nove centavos), com o cancelamento de 690.902 de ações representativas do capital social da Companhia, todas pertencentes à COMPANHIA DE LOCAÇÃO DAS AMÉRICAS.
04.821.041/0001-08;2021-01-01;10;114536;METALFRIO SOLUTIONS S.A.;13526;2016-12-20;2016-12-20;115949236.64;0;0;0;32.210000;0.00000000;Não houve restituição, pois não houve cancelamento de ações;Redução do capital social da Companhia no valor de R$ 115.949.236,64 (cento e quinze milhões, novecentos e quarenta e nove mil, duzentos e trinta e seis reais e sessenta e quatro centavos), sem cancelamento de ações, para absorção dos prejuízos acumulados constantes do balanço patrimonial datado de 30 de setembro de 2016
04.972.092/0001-22;2021-01-01;6;111173;GRUPO FARTURA DE HORTIFRUT S.A.;13106;2019-08-31;2019-08-31;133894427.00;385189;0;385189;40.579200;347.61000000;Moeda Nacional;Cisão Parcial da Companhia, nos termos da Lei do §5º do art. 229 da Lei das Sociedades por Ações
04.992.714/0001-84;2021-01-01;10;114813;NOVA TRANSPORTADORA DO SUDESTE S.A. - NTS;13629;2018-08-06;2018-10-08;693698573.40;0;0;0;30.000000;0.30000000;Restituição de capital aos acionistas, em moeda corrente nacional, proporcionalmente às suas respectivas participações no capital social da Companhia;Capital considerado excessivo ao desempenho das atividades da Companhia
04.992.714/0001-84;2021-01-01;10;114813;NOVA TRANSPORTADORA DO SUDESTE S.A. - NTS;13630;2019-07-16;2019-09-17;624328716.06;0;0;0;38.570000;0.27000000;Restituição de capital aos acionistas, em moeda corrente nacional, proporcionalmente às suas respectivas participações no capital social da Companhia;Capital considerado excessivo ao desempenho das atividades da Companhia
04.992.714/0001-84;2021-01-01;10;114813;NOVA TRANSPORTADORA DO SUDESTE S.A. - NTS;13631;2020-08-31;2020-10-31;653324877.16;0;0;0;56.220000;0.28000000;Restituição de capital aos acionistas, em moeda corrente nacional, proporcionalmente às suas respectivas participações no capital social da Companhia.;Capital considerado excessivo ao desempenho das atividades da Companhia
05.799.312/0001-20;2021-01-01;6;109045;TERRA SANTA AGRO S.A.;12886;2021-04-29;2021-08-01;673588231.59;0;0;0;0.000000;0.00000000;Os Acionistas da Companhia receberão 1 (uma) ação da TS Agro para cada ação detida na Companhia, pelo valor patrimonial equivalente a aproximadamente R$ 30,92 (trinta reais e noventa e dois centavos) por ação.A Redução do Capital ora proposta não acarretará no cancelamento das ações.;No contexto da Reorganização Societária, o capital social da Companhia será reduzido por ser considerado excessivo. A redução de capital será realizada em valor equivalente ao valor patrimonial contábil do investimento detido pela Companhia na TS Agro, mediante a entrega de 100% (cem por cento) das ações da TS Agro a título de restituição do capital, na proporção das respectivas participações de cada acionista na Companhia, sem o cancelamento de quaisquer ações representativas do capital social daCompanhia, mantendo-se, portanto, inalterado o percentual de participação dos acionistas no capital social da Companhia ("Redução de Capital").A Redução de Capital social ora deliberada está condicionada (i) ao decurso do prazo de 60 (sessenta) dias previsto no Art. 174 da Lei das S.A. (ii) ao cumprimento das condições suspensivas previstas na Transação, inclusive o Registro de Companhia Aberta e (iii) o arquivamento da presente ata na Junta Comercial do Estado de São Paulo. Uma vez implementadas as referidas condições precedentes, a Redução de Capital será consumadasimultaneamente à implementação da Operação, cuja data será oportunamente informada ao mercado pelo Conselho de Administração.Como consequência da Redução de Capital, imediatamente após sua efetivação, a composição acionária da TS Agro será equivalente à da Companhia.
06.057.223/0001-71;2021-01-01;18;115525;SENDAS DISTRIBUIDORA S.A.;13662;2020-12-31;2020-12-31;4672407900.25;0;0;0;85.989700;0.00000000;Não aplicável, visto que não houve redução do número de ações de emissão da Companhia.;A redução decorreu da cisão parcial da Companhia, aprovada em Assembleia Geral Extraordinária realizada em 31 de dezembro de 2020, conforme descrita no item 15.7 deste Formulário de Referência
07.040.108/0001-57;2021-01-01;8;114245;CAGECE - CIA DE AGUA E ESGOTO DO CEARA;13499;2020-07-24;2020-07-24;34732350.24;0;2673776;2673776;0.017556;12.99000000;Mediante o resgate da totalidade das ações preferenciais classe B, resgatáveis, convertidas a partir de ações ordinárias ou preferenciais classe A, por solicitação dos acionistas após concessão de prazo para tal, cujo pagamento seria feito contra reserva de lucros da Companhia e, no caso de ações preferenciais classe B de titularidade do acionista Estado do Ceará, exclusivamente pela entrega de bens do ativo não circulante da Companhia, pelo seu valor contábil líquido em 31 de março de 2020.;Adequar o Capital Social da Companhia à realidade, retirando-se da sua base de ativos bens que não deveriam ser registrados como de sua titularidade, visto que, por terem sido realizados com recursos do Orçamento Geral da União, deveriam ter sido entregues aos municípios titulares dos serviços de saneamento básico.
07.119.838/0001-48;2021-01-01;2;114148;SECME - COMPANHIA SECURITIZADORA DE CRÉDITOS IMOBILIÁRIOS;13482;2017-05-19;2017-05-19;10798790.00;10798790;0;10798790;91.195891;0.00000000;Cancelamento de 10.798.790 ações ordinárias de propriedade da CYRELA BRAZIL REALTY S.A. EMPREENDIMENTOS E PARTICIPAÇÕES;Redução do capital social da Companhia para absorção de prejuízos acumulados na quantia de R$ 10.798.790,00
07.119.838/0001-48;2021-01-01;2;114148;SECME - COMPANHIA SECURITIZADORA DE CRÉDITOS IMOBILIÁRIOS;13483;2018-04-30;2018-04-30;1150650.00;1150650;0;1150650;91.910164;0.00000000;Cancelamento de 1.150.650 ações ordinárias de propriedade da CYRELA BRAZIL REALTY S.A. EMPREENDIMENTOS E PARTICIPAÇÕES;Redução do capital social da Companhia para absorção de prejuízos acumulados na quantia de R$ 1.150.650,00.
07.253.321/0001-47;2021-01-01;1;105092;CARBOMIL SA MINER. E INDUSTRIA;12420;2009-12-31;2009-12-31;0.01;0;1;1;0.000000;0.00000000;DINHEIRO;AJUSTE
07.415.333/0001-20;2021-01-01;17;115529;SIMPAR S.A.;13663;2020-07-13;2020-07-13;101023590.14;13283997;0;13283997;32.730000;0.00000000;Não houve restituição aos acionistas.;Cisão parcial da Companhia, com versão para JSP HOLDING de participação societária na Ciclus Ambiental do Brasil S.A. e Ribeira Empreendimentos Imobiliários Ltda., conforme respectivo Protocolo de Justificação de Cisão Parcial da Companhia.
07.594.978/0001-78;2021-01-01;13;114215;SMARTFIT ESCOLA DE GINÁSTICA E DANÇA S.A.;13498;2020-05-20;2020-05-20;53236000.00;0;0;0;14.000000;0.00000000;Não houve restituição aos acionistas da Companhia, tendo em vista que a redução de capital ocorreu, sem cancelamento de ações, para absorção de prejuízos acumulados nos termos do artigo 173, caput, da Lei de Sociedades por Ações.;A redução ocorreu na mesma data em que foi deliberada, já tendo sido consolidado ao Estatuto Social da Companhia o valor atualizado do capital social.
07.704.246/0001-93;2021-01-01;4;114752;DATORA PARTICIPAÇÕES E SERVIÇOS S.A.;13624;2018-07-30;2018-07-30;1283.59;0;0;0;0.006892;0.00000000;Não aplicável.;Incorporação do patrimônio líquido da Chaicomm Services Holding Ltda. com acervo líquido negativo no montante de R$1.283,59, sem cancelamento de ações, havendo a transferência das ações ordinárias de titularidade da Chaicomm Services Holding Ltda. no capital social da Companhia à sócia Chaicomm Group LLC em substituição à participação da Chaicomm Group LLC na Chaicomm Services Holding Ltda.
07.704.246/0001-93;2021-01-01;4;114752;DATORA PARTICIPAÇÕES E SERVIÇOS S.A.;13625;2020-11-18;2020-11-18;48286845.00;0;0;0;0.554120;0.00000000;Não aplicável.;Absorção da conta contábil de prejuízos acumulados e refletidos no balancete de 30 de setembro de 2020.
07.820.907/0001-46;2021-01-01;5;114873;FICA EMPREENDIMENTOS IMOBILIÁRIOS S.A.;13633;2014-04-24;2014-04-30;39029655.69;0;0;0;0.098500;0.00000000;Não houve restituição ou alteração das ações emitidas.;(a) absorver as despesas de transação da oferta inicial de ações ("IPO") e (b) absorver parte dos prejuízos apurados no exercício de 2013, tendo a parte restante sido absorvida pelas reservas de capital.
07.820.907/0001-46;2021-01-01;5;114873;FICA EMPREENDIMENTOS IMOBILIÁRIOS S.A.;13634;2015-02-10;2015-04-13;48433062.00;0;0;0;13.568601;1.00000000;O montante a ser restituído aos acionistas, no valor total de R$ 48.443.062,00 (quarenta e oito milhões, quatrocentos e quarenta e três mil e sessenta e dois reais), será pago em 4 (quatro) parcelas iguais e sucessivas, em moeda corrente nacional, sem a incidência de correção monetária, sendo certo que a primeira parcela, no valor de R$ 0,25 (vinte e cinco centavos de real) por ação, foi paga em 5 de maio de 2015 a segunda em 25 de junho de 2015 a terceira em 05 de novembro de 2015 e a quarta está prevista para 02 de agosto de 2016.;Excesso de Capital.
07.820.907/0001-46;2021-01-01;5;114873;FICA EMPREENDIMENTOS IMOBILIÁRIOS S.A.;13635;2016-04-25;2016-04-25;72781741.65;0;0;0;23.591639;0.00000000;Não houve restituição ou alteração das ações emitidas.;Absorver os prejuízos apurados no exercício de 2015 e anteriores.
07.820.907/0001-46;2021-01-01;5;114873;FICA EMPREENDIMENTOS IMOBILIÁRIOS S.A.;13636;2017-04-25;2017-04-25;47303564.43;0;0;0;20.067287;0.00000000;Não houve restituição ou alteração das ações emitidas;Absorver os prejuízos apurados no exercício de 2016
07.820.907/0001-46;2021-01-01;5;114873;FICA EMPREENDIMENTOS IMOBILIÁRIOS S.A.;13637;2018-04-24;2018-04-24;4489763.11;0;0;0;0.000000;0.00000000;Não houve restituição ou alteração das ações emitidas;Redução para abserver o prejuízo apurado no exercício. Redução de capital sem alteração no numero de ações
07.820.907/0001-46;2021-01-01;5;114873;FICA EMPREENDIMENTOS IMOBILIÁRIOS S.A.;13638;2019-04-29;2019-04-29;17253263.21;0;0;0;9.360000;0.00000000;Não houve restituição de capital;Absorver o prejuízo acumulado no exercício 2018 e o saldo de exercícios anteriores
07.820.907/0001-46;2021-01-01;5;114873;FICA EMPREENDIMENTOS IMOBILIÁRIOS S.A.;13639;2020-01-21;2020-03-23;24996618.96;0;0;0;0.149688;10.32000000;Restituição aos acionistas em moeda corrente local, sem canclamento de ações;Redução do Capital Social por estar excessivo em relação às suas necessidades operacionais.
07.820.907/0001-46;2021-01-01;5;114873;FICA EMPREENDIMENTOS IMOBILIÁRIOS S.A.;13640;2020-03-02;2020-05-04;10003491.89;0;0;0;0.075411;4.13000000;Restituição em moeda corrente nacional, sem cancelamento de ações, em 2 (duas) parcelas;Redução do Capital Social da Companhia por estar excessivo em relação às suas necessidades operacionais, sem o cancelamento de ações, mediante à restituição aos acionistas em moeda corrente nacional
07.820.907/0001-46;2021-01-01;5;114873;FICA EMPREENDIMENTOS IMOBILIÁRIOS S.A.;13641;2020-04-30;2020-04-30;9341264.21;0;0;0;0.065786;0.00000000;;
07.859.510/0001-68;2021-01-01;4;114054;JHSF MALLS S.A.;13464;2016-12-05;2016-12-05;68933898.00;68786550;0;68786550;25.000000;1.00000000;O saldo necessário para restituição do valor da parcela decorrente da cisão da Companhia foi deduzido das demais contas do patrimônio líquido da Companhia quando de sua incorporação pela JHSF Participações.;A redução foi efetivada após a conclusão da cisão parcial da Companhia, com sua respectiva incorporação pela JHSF Participações.
08.078.847/0001-09;2021-01-01;6;114671;LPS BRASIL - CONSULTORIA DE IMOVEIS S.A.;13591;2017-04-28;2017-04-28;96353425.69;0;0;0;38.758334;0.00000000;Não aplicável, tendo em vista que a redução de capital foi realizada sem o cancelamento de ações.;Absorção de prejuízos acumulados apurados nas demonstrações financeiras da Companhia referentes ao exercício social findo em 31 de dezembro de 2016.
08.078.847/0001-09;2021-01-01;6;114671;LPS BRASIL - CONSULTORIA DE IMOVEIS S.A.;13592;2018-05-14;2018-05-14;63366590.02;0;0;0;40.803984;0.00000000;Não aplicável, tendo em vista que a redução de capital foi realizada sem o cancelamento de ações.;Absorção de prejuízos acumulados apurados nas demonstrações financeiras da Companhia referentes ao exercício social findo em 31 de dezembro de 2017.
08.078.847/0001-09;2021-01-01;6;114671;LPS BRASIL - CONSULTORIA DE IMOVEIS S.A.;13593;2019-05-27;2019-05-27;57052626.27;0;0;0;60.534614;0.00000000;Não aplicável, tendo em vista que a redução de capital foi realizada sem o cancelamento de ações.;Absorção de prejuízos acumulados e gastos com emissão de ações constantes nas demonstrações financeiras da Companhia referentes ao exercício social findo em 31 de dezembro de 2018.
08.078.847/0001-09;2021-01-01;6;114671;LPS BRASIL - CONSULTORIA DE IMOVEIS S.A.;13594;2020-08-18;2020-08-18;14409650.80;0;0;0;7.635346;0.00000000;Não aplicável, tendo em vista que a redução de capital foi realizada sem o cancelamento de ações.;Absorção de prejuízos acumulados apurados nas demonstrações financeiras da Companhia referentes ao exercício social findo em 31 de dezembro de 2019
08.078.847/0001-09;2021-01-01;6;114671;LPS BRASIL - CONSULTORIA DE IMOVEIS S.A.;13595;2021-05-21;2021-05-21;5125423.19;0;0;0;2.940351;0.00000000;Não aplicável, tendo em vista que a redução de capital foi realizada sem o cancelamento de ações.;Absorção de prejuízos acumulados apurados nas demonstrações financeiras da Companhia referentes ao exercício social findo em 31 de dezembro de 2020.
08.159.965/0001-33;2021-01-01;10;112590;IGUA SANEAMENTO S.A.;13327;2020-05-13;2020-05-13;116849620.89;0;0;0;0.121864;0.00000000;A redução do capital social da Companhia, foi realizada até o montante dos prejuízos acumulados, nos termos do art. 173 da Lei das S.A., semrestituição aos acionistas de quaisquer valores em razão de tal redução.;A redução leva em consideração o total de prejuízos acumulados previamente à deliberação pelos acionistas da destinação do resultado doexercício social de 2019.
08.343.492/0001-20;2021-01-01;12;115303;MRV ENGENHARIA E PARTICIPACOES S.A.;13649;2012-06-11;2012-06-11;0.00;884393;0;884393;0.000000;0.00000000;n/a;Cancelamento de ações em Tesouraria visando a emissão de ações integrando Plano de Opções de Compra para funcionários.
08.343.492/0001-20;2021-01-01;12;115303;MRV ENGENHARIA E PARTICIPACOES S.A.;13650;2014-01-27;2014-01-27;0.00;6000000;0;6000000;0.000000;0.00000000;n/a;Cancelamento de ações em Tesouraria visando geração de valor para os acionistas da Companhia.
08.343.492/0001-20;2021-01-01;12;115303;MRV ENGENHARIA E PARTICIPACOES S.A.;13651;2014-06-02;2014-06-02;0.00;14081659;0;14081659;0.000001;0.00000000;n/a;Cancelamento de ações em Tesouraria visando geração de valor para os acionistas da Companhia.
08.343.492/0001-20;2021-01-01;12;115303;MRV ENGENHARIA E PARTICIPACOES S.A.;13652;2014-10-14;2014-10-14;0.00;14000000;0;14000000;0.000000;0.00000000;n/a;Cancelamento de ações em Tesouraria visando geração de valor para os acionistas da Companhia.
08.343.492/0001-20;2021-01-01;12;115303;MRV ENGENHARIA E PARTICIPACOES S.A.;13653;2015-11-23;2015-11-30;0.00;5000000;0;5000000;1.113239;0.00000000;n/a;Cancelamento de ações em Tesouraria visando a emissão de ações integrando Plano de Opções de Compra para funcionários.
08.343.492/0001-20;2021-01-01;12;115303;MRV ENGENHARIA E PARTICIPACOES S.A.;13654;2018-12-12;2018-12-21;1000093319.77;0;0;0;0.196874;0.00000000;As ações de emissão da Log de propriedade da Companhia serão atribuídas diretamente aos acionistas da Companhia, na proporção da sua participação no capital social.;Operação Societária: cisão parcial da Companhia, com versão, à Log, da parcela do patrimônio líquido da Companhia, composta exclusivamente por 32.045.013 ações de emissão da Log de propriedade da Companhia, representativas de 46,3% do capital social total da Log.
08.560.444/0001-93;2021-01-01;6;112634;CIA CELG DE PARTICIPACOES - CELGPAR;13332;2020-05-05;2020-05-05;2616537904.34;77928432;0;77928432;69.611126;0.00000000;Não houve restituição de ações.;A redução do capital ocorreu exclusivamente para a absorção da totalidade dos prejuízos acumulados da Companhia.
08.560.444/0001-93;2021-01-01;6;112634;CIA CELG DE PARTICIPACOES - CELGPAR;13333;2020-05-28;2020-07-29;71096919.55;77928432;0;77928432;6.216443;0.91233600;Restituição em dinheiro, com início até o dia 14.08.2020.;Repasse da totalidade do Lucro Líquido do Exercício de 2019 da Controlada Celg Geração e Transmissão S.A., conforme determinações da Administração em linha com o acionista Controlador.
08.773.191/0001-36;2021-01-01;1;105324;BRASILIANA PARTICIPAÇÕES S/A;12443;2019-04-30;2019-04-30;26511630.38;507692309;42307699;550000008;23.711258;0.00000000;n/a;Absorção do saldo do prejuízo líquido apurado no exercício social findo em 31/12/2018, nos termos do Art. 173 da Lei das Sociedades Anônimas
08.873.873/0001-10;2021-01-01;20;114763;ECORODOVIAS CONCESSÕES E SERVIÇOS S.A.;13626;2010-12-29;2010-12-29;272786976.00;272786976;0;272786976;57.100000;1.00000000;Laudo de Avaliação.;Redução de capital em decorrência de cisão parcial.
08.926.302/0001-05;2021-01-01;9;114842;DOMMO ENERGIA S.A.;13632;2019-01-14;2019-01-14;11722602271.28;0;0;0;97.346930;0.00000000;n/a;Redução do capital social da Companhia mediante a absorção dos seus prejuízos acumulados, nos termos do artigo 173 da Lei nº 6.404/76.
09.083.175/0001-84;2021-01-01;8;111419;MOSAICO TECNOLOGIA AO CONSUMIDOR S.A.;13166;2020-07-31;2020-07-31;3000.00;83210;7663;90873;0.022194;3000.00000000;Restituição por meio de ações;Cisão parcial da participação da Companhia na Innoventures Ideias em Soluções S.A. e Compara Online, com versão da parcela cindida para nova sociedade constituída sob a denominação de Z Partners Negócios de Tecnologia S.A.
09.112.685/0001-32;2021-01-01;5;115590;OSX BRASIL S.A. - EM RECUPERAÇÃO JUDICIAL;13668;2018-11-27;2018-11-27;3850923805.46;0;0;0;0.000000;0.00000000;Não aplicável.;A administração da Companhia entende que a redução de capital social ora realizada proporcionará o saneamento contábil das demonstrações financeiras da Companhia, na medida em que deixará de constar no seu passivo, parcela das suas perdas irrecuperáveis. Da mesma forma, como consequência de tal saneamento contábil, a adequação do valor do capital social da Companhia à sua efetiva situação econômico-financeira, permitirá a redução dos seus custos de manutenção.
09.149.503/0001-06;2021-01-01;14;143729;SERENA GERAÇÃO S.A.;15005;2015-07-02;2015-07-02;46870644.00;312610024;0;312610024;15.014627;0.00000000;Não aplicável.;Absorção de prejuízos acumulados.
09.229.201/0001-30;2021-01-01;7;114973;GPS PARTICIPAÇÕES E EMPREENDIMENTOS S.A.;13642;2018-07-31;2018-07-31;162990284.92;1557098;0;1557098;0.776700;104.67560000;No ato.;Cisão parcial de acervo cindido pela Companhia à WP Participações V S.A., ato subsequente a incorporação das ações da WP Participações V S.A. pela Companhia, para eliminar a participação societária recíproca decorrente de tal incorporação.
09.267.996/0001-70;2021-01-01;3;111429;YUNY INCORPORADORA HOLDING S.A.;13168;2019-01-22;2019-05-15;50000000.00;50000000;0;50000000;55.880000;1.00000000;Restituição aos sócios, observada sua participação no capital social, da quantia correspondente ao valor nominal das quotas canceladas.;Capital social considerado excessivo para o objeto da Companhia.
09.288.252/0001-32;2021-01-01;5;114695;ANIMA HOLDING S.A.;13588;2012-08-31;2012-08-31;27002507.11;0;0;0;23.120000;0.00000000;dinheiro, crédito ou bens;Em virtude dos prejuízos acumulados nas demonstrações financeiras do exercício de 2011
09.288.252/0001-32;2021-01-01;5;114695;ANIMA HOLDING S.A.;13589;2013-05-28;2013-05-28;47489899.98;0;0;0;40.290000;0.00000000;dinheiro, crédito ou bens;por ser o capital social excessivo
09.304.427/0001-58;2021-01-01;2;113289;HABITASEC SECURITIZADORA SA;13374;2017-12-08;2017-12-08;1200000.00;0;0;0;0.000000;0.00000000;;
09.336.431/0001-06;2021-01-01;8;127209;AUTOPISTA REGIS BITTENCOURT SA;14960;2020-01-20;2020-02-20;40000000.00;0;0;0;0.000000;0.00000000;Moeda corrente;N/A
09.336.431/0001-06;2021-01-01;8;127209;AUTOPISTA REGIS BITTENCOURT SA;14961;2020-01-20;2020-01-20;40000000.00;0;0;0;0.000000;0.00000000;Moeda corrente;N/A
09.336.431/0001-06;2021-01-01;8;127209;AUTOPISTA REGIS BITTENCOURT SA;14962;2020-01-20;2020-03-20;40000000.00;0;0;0;0.000000;0.00000000;Moeda corrente;N/A
09.336.431/0001-06;2021-01-01;8;127209;AUTOPISTA REGIS BITTENCOURT SA;14963;2020-01-20;2020-09-21;40000000.00;0;0;0;0.000000;0.00000000;Moeda corrente;N/A
09.336.431/0001-06;2021-01-01;8;127209;AUTOPISTA REGIS BITTENCOURT SA;14964;2020-01-20;2020-10-20;10000000.00;0;0;0;0.000000;0.00000000;Moeda corrente;N/A
09.336.431/0001-06;2021-01-01;8;127209;AUTOPISTA REGIS BITTENCOURT SA;14965;2020-03-18;2020-10-20;5000000.00;0;0;0;0.000000;0.00000000;Moeda corrente;N/A
09.336.431/0001-06;2021-01-01;8;127209;AUTOPISTA REGIS BITTENCOURT SA;14966;2020-03-18;2020-11-20;15000000.00;0;0;0;0.000000;0.00000000;Moeda corrente;N/A
09.336.431/0001-06;2021-01-01;8;127209;AUTOPISTA REGIS BITTENCOURT SA;14967;2020-03-18;2020-12-21;15000000.00;0;0;0;0.000000;0.00000000;Moeda corrente;N/A
09.336.431/0001-06;2021-01-01;8;127209;AUTOPISTA REGIS BITTENCOURT SA;14968;2020-03-18;2021-09-27;35000000.00;0;0;0;0.000000;0.00000000;Moeda corrente;N/A
09.336.431/0001-06;2021-01-01;8;127209;AUTOPISTA REGIS BITTENCOURT SA;14969;2020-10-02;2021-09-27;15000000.00;0;0;0;0.000000;0.00000000;Moeda Corrente;5 meses
09.336.431/0001-06;2021-01-01;8;127209;AUTOPISTA REGIS BITTENCOURT SA;14970;2021-09-14;2021-09-27;40000000.00;0;0;0;0.000000;0.00000000;Moeda corrente;
10.139.870/0001-08;2021-01-01;9;115934;NEOGRID PARTICIPAÇÕES S.A.;13704;2018-12-14;2018-12-14;931182.00;0;1143818;1143818;0.700000;0.81410000;Participação societária de 20% na Dux Global Inc.;Com base na Assembleia Geral Extraordinária realizada em 14/12/2018, às 15hs, após aguardar 60 dias previsto na Lei das S.A., foi aprovada a redução de capital de R$ 931.182,00 com a entrega da participação societária detida pela Companhia na Dux Global Inc. Louisiana Corporation ao YAFO (Fundo de Investimento em Participações Multiestratégia) mediante o cancelamento de 1.143.818 ações preferenciais nominativas.
10.338.320/0001-00;2021-01-01;8;114370;AFLUENTE TRANSMISSÃO DE ENERGIA ELÉTRICA S/A;13507;2017-01-31;2017-01-31;30000000.00;0;0;0;47.555112;0.47555112;Os acionistas com o direito ao recebimento de proventos correspondentes à redução de capital são os que detiveram posição acionária registrada em 12/04/2017.O valor foi pago na proporção de R$ 0,4755511241 por ação ordinária a partir de 20/4/2017.;A companhia é uma transmissora de energia e seu fluxo de geração de caixa é estável com receitas determinadas pela ANEEL através da RAP (receita anual permitida) reajustada anualmente por índice de inflação - IGPM. Após análise das projeções financeiras e medido desempenho financeiro da companhia verificou-se que fluxo de receitas é suficiente para cobrir as despesas da empresa, que são compostos de: encargos e amortização do financiamento, encargos do setor elétrico e impostos e não estão previstos investimentos significativos para manutenção da sua operação. Assim, mesmo com a redução de capital a companhia continuará em plena capacidade de honrar seus compromissos financeiros e para com terceiros. O capital social integralizado de Afluente T passou no exercício de 2017 de R$ 63.084.700, 00 para R$ 33.084.700,00. A redução de capital foi previamente aprovada pela ANEEL em 13 de dezembro de 2016 através do despacho número 3.267.
10.629.105/0001-68;2021-01-01;14;115628;PRIO S.A.;13676;2015-04-30;2015-04-30;611752039.75;29748449;0;29748449;15.460000;0.00000000;Não se aplica (não houve alteração na quantidade de ações).;Não se aplica (não houve alteração na quantidade de ações).
11.721.921/0001-60;2021-01-01;10;115667;ALPER CONSULTORIA E CORRETORA DE SEGUROS S.A.;13682;2019-05-17;2019-05-17;218436966.18;0;0;0;58.641422;0.00000000;;Absorção do prejuízo acumulado da companhia até 31/12/2018.
11.992.680/0001-93;2021-01-01;5;114692;QUALICORP CONSULTORIA E CORRETORA DE SEGUROS S.A.;13587;2019-08-15;2019-10-15;980000000.00;0;0;0;52.448794;3.49129514;Dinheiro;Capital excessivo
12.091.809/0001-55;2021-01-01;26;114714;BRAVA ENERGIA S.A.;13609;2020-06-30;2020-06-30;687442.81;0;0;0;0.002101;0.00000000;Não houve restituição aos acionistas.;Quando da incorporação reversa da Ônix Petróleo e Gás Participações S.A. ("Ônix") pela Companhia, em 30 de junho de 2020, o acervo líquido da Ônix foi contabilizado no valor negativo de R$687.442,81. Desta forma, foi vertido à conta do capital social da Companhia, sem o cancelamento de ações e, como consequência, o capital social da Companhia foi reduzido de R$327.267.206,03 para R$326.579.763,22. Em 9 de novembro de 2020, a Companhia incorporou a 3R e a sucedeu a título universal, na forma da lei, em todos os seus direitos e obrigações, passando a totalidade dos seus ativos e passivos para o patrimônio da Companhia, ato no qual foi realizado ajuste contábil e societário para contemplar os efeitos da incorporação reversa acima detalhada, no valor de R$38.913.711,84. Tais ajustes foram realizados em virtude de erro de escrita constante do ato societário da referida incorporação e resultou em um ajuste na conta do capital da social da Companhia, conforme consta do laudo de avaliação da Ônix elaborado, na forma do artigo 227, § 3º da Lei nº 6.404 de 15 de dezembro de 1976, com o intuito de respaldar a incorporação reversa acima detalhada. A Companhia ressalta que o referido ajuste não gerou prejuízo a credores, uma vez que a conta capital social já havia sido reduzida e o os próximos eventos societários da Companhia são de aumento de capital, decorrentes, principalmente, da realização oferta.
12.091.809/0001-55;2021-01-01;26;114714;BRAVA ENERGIA S.A.;13610;2021-04-26;2020-11-09;19842529.96;0;0;0;1.589360;0.00000000;Não houve restituição aos acionistas.;A redução do capital social da Companhia foi necessária para refletir as adequações constantes do Laudo de Avaliação Ajustado da 3R Participações, emitido no âmbito da Incorporação, e elaborado pela Empresa Avaliadora com base no Balanço Patrimonial e Demonstração do Resultado do Exercício da 3R Participações levantados em 30 de setembro de 2020.O referido ajuste foi realizado pela Empresa Avaliadora para fins de adequação no saldo do acervo líquido incorporado da 3R Participações. Adicionalmente, foi necessário refletir a movimentação das contas da 3R Participações ocorridas entre o período de 01 de outubro de 2020 e 09 de novembro de 2020. Assim, fez-se necessária a redução do acervo líquido da 3R Participações no montante equivalente a R$ 19.842.529,96 (dezenove milhões, oitocentos e quarenta e dois mil, quinhentos e vinte e nove reais e noventa e seis centavos).
12.320.349/0001-90;2021-01-01;2;113352;ORE  SECURITIZADORA SA;13377;2016-12-29;2016-12-29;7138115.00;12520902;0;12520902;89.620000;0.00000000;;Absorção de prejuízos acumulados
12.420.164/0001-57;2021-01-01;12;114268;CM HOSPITALAR S.A;13501;2021-01-27;2021-01-27;10363343.00;2189416;0;2189416;1.000000;4.73000000;Dinheiro, moeda corrente nacional;Cisão parcial
12.648.327/0001-53;2021-01-01;12;114368;HIDROVIAS DO BRASIL S.A.;13506;2018-06-20;2018-06-20;203101783.86;721006945;0;721006945;0.000000;0.00000000;N/A;Absorção dos prejuízos acumulados constantes das demonstrações financeiras referentes ao exercício social findo em 31 de dezembro de 2017.
13.444.994/0001-87;2021-01-01;6;112696;MLOG S.A.;13335;2015-08-26;2015-08-26;353361556.60;0;937906;937906;42.200000;376.76000000;Em Dinheiro;Ajuste de estrutura de capital em função da fusão com a Maverick Logistica S.A.
13.444.994/0001-87;2021-01-01;6;112696;MLOG S.A.;13336;2016-12-08;2017-02-06;42631756.30;152788;0;152788;5.010000;279.03000000;Não há, pois as ações canceladas não haviam sido integralizadas.;Redimensionamento do Aumento de Capital deliberado em assembleia geral extraordinária realizada em 26/08/2015.
13.457.942/0001-45;2021-01-01;2;109032;RIVA INCORPORADORA S.A;12883;2020-03-02;2020-03-02;8196901.63;0;0;0;0.000000;0.00000000;Não se aplica, tendo em vista que a redução de capital se deu com fins da absorção dos prejuízos sociais acumulados, sem o cancelamento de ações.;Necessidade da absorção de prejuízos acumulados.
13.457.942/0001-45;2021-01-01;2;109032;RIVA INCORPORADORA S.A;12884;2020-10-29;2021-02-12;5812014.48;0;0;0;0.000000;0.00000000;;Absorção de prejuízos acumulados registrados no balanço da Companhia, referente ao período encerrado em 30/09/2020.
13.457.942/0001-45;2021-01-01;2;109032;RIVA INCORPORADORA S.A;12885;2020-10-29;2021-02-12;86531160.47;0;0;0;0.000000;0.00000000;;Por ser considerado excessivo nos termos do artigo nº 173 da Lei das S.A. (6404/76).
14.388.334/0001-99;2021-01-01;5;113647;PARANA BCO S.A.;13402;2021-05-31;2021-05-31;1105608.96;1401546;1369403;2770949;0.143892;0.00000000;;
14.998.371/0001-19;2021-01-01;3;114136;J. MACEDO S.A.;13480;2019-12-30;2019-12-30;66561752.31;821555;1642932;2464487;33.514892;0.00000000;;
16.234.171/0001-15;2021-01-01;3;108940;METANOR SA METANOL DO NE;12857;2020-12-24;2020-12-24;42482454.59;0;0;0;49.645538;0.00000000;Sem cancelamento de ações.;Redução do prejuizo acumulado
16.676.520/0001-59;2021-01-01;16;115559;HOSPITAL MATER DEI S.A.;13664;2020-10-31;2020-10-31;1366491.62;582229;0;582229;0.400000;0.00000000;n/a;Decorrente de operação de cisão parcial da Companhia, conforme detalhado no item 15.7 acima
16.676.520/0001-59;2021-01-01;16;115559;HOSPITAL MATER DEI S.A.;13665;2020-12-31;2020-12-31;235841993.00;235841993;0;235841993;67.300000;0.00000000;n/a;Decorrente de operação de cisão parcial da Companhia, conforme detalhado no item 15.7 acima
17.314.329/0001-20;2021-01-01;15;115108;INTERNATIONAL MEAL COMPANY ALIMENTACAO S.A.;13645;2017-06-28;2017-08-29;48331770.00;0;0;0;5.227236;0.30000000;Moeda corrente nacional.;A redução do capital foi realizada em razão do montante do capital social excessivo para o desempenho das atividades sociais da Companhia.
17.314.329/0001-20;2021-01-01;15;115108;INTERNATIONAL MEAL COMPANY ALIMENTACAO S.A.;13646;2018-10-04;2019-01-22;100000000.00;0;0;0;11.411845;0.63000000;Moeda corrente nacional.;A redução do capital foi realizada em razão do montante do capital social excessivo para o desempenho das atividades sociais da Companhia.
17.344.597/0001-94;2021-01-01;17;114072;BB SEGURIDADE PARTICIPAÇÕES S.A.;13466;2019-10-30;2019-12-31;2700000000.00;0;0;0;44.290000;1.35000000;Dinheiro.;Por considerá-lo excessivo, nos termos do artigo 173 da Lei nº 6.404/76.
21.110.778/0001-23;2021-01-01;3;111168;OLIVEIRA TRUST S.A.;13105;2018-05-21;2018-05-21;1189829.52;2346500;2346450;4692950;2189829.520000;0.00000000;Pagamento em dinheiro aos acionistas, na proporção de sua participação no capital social.;Não aplicável, tendo em visto que não houve alteração do número de ações de emissão da Companhia.
21.240.146/0001-84;2021-01-01;10;112883;AGROGALAXY PARTICIPAÇÕES S.A. - EM RECUPERAÇÃO JUDICIAL;13343;2020-10-30;2020-10-30;45295653.40;0;0;0;134302868.100000;0.00000000;Não aplicável.;Aprovação da reorganização societária do Grupo, que acarretou a cisão parcial da Companhia.
23.236.821/0001-27;2021-01-01;1;105482;PATRIMAR ENGENHARIA S.A.;12465;2020-12-31;2020-12-31;12429952.73;2250498;0;2250498;3.861792;0.00000000;Restituição de capital aos acionistas, em moeda corrente nacional, proporcionalmente às suas respectivas participações no capital social da Companhia.;Em decorrência da Cisão Parcial, a redução do capital social da Companhia, mediante o cancelamento de 2.250.498 (dois milhões, duzentos e cinquenta mil, quatrocentos e noventa e oito) ações ordinárias.
23.373.000/0001-32;2021-01-01;11;114448;VAMOS LOCAÇÃO DE CAMINHÕES, MÁQUINAS E EQUIPAMENTOS S.A.;13513;2018-12-31;2018-12-31;80899140.25;42852943;0;42852943;12.817000;0.00000000;Não houve restituição aos acionistas.;Cisão parcial da Companhia, com a versão da totalidade da participação societária que a Companhia possui na JSL Holding Financeira Ltda. para uma nova sociedade empresária denominada JSLF1 Participações Ltda.
24.410.913/0001-44;2021-01-01;5;111575;NU HOLDINGS LTD.;13204;2020-07-15;2020-07-15;817.89;1561475;2261475;3822950;0.003200;0.00000000;Como a redução do capital se deu sobre parcela do capital social autorizado, não houve necessidade de restituição dos valores correspondentes às ações objeto da redução, visto que estas não haviam sido subscritas / integralizadas por quaisquer acionistas.;A redução do capital social ocorreu a fim de remover o excesso de ações que haviam sido autorizadas, mas não emitidas.
24.410.913/0001-44;2021-01-01;5;111575;NU HOLDINGS LTD.;13205;2020-09-10;2020-09-10;5.66;27;0;27;0.002300;0.00000000;Como a redução do capital se deu sobre parcela do capital social autorizado, não houve necessidade de restituição dos valores correspondentes às ações objeto da redução, visto que estas não haviam sido subscritas / integralizadas por quaisquer acionistas.;A redução do capital social ocorreu a fim de remover o excesso de ações que haviam sido autorizadas, mas não emitidas.
24.410.913/0001-44;2021-01-01;5;111575;NU HOLDINGS LTD.;13206;2021-05-29;2021-05-29;3511.92;0;16795799;16795799;1.351800;0.00000000;Não se aplica.;Cancelamento das ações preferenciais seniores, em vista de sua conversão para ações preferenciais da série F-1.
24.410.913/0001-44;2021-01-01;5;111575;NU HOLDINGS LTD.;13207;2021-12-01;2021-12-01;0.00;0;0;0;0.000000;0.00000000;Não se aplica.;Cancelamento das ações preferenciais e das Ações da Administração (15.000).
30.540.991/0001-66;2021-01-01;3;106479;HAGA S.A. INDUSTRIA E COMERCIO;12596;2011-12-31;2011-12-31;0.00;0;0;0;0.000000;0.00000000;NÃO SE APLICA;NÃO SE APLICA
30.723.886/0001-62;2021-01-01;11;113853;BANCO MODAL S.A.;13441;2019-05-30;2020-01-03;70690682.99;0;0;0;20.450000;0.00000000;Como a redução do capital social do Banco foi em decorrência da cisão parcial, cada acionista recebeu 1 (uma) ação de emissão da MAF Distribuidora de Títulos e Valores Mobiliários S.A. para cada 1 (uma) ação de emissão do Banco que possuía na data da cisão parcial.;Não houve restituição ou cancelamento de ações quando da redução do capital social em decorrência da Cisão Parcial havida, pois a parcela cindida deu origem a uma nova Companhia, a qual emitiu ações a partir da integralização da parcela cindida e entregou, aos acionistas do Banco, a quantidade de ações relativa à participação destes no capital do Banco, descontadas, à época, as ações do Banco que eram mantidas em tesouraria.
33.014.556/0001-96;2021-01-01;7;110527;LOJAS AMERICANAS S.A.;12998;2021-06-10;2021-06-10;5264260302.19;0;0;0;0.000000;0.00000000;O acionista da Companhia, titular de 1 ação ordinária ou de 1 ação referencial de emissão da Companhia, receba, como resultado da incorporação do Acervo Cindido por B2W, 0,18 ações ordinárias de emissão de B2W;Redução de capital decorrente da Cisão Parcial, de forma que todos os ativos operacionais da Companhia e passivos que compõem o Acervo Cindido,indicados no Protocolo e Justificação, foram vertidos para a B2W
33.102.476/0001-92;2021-01-01;9;115574;MONTEIRO ARANHA S.A.;13666;2021-10-15;2021-12-17;100000000.00;0;0;0;13.950000;8.16245172;A redução de capital foi efetivada com restituição de valor aos acionistas, na proporção de suas respectivas participações no capital social, no montante de R$ 8,162451726 por ação, mediante, a critério do acionista: (a) o recebimento de 1,558938921 certificados de depósito de ações (units) de emissão de Klabin S.A. para cada ação ordinária de emissão da Companhia de sua titularidade - sendo este o procedimento padrão em caso de ausência de manifestação dos acionistas da Companhia ou (b) recebimento em dinheiro do montante correspondente ao valor de restituição.;No entendimento da administração, considerando o capital social necessário ao desenvolvimento das atividades e a consecução do objeto social da Companhia, com predominância da atividade de holding, a redução de capital se revelou adequada para obter um melhor equilíbrio do seu portfólio de investimentos e de sua estrutura de capital, estando alinhada ao planejamento estratégico de longo prazo da Companhia.
33.352.394/0001-04;2021-01-01;5;115457;CIA ESTADUAL DE ÁGUAS E ESGOTOS - CEDAE;13656;2012-06-13;2012-07-02;3830000000.00;361935886441;90050693404;451986579845;97.446000;0.00000000;não há;não há
38.456.921/0001-36;2021-01-01;20;115576;INFRACOMMERCE CXAAS S.A.;13667;2021-02-19;2021-02-19;19512927.00;0;0;0;27.050000;0.00000000;Não houve cancelamento de ações.;No Instrumento Particular da 1ª Alteração do Contrato Social da Infracommerce CXAS Ltda. (denominação social atual da Companhia) realizada em 18 de setembro de 2020, registrada perante a Junta Comercial do Estado do São Paulo sob o nº 422.689/20-8, em sessão de 7 de outubro de 2020, por um lapso: (i) constou valor incorreto atribuído às quotas à época, e (ii) não foi mencionado, de forma equivocada, que parte do aumento do capital social era decorrente da capitalização de créditos detidos pela Companhia em face de determinadas subsidiárias.
39.346.861/0350-38;2021-01-01;3;112234;CENCOSUD BRASIL COMERCIAL S.A.;13292;2020-07-24;2020-10-27;267170001.00;267170001;0;267170001;0.037797;1.00000000;Cancelamento de (i) 266.071.137 quotas de titularidade da sócia Cencosud Internacional SpA e (ii) 1.098.864 quotas de titularidade da sócia Cencosud S.A., mediante pagamento do montante ao seu respectivo titular.;Considerando que na data da redução de capital a Companhia era organizada sob a forma de sociedade limitada, o capital foi reduzido por ser considerado excessivo em relação ao objeto social da Companhia, conforme faculta o artigo 1.082, II do Código Civil.
39.346.861/0350-38;2021-01-01;3;112234;CENCOSUD BRASIL COMERCIAL S.A.;13293;2021-01-28;2021-03-29;370000000.00;0;0;0;0.054400;0.00000000;Redução de capital sem cancelamento de ações, mediante restituição de capital aos acionistas em bens e moeda corrente nacional, proporcionalmente às suas participações acionárias no capital social da Companhia.;Redução de capital por ser considerado excessivo em relação ao objeto social da Companhia.
39.346.861/0350-38;2021-01-01;3;112234;CENCOSUD BRASIL COMERCIAL S.A.;13294;2021-06-15;2021-06-15;3714235736.04;0;0;0;0.577510;0.00000000;Redução de capital sem cancelamento de ações para absorção de prejuízos nos termos do artigo 173 da Lei 6.404/76.;Redução de capital para absorção de prejuízos da Companhia.
42.331.462/0001-31;2021-01-01;2;114354;EMBPAR PARTICIPAÇÕES S/A;13504;2017-07-26;2017-10-02;121965575.36;0;0;0;0.000000;0.00000000;Foi realizada em bens, mediante a entrega aos acionistas da Companhia, na proporção da participação de cada acionista no capital social no capital social da Companhia, de ações ordinárias e preferenciais de emissão da empresa Portosul Participações S/A. Cada acionista fará jus ao mesmo número de ações da Portosul que atualmente titulam no capital social da Companhia, ou seja, 1 (uma) ação detida no capital da Companhia receberão 1 (uma) ação de emissão da Portosul.;A Administração da Companhia entende que o seu capital social tornou-se excessivo para o desenvolvimento das suas atividades operacionais e da consecução de seus objetivos sociais, e propôs, nos termos do artigo 173 da Lei no 6.404, de 15 de dezembro de 1976 ("Lei das S.A.s"), a redução do capital social, cf Proposta da Administração, divulgada no dia 14/07/2017.
42.331.462/0001-31;2021-01-01;2;114354;EMBPAR PARTICIPAÇÕES S/A;13505;2019-10-23;2019-10-23;84590402.88;0;0;0;0.000000;0.00000000;Não houve restituição, pois a redução de capital não consistiu no cancelamento de ações, mantendo-se inalterado o percentual de participação dos acionistas no capital social da Companhia;A redução do capital reflete o acompanhamento da administração no desenvolvimento dos negócios da Companhia e a adequação de capital às suas necessidades operacionais. Neste contexto, para desenvolvimento dos negócios e consecução dos objetivos sociais da Companhia, considerando os prejuízos acumulados apresentados pela Companhia no exercício findo em 31 de dezembro de 2018 a administração propos que deste prejuízo ocorra a redução de capital. A redução de capital não consistiu no cancelamento de ações, mantendo-se inalterado o percentual de participação dos acionistas no capital social da Companhia
43.185.362/0001-07;2021-01-01;1;105340;IGB ELETRONICA S.A - EM RECUPERACAO JUDICIAL;12447;2020-11-19;2020-11-19;1.00;12504966;0;12504966;0.000001;1.00000000;Constituição de uma nova sociedade através de Cisão parcial.;Cisão parcial.
43.283.811/0001-50;2021-01-01;4;115713;KALUNGA S.A;13687;2020-09-01;2020-09-01;23170942.00;2317094200;0;2317094200;73.630000;0.01000000;Bens/ direitos;Cisão
45.453.214/0001-51;2021-01-01;7;115604;PROFARMA DISTRIB PROD FARMACEUTICOS S.A.;13669;2020-12-23;2020-12-23;115401631.81;0;0;0;9.956442;0.00000000;;Absorção de prejuízos acumulados remanescentes após a absorção dos valores constantes na Reserva de Incentivos Fiscais, com base nas demonstrações financeiras da Companhia de 31/12/2019.
46.119.855/0001-37;2021-01-01;5;109278;SOCIEDADE ABASTECIMENTO DE ÁGUA E SANEAMENTO S.A - SANASA;12909;2017-03-10;2016-11-29;89349550.00;89349550;0;89349550;21.894170;0.00000000;Não houve restituição, uma vez que a redução do Capital teve por objetivo absorver os prejuízos acumulados dos exercícios de 2014 e 2015.;A redução do Capital é justificada pela capitalização dos prejuízos acumulados dos exercícios de 2014 e 2015, conforme demonstram os registros contábeis.
46.119.855/0001-37;2021-01-01;5;109278;SOCIEDADE ABASTECIMENTO DE ÁGUA E SANEAMENTO S.A - SANASA;12910;2017-06-13;2017-08-16;50004170.00;50004170;0;50004170;12.940000;1.00000000;A restituição foi realizada em valores monetários. (Em reais);Por considerar o Capital Social da Companhia excessivo em relação ao seu objeto social.
47.508.411/0001-56;2021-01-01;13;114389;CIA BRASILEIRA DE DISTRIBUICAO;13510;2020-12-31;2020-12-31;1215962963.38;0;0;0;17.710350;0.00000000;Não aplicável, visto que não houve redução do número de ações de emissão da Companhia.;A redução decorreu da cisão parcial da Companhia, aprovada em Assembleia Geral Extraordinária realizada em 31 de dezembro de 2020, conforme descrita no item 15.7 deste Formulário de Referência.
48.344.725/0007-19;2021-01-01;1;106853;ALTHAIA S.A. INDÚSTRIA FARMACÊUTICA;12651;2020-12-21;2020-12-21;56642654.98;0;0;0;0.935270;0.00000000;Não aplicável, tendo em vista que se trata de compensação de prejuízos irreparáveis, não havendo restituição de bens aos acionistas e tampouco redução de valor das ações da Companhia, nos termos do artigo 174 da Lei das Sociedades por Ações.;Não aplicável.
48.344.725/0007-19;2021-01-01;1;106853;ALTHAIA S.A. INDÚSTRIA FARMACÊUTICA;12784;2020-12-21;2020-12-21;56642654.98;0;0;0;0.935270;0.00000000;Não aplicável, tendo em vista que se trata de compensação de prejuízos irreparáveis, não havendo restituição de bens aos acionistas e tampouco redução de valor das ações da Companhia, nos termos do artigo 174 da Lei das Sociedades por Ações.;Não aplicável.
49.263.189/0001-02;2021-01-01;5;113497;HELBOR EMPREENDIMENTOS S.A.;13391;2020-07-10;2020-07-10;440270773.66;0;0;0;0.000000;0.00000000;No dia 10 de julho de 2020 foi aprovada em Assembleia Geral Extraordinária a redução do capital social da Companhia, no valor de R$440.270.773,66, sem o cancelamento de ações, mantendo-se inalterado os respectivos percentuais de participação dos atuais acionistas no capital social da Companhia, para absorção dos prejuízos acumulados conforme apurado nas Demonstrações Financeiras referentes ao exercício social findo em 31 de dezembro de 2019. Em razão disso, o capital social da Companhia passará a ser de R$1.310.225.371,4;Tendo em vista a existência de prejuízos acumulados, e conforme lhe faculta o artigo 173 da Lei das Sociedades por Ações, a Administração da Companhia propos aos Acionistas a aprovação da redução do capital social da Companhia.
49.669.856/0001-43;2021-01-01;9;114610;VESTE S.A. ESTILO;13564;2021-01-15;2021-01-15;333992074.92;0;0;0;0.000000;0.00000000;Sem cancelamento de ações;Redução para absorção de parte do prejuízo acumulado constante das demonstrações financeiras da Companhia com data base de 30 de setembro de 2020
50.746.577/0001-15;2021-01-01;11;115492;COSAN S.A.;13659;2014-10-01;2014-10-01;1059590891.30;0;0;0;22.583781;0.00000000;Como a redução do capital social da Companhia foi em decorrência à cisão parcial, cada acionista recebeu 1 (uma) ação ordinária, nominativa, escritural e sem valor nominal de emissão da Cosan Logística S.A. para cada 1 (uma) ação ordinária, nominativa, escritural e sem valor nominal de emissão da Companhia, que possuía na data da cisão parcial em 01 de dezembro de 2014;A redução do capital social ocorreu devido à cisão parcial da Companhia, que teve por objetivo à segregação das atividades de logística, para que desta forma, o segmento de negócio seja desenvolvido dentro de sua especialidade de atuação, estabelecendo estrutura de capital adequada e proporcionando ao mercado maior visibilidade sobre a performance isolada da referida atividade, permitindo aos acionistas e investidores uma melhor avaliação do segmento de negócios de logística e viabilizando a alocação de recursos de acordo com seus interesses e estratégia de investimento.
51.128.999/0001-90;2021-01-01;3;114329;NUTRIPLANT INDUSTRIA E COMERCIO S.A.;13503;2020-04-30;2020-04-30;11396835.64;0;0;0;0.000000;0.00000000;;Redução sem cancelamento de ações para absorção dos prejuízos acumulados constante nas Demonstrações Contábeis referentes ao exercício social findo em 31 de dezembro de 2019.
52.548.435/0001-79;2021-01-01;5;114500;JSL S.A.;13521;2020-08-05;2020-08-05;611727896.88;0;0;0;611727896.880000;0.00000000;N/A;Aprovação da reorganização societária do Grupo, que acarretou na cisão parcial da Companhia.
59.418.806/0001-47;2021-01-01;10;114729;TRACK & FIELD CO S.A.;13620;2018-05-29;2018-05-29;1329.00;1329;0;1329;31.980000;0.00000000;Como a redução do capital social da Companhia foi em decorrência da cisão parcial, cada acionista recebeu 1 (uma) quota de emissão da Track & Field Co Participações Ltda. para cada 1 (uma) quota de emissão da Companhia, que possuía na data da cisão parcial em 29 de maio de 2018.;A redução do capital social ocorreu devido à cisão parcial da Companhia, para a constituição da Track & Field Co Participações Ltda.
59.981.829/0001-65;2021-01-01;4;108549;RODOBENS SA;12798;2020-08-31;2020-08-31;852481165.06;750000000;0;0;61.910000;1.11000000;Emissão de ações da Rodobens Corporativa em razão de Cisão Parcial;Cisão Parcial da Companhia com consequente cancelamento das ações
61.022.042/0001-18;2021-01-01;3;114775;CONSTRUTORA ADOLPHO LINDENBERG S.A.;13627;2012-04-30;2012-04-30;37852195.79;0;0;0;97.135200;0.00000000;O valor da redução de capital aprovado será integralmente destinado para a absorção dos prejuízos acumulados apresentados no balanço patrimonial da Companhia de 31 de dezembro de 2011.;O valor da redução de capital aprovado será integralmente destinado para a absorção dos prejuízos acumulados apresentados no balanço patrimonial da Companhia de 31 de dezembro de 2011.
61.022.042/0001-18;2021-01-01;3;114775;CONSTRUTORA ADOLPHO LINDENBERG S.A.;13628;2021-12-28;2021-12-28;12000000.00;0;0;0;75.000000;0.00000000;O valor da redução de capital aprovado será integralmente destinado para a absorção dos prejuízos acumulados apresentados no balanço patrimonial da Companhia de 31 de dezembro de 2020.;O valor da redução de capital aprovado será integralmente destinado para a absorção dos prejuízos acumulados apresentados no balanço patrimonial da Companhia de 31 de dezembro de 2020.
61.190.096/0001-92;2021-01-01;2;113252;EUROFARMA LABORATÓRIOS S.A.;13366;2020-12-31;2020-12-31;477077461.60;477007461;0;477007461;35.800000;0.00000000;Considerando a redução contábil do capital social da Companhia, não houve restituição por ação (reais), apenas o cancelamento das ações.;A redução do capital social ocorreu em razão de cisão parcial da Companhia, tendo sido constatado que a parcela cindida do patrimônio da Companhia correspondeu a R$ 477.385.350,25 (quatrocentos e setenta e sete milhões, trezentos e oitenta e cinco mil, trezentos e cinquenta reais e vinte e cinco centavos). O valor da redução de capital da Companhia foi de R$ 477.007.461,60 (quatrocentos e setenta e sete milhões, sete mil, quatrocentos e sessenta e um reais e sessenta centavos), sendo certo que a diferença de R$ 377.888,65 (trezentos e setenta e sete mil, oitocentos e oitenta e oito reais e sessenta e cinco centavos), foi referente a variação patrimonial da parcela cindida entre a data base e a data da cisão parcial conforme apurado no balanço contábil de 31 de dezembro de 2020, a qual foi debitada da conta de reserva de lucros da Companhia. A redução ocorreu na mesma data em que foi deliberada, já tendo sido consolidado ao Estatuto Social da Companhia o valor atualizado do capital social.
61.190.096/0001-92;2021-01-01;2;113252;EUROFARMA LABORATÓRIOS S.A.;13367;2020-12-31;2020-12-31;36899.99;36899;0;36899;0.004000;36899.99000000;A quantia total da redução do capital social, no montante de R$36.899,99 (trinta e seis mil, oitocentos e noventa e nove reais e noventa e nove centavos), foi restituída aos acionistas, proporcionalmente à participação de cada um no capital social da Companhia, mediante a entrega da participação societária detida pela Companhia na Pearson Saúde Animal S.A., sociedade por ações de capital fechado, com sede na Cidade de São Paulo, Estado de São Paulo, na Rua Pascoal Pais, nº 525, 18º andar, Sala Uruguai, Vila Cordeiro, CEP 04581-060, inscrita no CNPJ sob o nº 07.746.586/0001-87, com seus atos constitutivos arquivados na JUCESP sob o NIRE 35300561104.;A redução do capital social ocorreu pelo fato de o capital social ser julgado excessivo. A redução ocorreu na mesma data em que foi deliberada, já tendo sido consolidado ao Estatuto Social da Companhia o valor atualizado do capital social.
61.351.532/0001-68;2021-01-01;6;108240;AZEVEDO E TRAVASSOS S.A.;12735;2014-04-30;2014-04-30;25849303.85;9000000;18000000;27000000;47.960000;0.00000000;Não houve valores de restituição.;Redução do capita social mediante absorção integral do saldo de prejuízos acumulados em 2013, aprovado pela AGO/E de 30/04/2014
61.409.892/0001-73;2021-01-01;7;111480;COMPANHIA BRASILEIRA DE ALUMÍNIO;13184;2018-04-30;2018-04-30;687203872.88;189835324;0;189835324;12.100000;3.62000000;Pagamento do preço correspondente ao acionista Votorantim S.A.;Redução do capital social da Companhia, por julgá-lo excessivo, conforme disposto nos Artigos 173 e 174 da Lei nº 6.404/76
61.409.892/0001-73;2021-01-01;7;111480;COMPANHIA BRASILEIRA DE ALUMÍNIO;13185;2021-03-30;2021-03-30;417694874.24;187148848;0;187148848;8.440000;0.00000000;Não houve restituição aos acionistas, pois a cisão parcial que deu origem à redução de capital foi desproporcional e atingiu somente as ações de titularidade da Votorantim S.A., controladora da Companhia Brasileira de Alumínio ("CBA"), a qual, por sua vez, incorporou o acervo cindido.;A redução do capital social da CBA foi realizada em virtude de sua cisão parcial desproporcional, cujo objetivo foi de segregar determinados ativos e passivos, correspondentes a imóveis não operacionais, caixa e equivalentes de caixa excedentes.
61.409.892/0001-73;2021-01-01;7;111480;COMPANHIA BRASILEIRA DE ALUMÍNIO;13186;2021-03-30;2021-03-30;483461826.51;0;0;0;10.660000;0.00000000;Não houve restituição aos acionistas, pois a redução de capital foi realizada para absorver parte dos prejuízos contábeis acumulados da CBA, sem o cancelamento de ações.;A redução do capital social da CBA foi realizada para absorver parte de seus prejuízos contábeis acumulados.
61.856.571/0001-17;2021-01-01;6;115638;CIA GAS DE SAO PAULO - COMGAS;13677;2019-07-01;2019-12-09;1500000000.00;0;0;0;73.662456;11.31899604;A restituição será realizada, em dinheiro, aos acionistas de parte do valor de suas ações.;A administração verificou que o capital social se tornou excessivo para o normal desenvolvimento dos negócios da Companhia e para a consecução do seu objeto social, nos termos do caput do art. 173 da Lei das S.A., razão pela qual propôs reduzi-lo em R$ 1.500.000.000,00 (um bilhão e quinhentos milhões de reais), sem cancelamento de ações, mantendo-se inalterado o percentual de participação dos acionistas no capital social da Companhia.
62.002.886/0001-60;2021-01-01;15;114732;SAO PAULO TURISMO S.A.;13621;2011-11-07;2011-11-07;109188.98;432;3358;3790;0.090000;14.61000000;Dinheiro;Dissidencia quanto a alteração do objeto social
62.258.884/0001-36;2021-01-01;5;115080;INTERCEMENT BRASIL S.A. - EM RECUPERAÇÃO JUDICIAL;13643;2021-06-22;2021-06-22;2228216555.06;0;0;0;0.777594;0.00000000;Não aplicável.;Absorção de prejuízos acumulados, conforme contabilizados nas demonstrações financeiras relativas ao exercício social encerrado em 31 de dezembro de 2020.
62.258.884/0001-36;2021-01-01;5;115080;INTERCEMENT BRASIL S.A. - EM RECUPERAÇÃO JUDICIAL;13644;2021-09-28;2021-09-28;45184820.00;0;0;0;0.070899;0.00000000;Não aplicável.;Resultante da cisão parcial, com a consequente transferência da parcela cindida composta, basicamente, por imóveis e terrenos não operacionais para a Companhia.
67.620.377/0001-14;2021-01-01;13;114214;MINERVA S.A.;13496;2019-05-10;2019-05-10;1000000000.00;0;0;0;89.660630;0.00000000;Não aplicável.;A proposta de Redução de Capital tem como finalidade a absorção dos prejuízos acumulados registrados nas demonstrações financeiras da Companhia referentes ao exercício social encerrado em 31 de dezembro de 2018, nos termos do art. 173 da Lei das S.A. Como é sabida, a operação de Redução de Capital social é de natureza estritamente contábil, sendo realizada mediante lançamento contábil que debitou o total da perda à conta "capital social", creditando-se valor igual à conta "prejuízos acumulados". Nestes termos, a administração da Companhia entende que a Redução de Capital da Companhia, nos moldes ora propostos, visou beneficiar os acionistas, possibilitando a distribuição de dividendos ou juros sobre capital próprio, em caso caso de lucros nos exercícios futuros, e, também, reestabelecer a situação de equilíbrio entre o nível de capital e o patrimônio da Companhia. Ademais, a absorção dos prejuízos acumulados da Companhia pela Redução de Capital facultará a adoção, pelo conselho de administração da Companhia, de programa de compra de ações de própria emissão, para manutenção em tesouraria ou cancelamento, nos termos artigo 30, §1º, item "b" da Lei das S.A., conferindo agilidade à administração da Companhia para buscar a maximização do valor dos acionistas.
67.620.377/0001-14;2021-01-01;13;114214;MINERVA S.A.;13497;2020-03-20;2020-03-20;380209948.20;0;0;0;28.360000;0.00000000;Não Aplicável.;A proposta de Redução de Capital tem como finalidade a absorção dos prejuízos acumulados registrados nas demonstrações financeiras da Companhia referentes ao exercício social encerrado em 31 de dezembro de 2019, nos termos do art. 173 da Lei das S.A. Como é sabida, a operação de Redução de Capital social é de natureza estritamente contábil, sendo realizada mediante lançamento contábil que debitou o total da perda à conta "capital social", creditando-se valor igual à conta "prejuízos acumulados". Nestes termos, a administração da Companhia entende que a Redução de Capital da Companhia, nos moldes ora propostos, visou beneficiar os acionistas, possibilitando a distribuição de dividendos ou juros sobre capital próprio, em caso caso de lucros nos exercícios futuros, e, também, reestabelecer a situação de equilíbrio entre o nível de capital e o patrimônio da Companhia. Ademais, a absorção dos prejuízos acumulados da Companhia pela Redução de Capital facultará a adoção, pelo conselho de administração da Companhia, de programa de compra de ações de própria emissão, para manutenção em tesouraria ou cancelamento, nos termos artigo 30, §1º, item "b" da Lei das S.A., conferindo agilidade à administração da Companhia para buscar a maximização do valor dos acionistas.
71.476.527/0001-35;2021-01-01;18;114209;CONSTRUTORA TENDA S.A.;13495;2016-12-14;2016-12-14;100000000.00;0;0;0;8.375209;0.00000000;O valor será pago, em moeda corrente nacional, através da transferência de recursos imediatamente disponíveis para conta corrente a ser indicada pela Gafisa S.A. mediante solicitação da Companhia, da seguinte forma: (a) R$50.000.000,00, acrescidos da correção, até 31 de dezembro de 2018 e (b) o saldo até 31 de dezembro de 2019.;Capital considerado excessivo.
76.627.504/0001-06;2021-01-01;9;114434;INEPAR S.A. INDUSTRIA E CONSTRUCOES EM RECUPERACAO JUDICIAL;13511;2010-05-19;2010-05-19;415963458.60;0;0;0;61.239278;0.00000000;Não houve prejuízo no percentual de participação dos acionistas. a redução não teve implicação fiscal, muito menos de natureza econômica e financeira.;Absorção dos prejuízos acumulados existentes até a data de 31 de dezembro de 2009 para dar maior transparência aos números do balanço, visando, inclusive, futura distribuição de dividendos.
76.627.504/0001-06;2021-01-01;9;114434;INEPAR S.A. INDUSTRIA E CONSTRUCOES EM RECUPERACAO JUDICIAL;13512;2019-01-28;;775.00;10;0;10;0.000001;0.00000000;Não houve restituição, apenas, correção.;Corrigir a quantidade de debêntures convertidas, com a exclusão de 775 debêntures perpétuas da 6ª emissão que já haviam constado nas deliberações aprovadas na 337ª RCA realizada em 25/10/2018, havendo duplicidade, e, por consequência, corrigir a quantidade de ações ordinárias emitidas naquela ata de 1.049 ações ordinárias para 1039 ações ordinárias.
80.227.184/0001-66;2021-01-01;2;110564;METALGRAFICA IGUACU S.A.;13005;2018-11-13;2018-11-13;9761854.62;0;0;0;29.850409;0.00000000;Absorção de prejuízo acumulado, não haverá restiuição.;Absorção de prejuízos acumulados registrados nas Demonstrações Financeiras de 31 de dezembro de 2017.
82.120.676/0001-83;2021-01-01;3;112547;ALMEIDA JUNIOR SHOPPING CENTERS S.A.;13320;2019-12-31;2019-12-31;708437.00;33287155;0;33287155;0.002000;0.00000000;Não aplicável, tendo em vista que a redução de capital decorreu de cisão parcial da Companhia.;Cisão parcial da Companhia.
85.041.333/0001-11;2021-01-01;4;111414;PORTO PONTA DO FELIX S/A;13165;2014-04-08;2014-04-08;13126202.72;85937255;145449893;231387148;8.571439;0.00000000;Não houve qualquer restituição de valores aos acionistas;Absorção de prejuízos acumulados até o dia 31/12/2013.
89.463.822/0001-12;2021-01-01;12;115661;LUPATECH S.A;13680;2009-05-15;2010-05-14;197694.42;6113;0;6113;0.060000;32.34000000;Correção do Capital Social;Cancelamento de ações
89.463.822/0001-12;2021-01-01;12;115661;LUPATECH S.A;13681;2015-03-31;2015-03-31;33448197.00;137385;0;137385;1.770000;0.39000000;Correção do Capital Social.;Conforme Ata de RCA 006/2014 de 31/03/2015:Correção do cálculo individual dos créditos capitalizados e, por conseguinte, de arredondamentos necessários para o número de ações emitidas, sem considerar as ações que foram emitidas em decorrência da conversão mandatória de debêntures série B, emitidas em decorrência do aumento de capital homologado em RCA de 30/09/2014. Correção do montante de capital social consolidado divulgado na ata da RCA de 30/09/2014 de R$1.887.132.156,73 para R$1.853.683.959,73.
90.441.460/0001-48;2021-01-01;5;114292;UNICASA INDÚSTRIA DE MÓVEIS S.A.;13502;2019-12-03;2020-02-05;40708920.96;0;0;0;0.000000;0.00000000;R$13.784.742,58 (treze milhões setecentos e oitenta e quatro mil setecentos e quarenta e dois reais e cinquenta e oito centavos) para absorção dos prejuízos acumuladosR$2.658.343,92 (dois milhões seiscentos e cinquenta e oito mil trezentos e quarenta e três reais e noventa e dois centavos) para absorção do saldo negativo da reserva de capital e,R$24.265.834,46 (vinte e quatro milhões duzentos e sessenta e cinco mil oitocentos e trinta e quatro reais e quarenta e seis centavos), por julga-lo excessivo, com restituição aos acionistas do valor de R$0,367183682 por ação, conforme art. 173, da Lei nº 6.404/76.;R$13.784.742,58 (treze milhões setecentos e oitenta e quatro mil setecentos e quarenta e dois reais e cinquenta e oito centavos) para absorção dos prejuízos acumuladosR$2.658.343,92 (dois milhões seiscentos e cinquenta e oito mil trezentos e quarenta e três reais e noventa e dois centavos) para absorção do saldo negativo da reserva de capital e,R$24.265.834,46 (vinte e quatro milhões duzentos e sessenta e cinco mil oitocentos e trinta e quatro reais e quarenta e seis centavos), por julga-lo excessivo, com restituição aos acionistas do valor de R$0,367183682 por ação, conforme art. 173, da Lei nº 6.404/76.
91.983.056/0001-69;2021-01-01;15;113909;KEPLER WEBER S.A.;13450;2021-08-05;2021-10-06;278521840.33;0;0;0;0.000000;9.18111533;O valor de pagamento aos acionistas foi de R$9,18111533 por ação, o pagamento considerou o número de ações de titularidade dos acionistas na data de 11 de outubro de 2021.;A redução do capital social da Companhia foi realizado, por ser considerado excessivo em relação ao seu objeto social, nos termos do caput do artigo 173 da Lei das Sociedades por Ações, mediante a restituição de capital aos acionistas da Companhia, sem cancelamento de ações, no montante de R$ 278.521.840,33 (duzentos e setenta e oito milhões, quinhentos e vinte e um mil, oitocentos e quarenta reais e trinta e três centavos de reais), correspondentes a R$9,18111533 por ação, passando o capital social da Companhia, após a redução, para R$ 144.694.181,68 (cento e quarenta e quatro milhões, seiscentos e noventa e quatro mil, cento e oitenta e um reais e sessenta e oito centavos).
91.983.056/0001-69;2021-01-01;15;113909;KEPLER WEBER S.A.;13451;2022-02-16;2022-02-21;0.00;397600;0;397600;0.000000;0.00000000;;Por unanimidade dos presentes na RCA de 16/02/2022, sem qualquer restrições foram aprovadas as seguintes deliberações:(i) Aprovar o encerramento do Programa de Recompra de Ações de emissão da Companhia aprovado pelo Conselho de Administração em 06 de dezembro de 2021 ("Programa de Recompra"), por meio do qual foram adquiridas 447.600 (quatrocentos e quarenta e sete mil e seiscentos) ações ordinárias, que serão mantidas em tesouraria para atendimento de outorgas, cancelamento, permanência em tesouraria ou alienação, nos termos da legislação aplicável.(ii) Aprovar o cancelamento de 397.600 (trezentas e noventa e sete mil e seiscentas) ações ordinárias(iii) Aprovar a manutenção em tesouraria de 50.000 (cinquenta mil) ações ordinárias para suportar o programa de incentivo de longo prazo dos executivos da Kepler Weber e (iv) Autorizar, por unanimidade dos presentes e sem quaisquer ressalvas, que a Diretoria pratique todos os atos necessários para o encerramento/cancelamento do Programa de Recompra de Ações, bem como ratificar todos atos já praticados pela Diretoria até a presente data no âmbito do Programa de Recompra.
92.702.067/0001-96;2021-01-01;15;115728;BCO ESTADO DO RIO GRANDE DO SUL S.A.;13689;2018-04-10;2018-06-16;353280929.46;0;0;0;0.000000;0.00000000;A restituição aos acionistas do valor das suas ações objeto da redução de capital se deu mediante pagamento em dinheiro de R$0,86382146 por ação.;Maximizar os resultados da controlada Banrisul Cartões S.A. ("Cartões"), em especial, por conta dos seus resultados financeiros e do potencial de crescimento do segmento de meio de pagamentos, ocorrendo a redução com a restituição do valor das ações através de ações preferenciais da Cartões. Como o processo de abertura de capital da Cartões não foi concluído até 15 de dezembro de 2018, a restituição aos acionistas do valor das suas ações objeto da redução de capital se deu mediante pagamento em dinheiro.
92.715.812/0001-31;2021-01-01;10;115679;CPFL TRANSMISSÃO S.A.;13683;2021-02-18;2021-04-08;584289646.95;0;0;0;37.320000;251.30000000;A Companhia recebeu através da Itaú Corretora a manifestação de 05 (cinco) acionistas que solicitaram o direito de retirada, e restituiu os dissidentes mediante crédito em suas contas bancárias realizadas pelo escriturador, o Itaú no valor total de R$ 706.153,00.;A redução do capital decorreu de uma cisão parcial da CEEE-GT, com a segregação de suas atividades em segmentos de Geração - G e Transmissão - T de energia elétrica com a incorporação da parcela cindida à CEEE-G.
92.781.335/0001-02;2021-01-01;9;114750;TAURUS ARMAS S.A.;13623;2021-11-30;2021-11-30;370964873.08;0;0;0;0.000000;0.00000000;Não se aplica.;Não se aplica.
