CNPJ_Companhia;Data_Referencia;Versao;ID_Documento;Nome_Companhia;Sigla_Classe_Acoes_Preferenciais;Classe_Acoes_Preferenciais;Quantidade_Acoes_Preferenciais_Circulacao;Percentual_Acoes_Preferenciais_Circulacao
00.001.180/0001-26;2021-01-01;7;111351;CENTRAIS ELET BRAS S.A. - ELETROBRAS;PNA;Preferencial Classe A;146920;100.000000
00.001.180/0001-26;2021-01-01;7;111351;CENTRAIS ELET BRAS S.A. - ELETROBRAS;PNB;Preferencial Classe B;242987127;86.799284
00.070.698/0001-11;2021-01-01;7;113985;COMPANHIA ENERG…TICA DE BRASÕLIA - CEB;PNA;Preferencial Classe A;6565010;100.000000
00.070.698/0001-11;2021-01-01;7;113985;COMPANHIA ENERG…TICA DE BRASÕLIA - CEB;PNB;Preferencial Classe B;5299415;17.905840
00.192.769/0001-59;2021-01-01;1;105168;NEUMARKT TRADE AND FINANCIAL CENTER S/A;PNA;Preferencial Classe A;0;0.000000
00.336.701/0001-04;2021-01-01;16;115640;TELEC BRASILEIRAS S.A. TELEBRAS;PNA;Preferencial Classe A;2167691;11.776100
00.359.742/0001-08;2021-01-01;4;113894;FICTOR ALIMENTOS S.A.;PNA;Preferencial Classe A;0;0.000000
00.644.907/0001-93;2021-01-01;1;105249;INVESTCO S.A.;PNA;Preferencial Classe A;16288514;4.240000
00.644.907/0001-93;2021-01-01;1;105249;INVESTCO S.A.;PNB;Preferencial Classe B;5156240;1.340000
00.644.907/0001-93;2021-01-01;1;105249;INVESTCO S.A.;PNC;Preferencial Classe C;107199382;27.900000
00.644.907/0001-93;2021-01-01;1;105249;INVESTCO S.A.;PNR;Preferencial Classe R;255559826;66.520000
00.776.574/0001-56;2021-01-01;15;115623;AMERICANAS S.A. - EM RECUPERA«√O JUDICIAL;PNA;Preferencial Classe A;0;0.000000
00.938.574/0001-05;2021-01-01;3;114104;CONC RIO-TERESOPOLIS S.A.;PNA;Preferencial Classe A;37680;100.000000
01.027.058/0001-91;2021-01-01;13;115666;CIELO S.A. -  INSTITUI«√O DE PAGAMENTO;PNA;Preferencial Classe A;0;0.000000
01.083.200/0001-18;2021-01-01;10;115675;NEOENERGIA S.A.;PNA;Preferencial Classe A;0;0.000000
01.104.937/0001-70;2021-01-01;5;114681;ELETROBR¡S PARTICIPA«’ES S.A. - ELETROPAR;PNA;Preferencial Classe A;0;0.000000
01.258.944/0001-26;2021-01-01;4;115354;RUMO MALHA SUL S.A.;PNA;Preferencial Classe A;0;0.000000
01.417.222/0001-77;2021-01-01;5;114007;MRS LOGISTICA S.A.;PNA;Preferencial Classe A;1055737;1.286289
01.417.222/0001-77;2021-01-01;5;114007;MRS LOGISTICA S.A.;PNB;Preferencial Classe B;895635;1.286996
01.468.594/0001-22;2021-01-01;7;111913;LG INFORM¡TICA S.A.;PNA;Preferencial Classe A;0;0.000000
01.545.826/0001-07;2021-01-01;8;114205;GAFISA S.A.;PNA;Preferencial Classe A;0;0.000000
01.599.101/0001-93;2021-01-01;27;115071;SEQUOIA LOGÕSTICA E TRANSPORTES S.A.;PNA;Preferencial Classe A;0;0.000000
01.851.771/0001-55;2021-01-01;2;114436;524 PARTICIPACOES S.A.;PNA;Preferencial Classe A;0;0.000000
01.938.783/0001-11;2021-01-01;5;114730;CIA PARTICIPACOES ALIANCA DA BAHIA;PNA;Preferencial Classe A;0;0.000000
02.016.440/0001-62;2021-01-01;7;114880;RGE SUL DISTRIBUIDORA DE ENERGIA S.A.;PNA;Preferencial Classe A;0;0.000000
02.062.747/0001-08;2021-01-01;2;114444;SUDESTE S.A.;PNA;Preferencial Classe A;0;0.000000
02.105.040/0001-23;2021-04-01;3;108918;VIRGO II COMPANHIA DE SECURITIZACAO;PNA;Preferencial Classe A;246;0.590651
02.105.040/0001-23;2021-12-31;1;100560;VIRGO II COMPANHIA DE SECURITIZACAO;PNA;Preferencial Classe A;246;0.590651
02.149.205/0001-69;2021-01-01;7;113901;PORTO SEGURO S.A.;PNA;Preferencial Classe A;0;0.000000
02.162.616/0001-94;2021-01-01;4;108892;UPTICK PARTICIPACOES S.A. - EM LIQUIDA«√O;PNA;Preferencial Classe A;0;0.000000
02.201.787/0001-85;2021-01-01;1;105190;CEL PARTICIPA«’ES S.A. - CELPAR;PNA;Preferencial Classe A;20;0.000000
02.201.787/0001-85;2021-01-01;1;105190;CEL PARTICIPA«’ES S.A. - CELPAR;PNB;Preferencial Classe B;10;0.000000
02.217.319/0001-07;2021-01-01;2;111689;YBYR¡ CAPITAL S.A.;PNA;Preferencial Classe A;0;0.000000
02.255.187/0001-08;2021-01-01;7;115680;UNIFIQUE TELECOMUNICA«’ES S.A.;PNA;Preferencial Classe A;0;0.000000
02.281.836/0001-37;2021-01-01;7;114590;TRANSNORDESTINA LOGISTICA SA;PNA;Preferencial Classe A;18686075;0.000000
02.281.836/0001-37;2021-01-01;7;114590;TRANSNORDESTINA LOGISTICA SA;PNB;Preferencial Classe B;7413673;100.000000
02.351.144/0001-18;2021-01-01;8;113850;TEGMA GESTAO LOGISTICA S.A.;PNA;Preferencial Classe A;0;0.000000
02.382.073/0001-10;2021-01-01;4;115239;PROLAGOS S/A - CONC.DE SERVICOS P⁄BLICOS DE ¡GUA E ESGOTO;PNA;Preferencial Classe A;0;0.000000
02.451.848/0001-62;2021-01-01;5;114561;CONC SIST ANHANG-BANDEIRANT S.A. AUTOBAN;PNA;Preferencial Classe A;0;0.000000
02.502.844/0001-66;2021-01-01;5;115348;RUMO MALHA PAULISTA S.A.;PNA;Preferencial Classe A;0;0.000000
02.509.491/0001-26;2021-01-01;17;114764;CONC ECOVIAS IMIGRANTES S.A.;PNA;Preferencial Classe A;0;0.000000
02.558.157/0001-62;2021-01-01;11;114359;TELEF‘NICA BRASIL S.A;PNA;Preferencial Classe A;0;0.000000
02.560.878/0001-07;2021-01-01;3;111518;HOSPITAL ANCHIETA S.A.;PNA;Preferencial Classe A;0;0.000000
02.591.787/0001-39;2021-01-01;5;109573;CAPITALPART PARTICIPACOES S.A.;PNA;Preferencial Classe A;0;0.000000
02.682.287/0001-02;2021-01-01;1;105657;PAN FINANCEIRA S.A. - CR…DITO, FINANCIAMENTO E INVESTIMENTO;PNA;Preferencial Classe A;0;0.000000
02.724.983/0001-34;2021-01-01;2;111303;SANESALTO SANEAMENTO S.A.;PNA;Preferencial Classe A;0;0.000000
02.762.113/0001-50;2021-01-01;4;108238;BRAZILIAN FINANCE E REAL ESTATE S.A.;PNA;Preferencial Classe A;0;0.000000
02.762.113/0001-50;2021-01-01;4;108238;BRAZILIAN FINANCE E REAL ESTATE S.A.;PNB;Preferencial Classe B;0;0.000000
02.773.542/0001-22;2021-01-01;10;115903;OPEA SECURITIZADORA S.A.;PNA;Preferencial Classe A;0;0.000000
02.796.775/0001-40;2021-01-01;3;114439;GAMA PARTICIPACOES S.A.;PNA;Preferencial Classe A;0;0.000000
02.916.265/0001-60;2021-01-01;12;115684;JBS S.A.;PNA;Preferencial Classe A;0;0.000000
02.992.449/0001-09;2021-01-01;2;114442;PROMPT PARTICIPACOES S.A.;PNA;Preferencial Classe A;0;0.000000
02.998.611/0001-04;2021-01-01;10;119216;ISA ENERGIA BRASIL;PNA;Preferencial Classe A;0;0.000000
03.303.999/0001-36;2021-01-01;3;114866;DTCOM - DIRECT TO COMPANY S.A.;PNA;Preferencial Classe A;0;0.000000
03.758.318/0001-24;2021-01-01;18;114636;INVESTIMENTOS E PARTICIP. EM INFRA S.A. - INVEPAR;PNA;Preferencial Classe A;0;0.000000
03.767.538/0001-14;2021-01-01;8;114910;BRAZILIAN SECURITIES CIA SECURITIZACAO;PNA;Preferencial Classe A;0;0.000000
03.795.050/0001-09;2021-01-01;3;114046;TERMOPERNAMBUCO S.A.;PNA;Preferencial Classe A;0;0.000000
03.802.115/0001-98;2021-01-01;12;114530;CLEAR SALE S.A.;PNA;Preferencial Classe A;0;0.000000
03.847.461/0001-92;2021-01-01;11;115449;BRADESPAR S.A.;PNA;Preferencial Classe A;0;0.000000
03.953.509/0001-47;2021-01-01;2;114180;CPFL GERACAO DE ENERGIA S.A.;PNA;Preferencial Classe A;0;0.000000
04.032.433/0001-80;2021-01-01;9;115496;CONTAX PARTICIPA«’ES S.A. - EM RECUPERA«√O JUDICIAL;PNA;Preferencial Classe A;0;0.000000
04.038.763/0001-82;2021-01-01;5;115010;CAIANDA PARTICIPACOES S.A.;PNB;Preferencial Classe B;1373254;0.000000
04.089.570/0001-50;2021-01-01;5;115238;¡GUAS GUARIROBA S.A;PNA;Preferencial Classe A;0;0.000000
04.149.454/0001-80;2021-01-01;28;114760;ECORODOVIAS INFRAESTRUTURA E LOGÕSTICA S.A.;PNA;Preferencial Classe A;0;0.000000
04.172.213/0001-51;2021-01-01;7;114232;CIA PIRATININGA DE FORCA E LUZ;PNA;Preferencial Classe A;0;0.000000
04.233.319/0001-18;2021-01-01;4;115068;NCF PARTICIPA«’ES S/A;PNA;Preferencial Classe A;0;0.000000
04.370.282/0001-70;2021-01-01;8;114635;COPEL GERA«√O E TRANSMISS√O S.A.;PNA;Preferencial Classe A;0;0.000000
04.437.534/0001-30;2021-01-01;2;111127;LOCAM…RICA RENT-A-CAR S.A.;PNA;Preferencial Classe A;0;0.000000
04.895.728/0001-80;2021-01-01;3;115483;EQUATORIAL PAR¡ DISTRIBUIDORA DE ENERGIA S.A.;PNA;Preferencial Classe A;1820804;0.080000
04.895.728/0001-80;2021-01-01;3;115483;EQUATORIAL PAR¡ DISTRIBUIDORA DE ENERGIA S.A.;PNB;Preferencial Classe B;1085371;0.050000
04.895.728/0001-80;2021-01-01;3;115483;EQUATORIAL PAR¡ DISTRIBUIDORA DE ENERGIA S.A.;PNC;Preferencial Classe C;1085346;0.050000
04.913.711/0001-08;2021-01-01;11;114447;BCO ESTADO DO PARA S.A.;PNA;Preferencial Classe A;0;0.000000
05.336.882/0001-84;2021-01-01;2;109027;CACHOEIRA PAULISTA TRANSMISSORA ENERGIA S.A.;PNA;Preferencial Classe A;0;0.000000
06.057.223/0001-71;2021-01-01;18;115525;SENDAS DISTRIBUIDORA S.A.;PNA;Preferencial Classe A;0;0.000000
06.272.793/0001-84;2021-01-01;4;115482;EQUATORIAL MARANH√O DISTRIBUIDORA DE ENERGIA S.A.;PNA;Preferencial Classe A;470537;37.970000
06.272.793/0001-84;2021-01-01;4;115482;EQUATORIAL MARANH√O DISTRIBUIDORA DE ENERGIA S.A.;PNB;Preferencial Classe B;617046;37.955000
06.977.745/0001-91;2021-01-01;16;115718;BR MALLS PARTICIPACOES S.A.;PNA;Preferencial Classe A;0;0.000000
06.981.176/0001-58;2021-01-01;8;115711;CEMIG GERACAO E TRANSMISSAO S.A.;PNA;Preferencial Classe A;0;0.000000
07.043.628/0001-13;2021-01-01;2;114421;CLARO TELECOM PARTICIPA«’ES S.A.;PNA;Preferencial Classe A;0;0.000000
07.047.251/0001-70;2021-01-01;10;115686;CIA ENERGETICA DO CEARA - COELCE;PNA;Preferencial Classe A;17664694;62.523915
07.047.251/0001-70;2021-01-01;10;115686;CIA ENERGETICA DO CEARA - COELCE;PNB;Preferencial Classe B;1534238;99.972372
07.206.816/0001-15;2021-01-01;8;114440;M.DIAS BRANCO S.A. IND COM DE ALIMENTOS;PNA;Preferencial Classe A;0;0.000000
07.237.373/0001-20;2021-01-01;17;114093;BCO NORDESTE DO BRASIL S.A.;PNA;Preferencial Classe A;0;0.000000
07.253.321/0001-47;2021-01-01;1;105092;CARBOMIL SA MINER. E INDUSTRIA;PNA;Preferencial Classe A;66000;100.000000
07.275.159/0001-68;2021-01-01;1;104187;PETROLEO LUB DO NORDESTE SA;PNA;Preferencial Classe A;226530;13.550000
07.275.159/0001-68;2021-01-01;1;104187;PETROLEO LUB DO NORDESTE SA;PNB;Preferencial Classe B;536835;32.100000
07.275.159/0001-68;2021-01-01;1;104187;PETROLEO LUB DO NORDESTE SA;PNC;Preferencial Classe C;908881;54.350000
07.526.557/0001-00;2021-01-01;12;114809;AMBEV S.A.;PNA;Preferencial Classe A;0;0.000000
07.857.093/0001-14;2021-01-01;6;112297;AURA MINERALS INC.;PNA;Preferencial Classe A;0;0.000000
07.857.850/0001-50;2021-01-01;11;115791;GP INVESTMENTS, LTD.;PNA;Preferencial Classe A;63519148;84.330664
07.976.147/0001-60;2021-01-01;6;109855;MOVIDA LOCA«√O DE VEÕCULOS S.A.;PNA;Preferencial Classe A;0;0.000000
08.159.965/0001-33;2021-01-01;10;112590;IGUA SANEAMENTO S.A.;PNA;Preferencial Classe A;0;0.000000
08.294.224/0001-65;2021-01-01;8;115654;JHSF PARTICIPACOES S.A.;PNA;Preferencial Classe A;0;0.000000
08.324.196/0001-81;2021-01-01;9;114379;CIA ENERGETICA DO RIO GDE NORTE - COSERN;PNA;Preferencial Classe A;1500626;3.920000
08.324.196/0001-81;2021-01-01;9;114379;CIA ENERGETICA DO RIO GDE NORTE - COSERN;PNB;Preferencial Classe B;1276753;3.330000
08.424.178/0001-71;2021-01-01;1;105171;TECBLU TECELAGEM BLUMENAU S.A.;PNA;Preferencial Classe A;28607;27.885000
08.424.178/0001-71;2021-01-01;1;105171;TECBLU TECELAGEM BLUMENAU S.A.;PNB;Preferencial Classe B;14;0.011000
08.424.178/0001-71;2021-01-01;1;105171;TECBLU TECELAGEM BLUMENAU S.A.;PNC;Preferencial Classe C;73969;61.290000
08.439.659/0001-50;2021-01-01;3;114179;CPFL ENERGIAS RENOV¡VEIS S.A.;PNA;Preferencial Classe A;0;0.000000
08.613.550/0001-98;2021-01-01;10;113739;NEXPE PARTICIPA«’ES S.A;PNA;Preferencial Classe A;0;0.000000
08.773.191/0001-36;2021-01-01;1;105324;BRASILIANA PARTICIPA«’ES S/A;PNA;Preferencial Classe A;0;0.000000
08.807.432/0001-10;2021-01-01;10;115625;YDUQS PARTICIPACOES S.A.;PNA;Preferencial Classe A;0;0.000000
08.810.422/0001-34;2021-01-01;3;113922;GUARARAPES PAIN…IS S.A.;PNA;Preferencial Classe A;0;0.000000
08.827.501/0001-58;2021-01-01;7;115551;AEGEA SANEAMENTO E PARTICIPA«’ES S.A.;PNA;Preferencial Classe A;273447399;88.449150
08.902.291/0001-15;2021-01-01;9;114689;CSN MINERA«√O S.A.;PNA;Preferencial Classe A;0;0.000000
08.935.054/0001-50;2021-01-01;2;110408;MULTINER S/A;PNA;Preferencial Classe A;6532211;0.000000
08.935.054/0001-50;2021-01-01;2;110408;MULTINER S/A;PNB;Preferencial Classe B;311344;100.000000
08.937.002/0001-13;2021-01-01;1;104847;VISION SECURITIZADORA S.A.;PNA;Preferencial Classe A;0;0.000000
09.041.168/0001-10;2021-01-01;10;113943;LOG COMMERCIAL PROPERTIES E PARTICIPA«’ES;PNA;Preferencial Classe A;0;0.000000
09.112.685/0001-32;2021-01-01;5;115590;OSX BRASIL S.A. - EM RECUPERA«√O JUDICIAL;PNA;Preferencial Classe A;0;0.000000
09.114.805/0001-30;2021-01-01;13;116042;OCEANPACT SERVI«OS MARITIMOS S.A.;PNA;Preferencial Classe A;0;0.000000
09.116.278/0001-01;2021-01-01;1;105084;CONPEL CIA NORDESTINA PAPEL - EM RECUPERA«√O JUDICIAL;PNA;Preferencial Classe A;461266;11.000000
09.116.278/0001-01;2021-01-01;1;105084;CONPEL CIA NORDESTINA PAPEL - EM RECUPERA«√O JUDICIAL;PNB;Preferencial Classe B;72447;2.000000
09.116.278/0001-01;2021-01-01;1;105084;CONPEL CIA NORDESTINA PAPEL - EM RECUPERA«√O JUDICIAL;PNC;Preferencial Classe C;82043;2.000000
09.116.278/0001-01;2021-01-01;1;105084;CONPEL CIA NORDESTINA PAPEL - EM RECUPERA«√O JUDICIAL;PND;Preferencial Classe D;3457776;85.000000
09.229.201/0001-30;2021-01-01;7;114973;GPS PARTICIPA«’ES E EMPREENDIMENTOS S.A.;PNA;Preferencial Classe A;0;0.000000
09.324.949/0001-11;2021-01-01;3;111946;AUTOPISTA FLUMINENSE SA;PNA;Preferencial Classe A;0;0.000000
09.325.109/0001-73;2021-01-01;3;111975;AUTOPISTA PLANALTO SUL SA;PNA;Preferencial Classe A;0;0.000000
09.336.431/0001-06;2021-01-01;8;127209;AUTOPISTA REGIS BITTENCOURT SA;PNA;Preferencial Classe A;0;0.000000
09.359.927/0001-97;2021-01-01;3;115873;ASA BRANCA HOLDING S.A.;PNA;Preferencial Classe A;0;0.000000
10.324.624/0001-18;2021-01-01;4;110412;CONCESS√O METROVI¡RIA DO RIO DE JANEIRO S.A.;PNA;Preferencial Classe A;0;0.000000
10.502.676/0001-37;2021-01-01;1;105306;TERMEL…TRICA PERNAMBUCO III S.A.;PNA;Preferencial Classe A;0;0.000000
10.571.175/0001-02;2021-01-01;6;115764;URBA DESENVOLVIMENTO URBANO S.A.;PNA;Preferencial Classe A;0;0.000000
10.635.691/0001-53;2021-01-01;2;106518;VIARONDON CONCESSION¡RIA DE RODOVIA S.A.;PNA;Preferencial Classe A;0;0.000000
10.835.932/0001-08;2021-01-01;11;115569;CIA ENERGETICA DE PERNAMBUCO - CELPE;PNA;Preferencial Classe A;7102982;93.864723
10.835.932/0001-08;2021-01-01;11;115569;CIA ENERGETICA DE PERNAMBUCO - CELPE;PNB;Preferencial Classe B;342066;46.073156
10.841.050/0001-55;2021-01-01;20;114765;CONC ROD AYRTON SENNA E CARV PINTO S.A.-ECOPISTAS;PNA;Preferencial Classe A;0;0.000000
10.851.805/0001-00;2021-01-01;2;115242;FLEX GEST√O DE RELACIONAMENTOS S.A.-EM RECUPERA«√O JUDICIAL;PNA;Preferencial Classe A;0;0.000000
11.257.352/0001-43;2021-01-01;1;104970;BSI CAPITAL SECURITIZADORA S.A.;PNA;Preferencial Classe A;0;0.000000
11.421.994/0001-36;2021-01-01;7;114473;ORIZON VALORIZA«√O DE RESÕDUOS S.A.;PNA;Preferencial Classe A;0;0.000000
12.049.631/0001-84;2021-01-01;9;114003;MOURA DUBEUX ENGENHARIA S/A;PNA;Preferencial Classe A;0;0.000000
12.091.809/0001-55;2021-01-01;26;114714;BRAVA ENERGIA S.A.;PNA;Preferencial Classe A;0;0.000000
12.979.898/0001-70;2021-01-01;3;107440;FORTE SECURITIZADORA S.A.;PNA;Preferencial Classe A;0;0.000000
13.009.717/0001-46;2021-01-01;14;113914;BCO ESTADO DE SERGIPE S.A. - BANESE;PNA;Preferencial Classe A;0;0.000000
13.349.677/0001-81;2021-01-01;2;109301;REIT SECURITIZADORA S/A;PNA;Preferencial Classe A;0;0.000000
13.483.537/0001-00;2021-01-01;1;104989;BRASIL SECURITIZADORA S/A;PNA;Preferencial Classe A;0;0.000000
13.574.594/0001-96;2021-01-01;17;115705;ZAMP SA;PNA;Preferencial Classe A;0;0.000000
13.584.310/0001-42;2021-01-01;1;105633;SUGOI S.A.;PNA;Preferencial Classe A;0;0.000000
14.127.813/0001-51;2021-01-01;12;114249;ARANDU INVESTIMENTOS S.A.;PNA;Preferencial Classe A;0;0.000000
14.308.514/0001-13;2021-01-01;1;105562;PARTICIPA«’ES INDUST. DO NORDESTE S.A.;PNA;Preferencial Classe A;6880;21.919205
14.333.683/0001-03;2021-01-01;1;104818;FONTAINE VILLE PARTICIPA«’ES S/A;PNA;Preferencial Classe A;0;0.000000
14.807.945/0001-24;2021-01-01;3;113722;SANSUY S.A. INDUSTRIA DE PLASTICOS;PNA;Preferencial Classe A;5052280;99.880000
14.807.945/0001-24;2021-01-01;3;113722;SANSUY S.A. INDUSTRIA DE PLASTICOS;PNB;Preferencial Classe B;6200;0.120000
14.998.371/0001-19;2021-01-01;3;114136;J. MACEDO S.A.;PNA;Preferencial Classe A;8691558;99.985091
14.998.371/0001-19;2021-01-01;3;114136;J. MACEDO S.A.;PNB;Preferencial Classe B;1296;0.014909
15.073.274/0001-88;2021-01-01;2;111192;PPLA PARTICIPATIONS LTD.;PNA;Preferencial Classe A;938222;100.000000
15.073.274/0001-88;2021-01-01;2;111192;PPLA PARTICIPATIONS LTD.;PNB;Preferencial Classe B;1876444;100.000000
15.073.274/0001-88;2021-01-01;2;111192;PPLA PARTICIPATIONS LTD.;PNC;Preferencial Classe C;0;0.000010
15.073.274/0001-88;2021-01-01;2;111192;PPLA PARTICIPATIONS LTD.;PND;Preferencial Classe D;0;0.000000
15.115.504/0001-24;2021-01-01;1;105219;TRONOX PIGMENTOS DO BRASIL S.A.;PNA;Preferencial Classe A;12342238;65.000000
15.115.504/0001-24;2021-01-01;1;105219;TRONOX PIGMENTOS DO BRASIL S.A.;PNB;Preferencial Classe B;6518111;35.000000
15.139.629/0001-94;2021-01-01;14;114048;CIA ELETRICIDADE EST. DA BAHIA - COELBA;PNA;Preferencial Classe A;305402;0.280000
15.144.017/0001-90;2021-01-01;6;115639;CIA SEGUROS ALIANCA DA BAHIA;PNA;Preferencial Classe A;1123016;29.245000
16.234.171/0001-15;2021-01-01;3;108940;METANOR SA METANOL DO NE;PNA;Preferencial Classe A;87533575;29.740000
16.234.171/0001-15;2021-01-01;3;108940;METANOR SA METANOL DO NE;PNB;Preferencial Classe B;9746019;3.310000
16.234.171/0001-15;2021-01-01;3;108940;METANOR SA METANOL DO NE;PNC;Preferencial Classe C;99291408;33.730000
16.676.520/0001-59;2021-01-01;16;115559;HOSPITAL MATER DEI S.A.;PNA;Preferencial Classe A;0;0.000000
16.922.038/0001-51;2021-01-01;16;115750;ENJOEI S.A.;PNA;Preferencial Classe A;0;0.000000
17.161.241/0001-15;2021-01-01;1;103287;MINASMAQUINAS S.A.;PNA;Preferencial Classe A;0;0.000000
17.162.082/0001-73;2021-01-01;2;111769;MENDES JUNIOR ENGENHARIA S.A.;PNA;Preferencial Classe A;149876;1.453782
17.162.082/0001-73;2021-01-01;2;111769;MENDES JUNIOR ENGENHARIA S.A.;PNB;Preferencial Classe B;163737;1.588222
17.167.396/0001-69;2021-01-01;2;113608;ALFA HOLDINGS S.A.;PNA;Preferencial Classe A;6108193;42.673214
17.167.396/0001-69;2021-01-01;2;113608;ALFA HOLDINGS S.A.;PNB;Preferencial Classe B;11553559;47.434720
17.167.412/0001-13;2021-01-01;5;113589;FINANCEIRA ALFA S.A.- CRED FINANC E INVS;PNA;Preferencial Classe A;19006438;42.994875
17.193.806/0001-46;2021-01-01;2;113610;CONSORCIO ALFA DE ADMINISTRACAO S.A.;PNA;Preferencial Classe A;90335;54.769000
17.193.806/0001-46;2021-01-01;2;113610;CONSORCIO ALFA DE ADMINISTRACAO S.A.;PNB;Preferencial Classe B;1044713;44.832253
17.193.806/0001-46;2021-01-01;2;113610;CONSORCIO ALFA DE ADMINISTRACAO S.A.;PNC;Preferencial Classe C;93239;42.407772
17.193.806/0001-46;2021-01-01;2;113610;CONSORCIO ALFA DE ADMINISTRACAO S.A.;PND;Preferencial Classe D;787745;38.249017
17.193.806/0001-46;2021-01-01;2;113610;CONSORCIO ALFA DE ADMINISTRACAO S.A.;PNE;Preferencial Classe E;2526336;37.375456
17.193.806/0001-46;2021-01-01;2;113610;CONSORCIO ALFA DE ADMINISTRACAO S.A.;PNF;Preferencial Classe F;6651453;30.627124
17.234.244/0001-31;2021-01-01;4;114584;FTL - FERROVIA TRANSNORDESTINA LOGÕSTICA S.A.;PNA;Preferencial Classe A;0;0.000000
18.494.485/0001-82;2021-01-01;1;105102;PORTO SUDESTE V.M. S.A.;PNA;Preferencial Classe A;0;0.000000
19.208.022/0001-70;2021-01-01;22;114768;ECO050 CONCESSION¡RIA DE RODOVIAS S.A.;PNA;Preferencial Classe A;0;0.000000
19.378.769/0001-76;2021-01-01;7;114656;INSTITUTO HERMES PARDINI S.A.;PNA;Preferencial Classe A;0;0.000000
19.403.252/0001-90;2021-01-01;10;114039;EMCCAMP RESIDENCIAL S.A.;PNA;Preferencial Classe A;0;0.000000
19.642.306/0001-70;2021-01-01;2;114600;CONCESSION¡RIA DE RODOVIA SUL-MATOGROSSENSE S.A.;PNA;Preferencial Classe A;0;0.000000
19.726.048/0001-00;2021-01-01;6;114593;CONCESSION¡RIA BR-040 S.A.;PNA;Preferencial Classe A;0;0.000000
21.254.073/0001-80;2021-01-01;1;110887;COMPANHIA ITAUNENSE ENERGIA E PARTICIPA«’ES;PNKR;Preferencial Classe KR;0;0.000000
21.389.501/0001-81;2021-01-01;8;115634;COMPASS G¡S E ENERGIA S.A.;PNA;Preferencial Classe A;30853031;4.320003
21.389.501/0001-81;2021-01-01;8;115634;COMPASS G¡S E ENERGIA S.A.;PNB;Preferencial Classe B;54849373;7.679940
21.414.457/0001-12;2021-01-01;2;109345;LEADS CIA. SECURITIZADORA;PNA;Preferencial Classe A;0;0.000000
21.610.416/0001-00;2021-01-01;1;105037;FORTUNATO SECURITIZADORA S/A;PNA;Preferencial Classe A;0;0.000000
23.096.269/0001-19;2021-01-01;6;114122;RIO PARANA ENERGIA S.A.;PNA;Preferencial Classe A;0;0.000000
24.230.275/0001-80;2021-01-01;10;115608;PLANO & PLANO DESENVOLVIMENTO IMOBILI¡RIO S.A.;PNA;Preferencial Classe A;0;0.000000
24.962.466/0001-36;2021-01-01;5;115357;RUMO MALHA NORTE S.A.;PNA;Preferencial Classe A;76088610;6.397159
24.962.466/0001-36;2021-01-01;5;115357;RUMO MALHA NORTE S.A.;PNB;Preferencial Classe B;5625683;0.472980
25.089.509/0001-83;2021-01-01;10;115560;COMPANHIA DE SANEAMENTO DO TOCANTINS - SANEATINS;PNA;Preferencial Classe A;5;0.001000
25.089.509/0001-83;2021-01-01;10;115560;COMPANHIA DE SANEAMENTO DO TOCANTINS - SANEATINS;PNB;Preferencial Classe B;0;0.000000
27.093.558/0001-15;2021-01-01;10;116383;MILLS LOCA«√O, SERVI«OS E LOGÕSTICA S.A.;PNA;Preferencial Classe A;0;0.000000
27.137.879/0001-74;2021-01-01;1;104887;CIA SEC DE CR…DITOS FINANCEIROS CART’ES CONSIGNADOS I;PNA;Preferencial Classe A;0;0.000000
27.956.690/0001-03;2021-01-01;4;114343;AUZZA SECURITIZADORA S. A.;PNA;Preferencial Classe A;0;0.000000
28.942.127/0001-49;2021-01-01;3;112103;COMPANHIA ENERG…TICA MIRANDA;PNA;Preferencial Classe A;0;0.000000
30.540.991/0001-66;2021-01-01;3;106479;HAGA S.A. INDUSTRIA E COMERCIO;PNA;Preferencial Classe A;0;0.000000
32.161.500/0001-00;2021-01-01;1;105169;CONCESSION¡RIA DAS RODOVIAS INTEGRADAS DO SUL S.A.;PNA;Preferencial Classe A;0;0.000000
33.035.536/0001-00;2021-01-01;2;113977;JOAO FORTES ENGENHARIA S.A. - EM RECUPERA«√O JUDICIAL;PNA;Preferencial Classe A;0;0.000000
33.040.601/0001-87;2021-01-01;2;113996;MERCANTIL FINANCEIRA S.A. - SOC. CR…DITO, FINANC E INVESTIME;PNA;Preferencial Classe A;0;0.000000
33.050.196/0001-88;2021-01-01;5;114239;CIA PAULISTA DE FORCA E LUZ;PNA;Preferencial Classe A;0;0.000000
33.050.196/0001-88;2021-01-01;5;114239;CIA PAULISTA DE FORCA E LUZ;PNB;Preferencial Classe B;0;0.000000
33.050.196/0001-88;2021-01-01;5;114239;CIA PAULISTA DE FORCA E LUZ;PNC;Preferencial Classe C;0;0.000000
33.102.476/0001-92;2021-01-01;9;115574;MONTEIRO ARANHA S.A.;PNA;Preferencial Classe A;0;0.000000
33.200.049/0001-47;2021-01-01;1;104551;HOTEIS OTHON S.A. - EM RECUPERA«√O JUDICIAL;PNA;Preferencial Classe A;0;0.000000
33.352.394/0001-04;2021-01-01;5;115457;CIA ESTADUAL DE ¡GUAS E ESGOTOS - CEDAE;PNA;Preferencial Classe A;0;0.000000
33.386.210/0001-19;2021-01-01;5;115650;SONDOTECNICA ENGENHARIA SOLOS S.A.;PNA;Preferencial Classe A;555620;70.820000
33.386.210/0001-19;2021-01-01;5;115650;SONDOTECNICA ENGENHARIA SOLOS S.A.;PNB;Preferencial Classe B;307726;37.650000
33.541.368/0001-16;2021-01-01;7;110308;CIA HIDRO EL…TRICA DO S√O FRANCISCO;PNA;Preferencial Classe A;0;0.000000
33.592.510/0001-54;2021-01-01;22;115792;VALE S.A.;PNE;Preferencial Classe E;0;0.000000
33.958.695/0001-78;2021-01-01;17;115522;UNIPAR CARBOCLORO S.A.;PNA;Preferencial Classe A;1408318;2.084316
33.958.695/0001-78;2021-01-01;17;115522;UNIPAR CARBOCLORO S.A.;PNB;Preferencial Classe B;49311518;72.981327
34.169.557/0001-72;2021-01-01;2;105820;BCO MERCANTIL DE INVESTIMENTOS S.A.;PNA;Preferencial Classe A;0;0.000000
35.082.277/0001-95;2021-01-01;3;109347;BASE SECURITIZADORA DE CR…DITOS IMOBILI¡RIOS S.A;PNA;Preferencial Classe A;0;0.000000
35.522.178/0001-87;2021-01-01;2;107190;CIA SECURITIZADORA DE CRED. FIN. CART’ES CONSIGNADOS II;PNA;Preferencial Classe A;0;0.000000
35.522.281/0001-27;2021-01-01;2;108873;COMPANHIA SECURITIZADORA DE CR…DITOS FINANCEIROS VERT-VIRTUS;PNA;Preferencial Classe A;0;0.000000
35.593.905/0001-05;2021-01-01;10;114769;CONCESSION¡RIA ECOVIAS DO CERRADO S.A.;PNA;Preferencial Classe A;0;0.000000
35.791.391/0001-94;2021-01-01;4;115465;QUALITY SOFTWARE S.A.;PNA;Preferencial Classe A;0;0.000000
36.729.398/0001-49;2021-01-01;2;106578;CIA. SEC. DE CR…DITOS FINANCEIROS VERT-PROVI II;PNA;Preferencial Classe A;0;0.000000
39.115.514/0001-28;2021-01-01;4;111561;RUMO MALHA OESTE S.A.;PNA;Preferencial Classe A;0;0.000000
40.885.785/0001-41;2021-01-01;1;106020;CIA. SECURITIZADORA DE CRED. FIN. VERT-UME;PNA;Preferencial Classe A;0;0.000000
40.885.785/0001-41;2021-03-31;2;110193;CIA. SECURITIZADORA DE CRED. FIN. VERT-UME;PNA;Preferencial Classe A;0;0.000000
41.335.131/0001-07;2021-01-01;1;106013;MOTTU I S.A;PNA;Preferencial Classe A;0;0.000000
41.335.131/0001-07;2021-04-01;2;110302;MOTTU I S.A;PNA;Preferencial Classe A;0;0.000000
41.508.382/0001-46;2021-07-01;3;113876;RODOVIAS DO BRASIL HOLDING S.A.;PNA;Preferencial Classe A;0;0.000000
41.534.746/0001-62;2021-05-01;1;103160;CERES SECURITIZADORA S/A;PNA;Preferencial Classe A;0;0.000000
41.534.746/0001-62;2021-07-01;2;108858;CERES SECURITIZADORA S/A;PNA;Preferencial Classe A;0;0.000000
41.534.746/0001-62;2021-09-01;1;108380;CERES SECURITIZADORA S/A;PNA;Preferencial Classe A;0;0.000000
42.150.391/0001-70;2021-01-01;10;114838;BRASKEM S.A.;PNA;Preferencial Classe A;264975728;76.791117
42.150.391/0001-70;2021-01-01;10;114838;BRASKEM S.A.;PNB;Preferencial Classe B;478790;100.000000
42.331.462/0001-31;2021-01-01;2;114354;EMBPAR PARTICIPA«’ES S/A;PNA;Preferencial Classe A;0;0.000000
45.987.245/0001-92;2021-01-01;11;115709;BIOMA EDUCA«√O S.A.;PNA;Preferencial Classe A;0;0.000000
46.119.855/0001-37;2021-01-01;5;109278;SOCIEDADE ABASTECIMENTO DE ¡GUA E SANEAMENTO S.A - SANASA;PNA;Preferencial Classe A;0;0.000000
47.509.120/0001-82;2021-01-01;4;114299;BRADESCO LEASING S.A. ARREND MERCANTIL;PNA;Preferencial Classe A;0;0.000000
49.263.189/0001-02;2021-01-01;5;113497;HELBOR EMPREENDIMENTOS S.A.;PNA;Preferencial Classe A;0;0.000000
51.928.174/0001-50;2021-01-01;3;114324;PLASCAR PARTICIPACOES INDUSTRIAIS S.A.;PNA;Preferencial Classe A;0;0.000000
52.548.435/0001-79;2021-01-01;5;114500;JSL S.A.;PNA;Preferencial Classe A;0;0.000000
56.643.018/0001-66;2021-01-01;3;112455;EUCATEX S.A. INDUSTRIA E COMERCIO;PNA;Preferencial Classe A;56134521;91.480000
56.720.428/0001-63;2021-01-01;6;113349;ROMI S.A.;PNA;Preferencial Classe A;0;0.000000
56.992.423/0001-90;2021-01-01;5;109021;BICICLETAS MONARK S.A.;PNA;Preferencial Classe A;0;0.000000
58.119.199/0001-51;2021-01-01;6;113746;ODONTOPREV S.A.;PNA;Preferencial Classe A;0;0.000000
59.418.806/0001-47;2021-01-01;10;114729;TRACK & FIELD CO S.A.;PNA;Preferencial Classe A;0;0.000000
59.789.545/0001-71;2021-01-01;3;114356;POLPAR S.A.;PNA;Preferencial Classe A;0;0.000000
60.476.884/0001-87;2021-01-01;3;114114;MAHLE METAL LEVE S.A.;PNA;Preferencial Classe A;0;0.000000
60.537.263/0001-66;2021-01-01;9;115609;ALLPARK EMPREENDIMENTOS, PARTICIPA«’ES E SERVI«OS S.A.;PNA;Preferencial Classe A;0;0.000000
60.637.238/0001-54;2021-01-01;13;111022;BLUE TECH SOLUTIONS EQI S.A.;PNA;Preferencial Classe A;13384380;79.310000
60.730.348/0001-66;2021-01-01;4;114197;CIA MELHORAMENTOS DE SAO PAULO;PNA;Preferencial Classe A;425497;55.020000
60.770.336/0001-65;2021-01-01;6;113581;BCO ALFA DE INVESTIMENTO S.A.;PNA;Preferencial Classe A;12754380;36.318169
60.840.055/0001-31;2021-01-01;8;115733;FLEURY S.A.;PNA;Preferencial Classe A;0;0.000000
60.851.615/0001-53;2021-01-01;3;114456;BARDELLA S.A. INDUSTRIAS MECANICAS EM RECUPERA«√O JUDICIAL;PNA;Preferencial Classe A;977179;79.440000
60.894.730/0001-05;2021-01-01;11;116029;USINAS SID DE MINAS GERAIS S.A.-USIMINAS;PNA;Preferencial Classe A;514680651;99.990000
60.894.730/0001-05;2021-01-01;11;116029;USINAS SID DE MINAS GERAIS S.A.-USIMINAS;PNB;Preferencial Classe B;66261;0.010000
61.082.004/0001-50;2021-01-01;4;110814;MANUFATURA DE BRINQUEDOS ESTRELA S.A.;PNA;Preferencial Classe A;538886;99.997402
61.088.894/0001-08;2021-01-01;3;114008;CAMBUCI S.A.;PNA;Preferencial Classe A;0;0.000000
61.156.113/0001-75;2021-01-01;12;115484;IOCHPE MAXION S.A.;PNA;Preferencial Classe A;0;0.000000
61.156.931/0001-78;2021-01-01;4;110462;ALIPERTI S.A.;PNA;Preferencial Classe A;0;0.000000
61.186.680/0001-74;2021-01-01;20;115526;BANCO BMG S/A;PNA;Preferencial Classe A;0;0.000000
61.486.650/0001-83;2021-01-01;21;114753;DIAGNOSTICOS DA AMERICA S.A.;PNA;Preferencial Classe A;0;0.000000
61.856.571/0001-17;2021-01-01;6;115638;CIA GAS DE SAO PAULO - COMGAS;PNA;Preferencial Classe A;975775;3.400000
62.002.886/0001-60;2021-01-01;15;114732;SAO PAULO TURISMO S.A.;PNA;Preferencial Classe A;44544;0.521355
62.002.886/0001-60;2021-01-01;15;114732;SAO PAULO TURISMO S.A.;PNB;Preferencial Classe B;62971;0.737029
62.144.175/0001-20;2021-01-01;10;115507;BCO PINE S.A;PNA;Preferencial Classe A;0;0.000000
62.232.889/0001-90;2021-01-01;4;115735;BCO DAYCOVAL S.A.;PNA;Preferencial Classe A;0;0.000000
65.654.303/0001-73;2021-01-01;7;114191;DIBENS LEASING S.A. - ARREND.MERCANTIL;PNA;Preferencial Classe A;0;0.000000
67.571.414/0001-41;2021-01-01;8;114278;VIVER INCORPORADORA E CONSTRUTORA S.A.;PNA;Preferencial Classe A;0;0.000000
67.620.377/0001-14;2021-01-01;13;114214;MINERVA S.A.;PNA;Preferencial Classe A;0;0.000000
71.208.516/0001-74;2021-01-01;3;111339;ALGAR TELECOM S/A;PNA;Preferencial Classe A;0;0.000000
76.483.817/0001-20;2021-01-01;9;114634;CIA PARANAENSE DE ENERGIA - COPEL;PNA;Preferencial Classe A;3128000;100.000000
76.483.817/0001-20;2021-01-01;9;114634;CIA PARANAENSE DE ENERGIA - COPEL;PNB;Preferencial Classe B;1563365506;93.094304
76.535.764/0001-43;2021-01-01;12;114704;OI S.A. - EM RECUPERA«√O JUDICIAL;PNA;Preferencial Classe A;0;0.000000
79.430.682/0001-22;2021-01-01;2;107118;FARM¡CIA E DROGARIA NISSEI S.A.;PNA;Preferencial Classe A;0;0.000000
81.243.735/0001-48;2021-01-01;11;115594;POSITIVO TECNOLOGIA S.A.;PNA;Preferencial Classe A;0;0.000000
82.508.433/0001-17;2021-01-01;8;112184;CIA CATARINENSE DE AGUAS E SANEAM.-CASAN;PNA;Preferencial Classe A;42977;0.010000
82.643.537/0001-34;2021-01-01;7;112790;ELECTRO ACO ALTONA S.A.;PNA;Preferencial Classe A;12750000;56.666667
83.475.913/0001-91;2021-01-01;5;115632;PBG S/A;PNA;Preferencial Classe A;0;0.000000
84.683.374/0001-49;2021-01-01;10;114686;TUPY S.A.;PNA;Preferencial Classe A;0;0.000000
84.683.408/0001-03;2021-01-01;2;109025;DOHLER S.A.;PNA;Preferencial Classe A;0;0.000000
84.693.183/0001-68;2021-01-01;5;113893;SCHULZ S.A.;PNU;Preferencial Classe U;174222168;85.118454
85.041.333/0001-11;2021-01-01;4;111414;PORTO PONTA DO FELIX S/A;PNA;Preferencial Classe A;0;0.000000
85.778.074/0001-06;2021-01-01;3;108733;METALURGICA RIOSULENSE S.A.;PNA;Preferencial Classe A;139898;100.000000
86.375.425/0001-09;2021-01-01;3;143700;METISA METALURGICA TIMBOENSE S.A.;PNA;Preferencial Classe A;0;0.000000
86.550.951/0001-50;2021-01-01;8;115692;POMIFRUTAS S/A EM RECUPERACAO JUDICIAL;PNA;Preferencial Classe A;0;0.000000
87.762.563/0001-03;2021-01-01;3;110475;CIA HABITASUL DE PARTICIPACOES;PNA;Preferencial Classe A;3826726;64.311000
88.613.658/0001-10;2021-06-30;3;110436;PETTENATI S.A. INDUSTRIA TEXTIL;PNA;Preferencial Classe A;31585060;100.000000
89.086.144/0001-16;2021-01-01;7;114094;RANDONCORP S.A.;PNA;Preferencial Classe A;0;0.000000
89.463.822/0001-12;2021-01-01;12;115661;LUPATECH S.A;PNA;Preferencial Classe A;0;0.000000
89.637.490/0001-45;2021-01-01;12;113697;KLABIN S.A.;PNA;Preferencial Classe A;0;0.000000
89.723.993/0001-33;2021-01-01;2;107607;CONSTRUTORA SULTEPA S.A. - EM RECUPERA«√O JUDICIAL;PNA;Preferencial Classe A;0;0.000000
90.441.460/0001-48;2021-01-01;5;114292;UNICASA IND⁄STRIA DE M”VEIS S.A.;PNA;Preferencial Classe A;0;0.000000
91.983.056/0001-69;2021-01-01;15;113909;KEPLER WEBER S.A.;PNA;Preferencial Classe A;0;0.000000
92.012.467/0001-70;2021-01-01;5;114083;GRAZZIOTIN S.A.;PNA;Preferencial Classe A;0;0.000000
92.660.570/0001-26;2021-01-01;2;114337;TREVISA INVESTIMENTOS S.A.;PNA;Preferencial Classe A;0;0.000000
92.693.019/0001-89;2021-01-01;3;114630;PANATLANTICA S.A.;PNA;Preferencial Classe A;0;0.000000
92.702.067/0001-96;2021-01-01;15;115728;BCO ESTADO DO RIO GRANDE DO SUL S.A.;PNA;Preferencial Classe A;621586;45.270000
92.702.067/0001-96;2021-01-01;15;115728;BCO ESTADO DO RIO GRANDE DO SUL S.A.;PNB;Preferencial Classe B;202535840;99.990000
92.715.812/0001-31;2021-01-01;10;115679;CPFL TRANSMISS√O S.A.;PNA;Preferencial Classe A;0;0.000000
92.754.738/0001-62;2021-01-01;13;114384;LOJAS RENNER S.A.;PNA;Preferencial Classe A;0;0.000000
92.802.784/0001-90;2021-01-01;3;110671;CIA RIOGRANDENSE DE SANEAMENTO;PNA;Preferencial Classe A;0;0.000000
92.934.215/0001-06;2021-01-01;5;113907;BANRISUL SOLU«’ES EM PAGAMENTOS S.A. - INSTITUI«√O DE PAGAME;PNA;Preferencial Classe A;0;0.000000
93.828.986/0001-73;2021-01-01;2;105741;CEMEPE INVESTIMENTOS S.A.;PNA;Preferencial Classe A;23246;65.127616
95.426.862/0001-97;2021-01-01;5;116779;EXCELSIOR ALIMENTOS S.A.;PNA;Preferencial Classe A;1506413;63.420000
96.298.013/0001-68;2021-01-01;7;113579;PACAEMBU CONSTRUTORA S.A.;PNA;Preferencial Classe A;0;0.000000
