CNPJ_Companhia;Data_Referencia;Versao;ID_Documento;Nome_Companhia;Posicao;Quantidade_Feminino;Quantidade_Masculino;Quantidade_Nao_Binario;Quantidade_Outros;Quantidade_Sem_Resposta
00.000.000/0001-91;2024-12-31;14;147862;BCO BRASIL S.A.;Liderança;3407;5884;9;17;22276
00.000.000/0001-91;2024-12-31;14;147862;BCO BRASIL S.A.;Năo-liderança;6710;7823;39;35;40020
00.000.208/0001-00;2024-12-31;18;148166;BRB BANCO DE BRASILIA S.A.;Liderança;166;258;2;1;306
00.000.208/0001-00;2024-12-31;18;148166;BRB BANCO DE BRASILIA S.A.;Năo-liderança;560;815;0;6;1262
00.001.180/0001-26;2024-12-31;22;147675;CENTRAIS ELET BRAS S.A. - ELETROBRAS;Liderança;161;535;0;0;0
00.001.180/0001-26;2024-12-31;22;147675;CENTRAIS ELET BRAS S.A. - ELETROBRAS;Năo-liderança;1314;6318;0;0;0
00.070.698/0001-11;2024-12-31;5;146836;COMPANHIA ENERGÉTICA DE BRASÍLIA - CEB;Liderança;10;20;0;0;0
00.070.698/0001-11;2024-12-31;5;146836;COMPANHIA ENERGÉTICA DE BRASÍLIA - CEB;Năo-liderança;20;32;0;0;0
00.080.671/0001-00;2024-12-31;7;145178;CARAMURU ALIMENTOS S.A.;Liderança;54;162;0;0;0
00.080.671/0001-00;2024-12-31;7;145178;CARAMURU ALIMENTOS S.A.;Năo-liderança;435;1780;0;0;0
00.194.724/0001-13;2024-12-31;5;142922;AUREN OPERAÇŐES S.A.;Liderança;30;75;0;0;0
00.194.724/0001-13;2024-12-31;5;142922;AUREN OPERAÇŐES S.A.;Năo-liderança;181;381;0;0;0
00.242.184/0001-04;2024-12-31;8;148164;ARMAC LOCAÇĂO, LOGÍSTICA E SERVIÇOS S.A.;Liderança;57;490;0;0;0
00.242.184/0001-04;2024-12-31;8;148164;ARMAC LOCAÇĂO, LOGÍSTICA E SERVIÇOS S.A.;Năo-liderança;471;4883;0;0;0
00.272.185/0001-93;2024-12-31;1;138318;CIMS S.A.;Liderança;0;0;0;0;1
00.272.185/0001-93;2024-12-31;1;138318;CIMS S.A.;Năo-liderança;0;0;0;0;1
00.336.701/0001-04;2024-12-31;4;147676;TELEC BRASILEIRAS S.A. TELEBRAS;Liderança;3;44;0;0;0
00.336.701/0001-04;2024-12-31;4;147676;TELEC BRASILEIRAS S.A. TELEBRAS;Năo-liderança;133;213;0;0;0
00.359.742/0001-08;2024-12-31;4;147979;FICTOR ALIMENTOS S.A.;Liderança;3;1;0;0;0
00.359.742/0001-08;2024-12-31;4;147979;FICTOR ALIMENTOS S.A.;Năo-liderança;16;3;0;0;0
00.383.281/0001-09;2024-12-31;7;146497;BNDES PARTICIPACOES S.A. - BNDESPAR;Liderança;18;39;0;0;0
00.383.281/0001-09;2024-12-31;7;146497;BNDES PARTICIPACOES S.A. - BNDESPAR;Năo-liderança;41;74;0;0;0
00.545.378/0001-70;2024-12-31;1;136101;SERRA AZUL WATER PARK SA;Liderança;26;32;0;0;0
00.545.378/0001-70;2024-12-31;1;136101;SERRA AZUL WATER PARK SA;Năo-liderança;278;169;0;0;0
00.622.416/0001-41;2024-12-31;1;138614;STATKRAFT ENERGIAS RENOVAVEIS S.A.;Liderança;18;37;0;0;0
00.622.416/0001-41;2024-12-31;1;138614;STATKRAFT ENERGIAS RENOVAVEIS S.A.;Năo-liderança;53;125;0;0;0
00.644.907/0001-93;2024-12-31;4;147196;INVESTCO S.A.;Liderança;1;4;0;0;0
00.644.907/0001-93;2024-12-31;4;147196;INVESTCO S.A.;Năo-liderança;14;47;0;0;0
00.743.065/0001-27;2024-12-31;5;147980;LITEL PARTICIPACOES S.A.;Liderança;0;0;0;0;0
00.743.065/0001-27;2024-12-31;5;147980;LITEL PARTICIPACOES S.A.;Năo-liderança;0;0;0;0;0
00.776.574/0001-56;2024-12-31;19;148226;AMERICANAS S.A. - EM RECUPERAÇĂO JUDICIAL;Liderança;4012;3181;0;0;0
00.776.574/0001-56;2024-12-31;19;148226;AMERICANAS S.A. - EM RECUPERAÇĂO JUDICIAL;Năo-liderança;13783;12985;0;0;0
00.864.214/0001-06;2024-12-31;18;148374;ENERGISA S.A.;Liderança;266;949;0;0;0
00.864.214/0001-06;2024-12-31;18;148374;ENERGISA S.A.;Năo-liderança;2967;12466;0;0;0
00.924.429/0001-75;2024-12-31;4;146688;FERROVIA CENTRO-ATLANTICA S.A.;Liderança;36;184;0;0;0
00.924.429/0001-75;2024-12-31;4;146688;FERROVIA CENTRO-ATLANTICA S.A.;Năo-liderança;577;4242;0;0;0
00.938.574/0001-05;2024-12-31;9;148146;CONC RIO-TERESOPOLIS S.A.;Liderança;3;3;0;0;0
00.938.574/0001-05;2024-12-31;9;148146;CONC RIO-TERESOPOLIS S.A.;Năo-liderança;10;15;0;0;0
01.027.058/0001-91;2024-12-31;16;148344;CIELO S.A. -  INSTITUIÇĂO DE PAGAMENTO;Liderança;304;464;0;0;0
01.027.058/0001-91;2024-12-31;16;148344;CIELO S.A. -  INSTITUIÇĂO DE PAGAMENTO;Năo-liderança;2184;3416;0;0;0
01.083.200/0001-18;2024-12-31;9;146731;NEOENERGIA S.A.;Liderança;406;789;0;0;0
01.083.200/0001-18;2024-12-31;9;146731;NEOENERGIA S.A.;Năo-liderança;2797;11701;0;0;0
01.104.937/0001-70;2024-12-31;7;148048;ELETROBRÁS PARTICIPAÇŐES S.A. - ELETROPAR;Liderança;1;0;0;0;0
01.104.937/0001-70;2024-12-31;7;148048;ELETROBRÁS PARTICIPAÇŐES S.A. - ELETROPAR;Năo-liderança;2;0;0;0;0
01.107.327/0001-20;2024-12-31;8;145245;BBM LOGÍSTICA S.A.;Liderança;99;300;0;0;0
01.107.327/0001-20;2024-12-31;8;145245;BBM LOGÍSTICA S.A.;Năo-liderança;881;4103;0;0;0
01.258.944/0001-26;2024-12-31;8;146737;RUMO MALHA SUL S.A.;Liderança;111;374;0;0;0
01.258.944/0001-26;2024-12-31;8;146737;RUMO MALHA SUL S.A.;Năo-liderança;856;6973;0;0;0
01.417.222/0001-77;2024-12-31;9;147744;MRS LOGISTICA S.A.;Liderança;90;289;0;0;0
01.417.222/0001-77;2024-12-31;9;147744;MRS LOGISTICA S.A.;Năo-liderança;989;5547;0;0;0
01.545.826/0001-07;2024-12-31;15;147220;GAFISA S.A.;Liderança;51;61;0;0;0
01.545.826/0001-07;2024-12-31;15;147220;GAFISA S.A.;Năo-liderança;105;175;0;0;0
01.548.981/0001-79;2024-12-31;5;146662;INVESTIMENTOS BEMGE S.A.;Liderança;0;0;0;0;0
01.548.981/0001-79;2024-12-31;5;146662;INVESTIMENTOS BEMGE S.A.;Năo-liderança;0;0;0;0;0
01.599.101/0001-93;2024-12-31;13;148110;SEQUOIA LOGÍSTICA E TRANSPORTES S.A.;Liderança;119;239;0;0;0
01.599.101/0001-93;2024-12-31;13;148110;SEQUOIA LOGÍSTICA E TRANSPORTES S.A.;Năo-liderança;1387;1118;0;0;0
01.637.895/0001-32;2024-12-31;5;143845;VOTORANTIM CIMENTOS S.A.;Liderança;211;725;0;0;0
01.637.895/0001-32;2024-12-31;5;143845;VOTORANTIM CIMENTOS S.A.;Năo-liderança;1201;6317;0;0;0
01.838.723/0001-27;2024-12-31;8;148266;BRF S.A.;Liderança;829;2199;0;0;0
01.838.723/0001-27;2024-12-31;8;148266;BRF S.A.;Năo-liderança;40530;53114;0;0;0
01.851.771/0001-55;2024-12-31;2;146912;524 PARTICIPACOES S.A.;Liderança;0;0;0;0;0
01.851.771/0001-55;2024-12-31;2;146912;524 PARTICIPACOES S.A.;Năo-liderança;0;0;0;0;0
01.896.779/0001-38;2024-12-31;3;143852;CSU DIGITAL S.A.;Liderança;199;165;0;0;0
01.896.779/0001-38;2024-12-31;3;143852;CSU DIGITAL S.A.;Năo-liderança;3067;1314;0;0;0
01.917.818/0001-36;2024-12-31;7;147381;LIGHT ENERGIA S.A.;Liderança;0;6;0;0;0
01.917.818/0001-36;2024-12-31;7;147381;LIGHT ENERGIA S.A.;Năo-liderança;11;179;0;0;0
01.938.783/0001-11;2024-12-31;7;147342;CIA PARTICIPACOES ALIANCA DA BAHIA;Liderança;1;6;0;0;0
01.938.783/0001-11;2024-12-31;7;147342;CIA PARTICIPACOES ALIANCA DA BAHIA;Năo-liderança;14;17;0;0;0
01.957.772/0001-89;2024-12-31;1;138563;SUL 116 PARTICIPACOES S.A.;Liderança;0;2;0;0;0
01.957.772/0001-89;2024-12-31;1;138563;SUL 116 PARTICIPACOES S.A.;Năo-liderança;1;2;0;0;0
01.989.044/0001-59;2024-12-31;2;138603;WTC RIO EMPREEND. E PARTICIPAÇŐES S.A.;Liderança;1;1;0;0;0
01.989.044/0001-59;2024-12-31;2;138603;WTC RIO EMPREEND. E PARTICIPAÇŐES S.A.;Năo-liderança;1;0;0;0;0
02.016.440/0001-62;2024-12-31;5;148097;RGE SUL DISTRIBUIDORA DE ENERGIA S.A.;Liderança;31;135;0;0;0
02.016.440/0001-62;2024-12-31;5;148097;RGE SUL DISTRIBUIDORA DE ENERGIA S.A.;Năo-liderança;583;3299;0;0;0
02.062.747/0001-08;2024-12-31;3;146921;SUDESTE S.A.;Liderança;0;0;0;0;0
02.062.747/0001-08;2024-12-31;3;146921;SUDESTE S.A.;Năo-liderança;0;0;0;0;0
02.149.205/0001-69;2024-12-31;7;148229;PORTO SEGURO S.A.;Liderança;581;734;0;0;0
02.149.205/0001-69;2024-12-31;7;148229;PORTO SEGURO S.A.;Năo-liderança;7082;4940;15;0;2
02.162.616/0001-94;2024-12-31;2;143703;UPTICK PARTICIPACOES S.A. - EM LIQUIDAÇĂO;Liderança;0;0;0;0;0
02.162.616/0001-94;2024-12-31;2;143703;UPTICK PARTICIPACOES S.A. - EM LIQUIDAÇĂO;Năo-liderança;0;0;0;0;0
02.193.750/0001-52;2024-12-31;8;148298;DEXXOS PARTICIPAÇŐES S.A.;Liderança;16;66;0;0;0
02.193.750/0001-52;2024-12-31;8;148298;DEXXOS PARTICIPAÇŐES S.A.;Năo-liderança;103;590;0;0;0
02.217.319/0001-07;2024-12-31;11;145166;YBYRÁ CAPITAL S.A.;Liderança;2;3;0;0;0
02.217.319/0001-07;2024-12-31;11;145166;YBYRÁ CAPITAL S.A.;Năo-liderança;0;1;0;0;0
02.255.187/0001-08;2024-12-31;10;146862;UNIFIQUE TELECOMUNICAÇŐES S.A.;Liderança;69;122;0;6;59
02.255.187/0001-08;2024-12-31;10;146862;UNIFIQUE TELECOMUNICAÇŐES S.A.;Năo-liderança;330;313;5;47;958
02.258.422/0001-97;2024-12-31;1;137781;INEPAR EQUIPAMENTOS E MONTAGENS S/A - EM RECUPERACAO JUDICIA;Liderança;0;1;0;0;0
02.258.422/0001-97;2024-12-31;1;137781;INEPAR EQUIPAMENTOS E MONTAGENS S/A - EM RECUPERACAO JUDICIA;Năo-liderança;0;5;0;0;0
02.291.077/0001-93;2024-12-31;2;143456;PRODUTORES ENERGET.DE MANSO S.A.- PROMAN;Liderança;0;0;0;0;0
02.291.077/0001-93;2024-12-31;2;143456;PRODUTORES ENERGET.DE MANSO S.A.- PROMAN;Năo-liderança;0;0;0;0;0
02.302.101/0001-42;2024-12-31;19;148027;EMAE - EMPRESA METROP. DE AGUAS E ENERGIA S.A.;Liderança;13;46;0;0;0
02.302.101/0001-42;2024-12-31;19;148027;EMAE - EMPRESA METROP. DE AGUAS E ENERGIA S.A.;Năo-liderança;25;292;0;0;0
02.328.280/0001-97;2024-12-31;5;146412;ELEKTRO REDES S.A.;Liderança;88;189;0;0;0
02.328.280/0001-97;2024-12-31;5;146412;ELEKTRO REDES S.A.;Năo-liderança;587;3055;0;0;0
02.338.534/0001-58;2024-12-31;5;146621;LONGDIS S.A.;Liderança;0;0;0;0;0
02.338.534/0001-58;2024-12-31;5;146621;LONGDIS S.A.;Năo-liderança;0;0;0;0;0
02.351.144/0001-18;2024-12-31;12;146375;TEGMA GESTAO LOGISTICA S.A.;Liderança;31;192;0;0;0
02.351.144/0001-18;2024-12-31;12;146375;TEGMA GESTAO LOGISTICA S.A.;Năo-liderança;325;1203;0;2;7
02.351.877/0001-52;2024-12-31;11;146783;LWSA S/A;Liderança;225;372;0;0;0
02.351.877/0001-52;2024-12-31;11;146783;LWSA S/A;Năo-liderança;1302;1947;0;0;0
02.357.251/0001-53;2024-12-31;2;144295;LIFEMED INDUSTRIAL DE EQUIP. E ART. MEDICOS E HOSP. S.A;Liderança;11;29;0;0;0
02.357.251/0001-53;2024-12-31;2;144295;LIFEMED INDUSTRIAL DE EQUIP. E ART. MEDICOS E HOSP. S.A;Năo-liderança;249;132;0;0;0
02.365.069/0001-44;2024-12-31;5;147399;PADTEC HOLDING S.A.;Liderança;0;0;0;0;0
02.365.069/0001-44;2024-12-31;5;147399;PADTEC HOLDING S.A.;Năo-liderança;0;0;0;0;0
02.387.241/0001-60;2024-12-31;16;146854;RUMO S.A.;Liderança;137;395;0;0;0
02.387.241/0001-60;2024-12-31;16;146854;RUMO S.A.;Năo-liderança;957;6736;0;0;0
02.397.080/0001-96;2024-12-31;4;146632;ITAPEBI GERACAO DE ENERGIA S.A.;Liderança;16;26;0;0;0
02.397.080/0001-96;2024-12-31;4;146632;ITAPEBI GERACAO DE ENERGIA S.A.;Năo-liderança;28;38;0;0;0
02.421.421/0001-11;2024-12-31;6;146225;TIM S.A.;Liderança;317;558;0;0;0
02.421.421/0001-11;2024-12-31;6;146225;TIM S.A.;Năo-liderança;4566;4189;0;0;0
02.429.144/0001-93;2024-12-31;5;148068;CPFL ENERGIA S.A.;Liderança;210;745;0;0;0
02.429.144/0001-93;2024-12-31;5;148068;CPFL ENERGIA S.A.;Năo-liderança;3139;12113;0;0;0
02.474.103/0001-19;2024-12-31;11;147971;ENGIE BRASIL ENERGIA S.A.;Liderança;42;199;0;0;0
02.474.103/0001-19;2024-12-31;11;147971;ENGIE BRASIL ENERGIA S.A.;Năo-liderança;281;577;0;0;0
02.502.844/0001-66;2024-12-31;12;146229;RUMO MALHA PAULISTA S.A.;Liderança;111;374;0;0;0
02.502.844/0001-66;2024-12-31;12;146229;RUMO MALHA PAULISTA S.A.;Năo-liderança;856;6973;0;0;0
02.536.066/0001-26;2024-12-31;7;148271;VITAL ENGENHARIA AMBIENTAL S.A.;Liderança;21;151;0;0;0
02.536.066/0001-26;2024-12-31;7;148271;VITAL ENGENHARIA AMBIENTAL S.A.;Năo-liderança;919;11206;0;0;0
02.558.157/0001-62;2024-12-31;7;147290;TELEFÔNICA BRASIL S.A;Liderança;1492;2727;0;0;0
02.558.157/0001-62;2024-12-31;7;147290;TELEFÔNICA BRASIL S.A;Năo-liderança;13345;15689;0;0;0
02.591.787/0001-39;2024-12-31;3;144580;CAPITALPART PARTICIPACOES S.A.;Liderança;0;1;0;0;0
02.591.787/0001-39;2024-12-31;3;144580;CAPITALPART PARTICIPACOES S.A.;Năo-liderança;0;2;0;0;0
02.635.522/0001-95;2024-03-31;14;139950;JALLES MACHADO S.A.;Liderança;52;363;0;0;55
02.635.522/0001-95;2024-03-31;14;139950;JALLES MACHADO S.A.;Năo-liderança;983;3510;1;5;470
02.664.042/0001-52;2024-12-31;2;146730;TERMINAL GARAGEM MENEZES CORTES S.A.;Liderança;1;4;0;0;0
02.664.042/0001-52;2024-12-31;2;146730;TERMINAL GARAGEM MENEZES CORTES S.A.;Năo-liderança;14;28;0;0;0
02.762.121/0001-04;2024-12-31;12;147629;SANTOS BRASIL PARTICIPACOES S.A.;Liderança;58;242;0;0;0
02.762.121/0001-04;2024-12-31;12;147629;SANTOS BRASIL PARTICIPACOES S.A.;Năo-liderança;469;2503;0;0;0
02.762.124/0001-30;2024-12-31;2;146913;BETAPART PARTICIPACOES S.A.;Liderança;0;0;0;0;0
02.762.124/0001-30;2024-12-31;2;146913;BETAPART PARTICIPACOES S.A.;Năo-liderança;0;0;0;0;0
02.796.775/0001-40;2024-12-31;2;146914;GAMA PARTICIPACOES S.A.;Liderança;0;0;0;0;0
02.796.775/0001-40;2024-12-31;2;146914;GAMA PARTICIPACOES S.A.;Năo-liderança;0;0;0;0;0
02.800.026/0001-40;2024-12-31;15;146749;COGNA EDUCAÇĂO S.A.;Liderança;1034;861;0;0;0
02.800.026/0001-40;2024-12-31;15;146749;COGNA EDUCAÇĂO S.A.;Năo-liderança;13884;7774;0;0;0
02.846.056/0001-97;2024-12-31;15;146830;MOTIVA INFRAESTRUTURA DE MOBILIDADE S.A.;Liderança;460;735;1;0;866
02.846.056/0001-97;2024-12-31;15;146830;MOTIVA INFRAESTRUTURA DE MOBILIDADE S.A.;Năo-liderança;3002;4482;25;0;8158
02.860.694/0001-62;2024-12-31;10;148128;T4F ENTRETENIMENTO S.A.;Liderança;8;6;0;0;0
02.860.694/0001-62;2024-12-31;10;148128;T4F ENTRETENIMENTO S.A.;Năo-liderança;37;37;0;0;0
02.916.265/0001-60;2024-12-31;19;148263;JBS S.A.;Liderança;4804;10587;0;0;156
02.916.265/0001-60;2024-12-31;19;148263;JBS S.A.;Năo-liderança;104194;152998;2;8;1134
02.932.074/0001-91;2024-12-31;17;147121;HYPERA S.A.;Liderança;518;774;0;0;0
02.932.074/0001-91;2024-12-31;17;147121;HYPERA S.A.;Năo-liderança;4787;4222;0;0;0
02.950.811/0001-89;2024-12-31;26;148232;PDG REALTY S.A. EMPREEND E PARTICIPACOES;Liderança;23;24;0;0;0
02.950.811/0001-89;2024-12-31;26;148232;PDG REALTY S.A. EMPREEND E PARTICIPACOES;Năo-liderança;64;34;0;0;0
02.992.449/0001-09;2024-12-31;2;146923;PROMPT PARTICIPACOES S.A.;Liderança;0;0;0;0;0
02.992.449/0001-09;2024-12-31;2;146923;PROMPT PARTICIPACOES S.A.;Năo-liderança;0;0;0;0;0
02.998.301/0001-81;2024-12-31;5;147538;RIO PARANAPANEMA ENERGIA S.A.;Liderança;1;24;0;0;0
02.998.301/0001-81;2024-12-31;5;147538;RIO PARANAPANEMA ENERGIA S.A.;Năo-liderança;33;206;0;0;0
02.998.611/0001-04;2024-12-31;16;147461;ISA ENERGIA BRASIL;Liderança;29;92;0;0;0
02.998.611/0001-04;2024-12-31;16;147461;ISA ENERGIA BRASIL;Năo-liderança;248;1237;0;0;0
03.014.553/0001-91;2024-12-31;6;147880;TPI - TRIUNFO PARTICIP. E INVEST. S.A.;Liderança;3;24;0;0;0
03.014.553/0001-91;2024-12-31;6;147880;TPI - TRIUNFO PARTICIP. E INVEST. S.A.;Năo-liderança;11;19;0;0;0
03.025.305/0001-46;2024-12-31;3;142415;RODOVIAS DAS COLINAS S.A.;Liderança;0;0;0;0;0
03.025.305/0001-46;2024-12-31;3;142415;RODOVIAS DAS COLINAS S.A.;Năo-liderança;0;0;0;0;0
03.220.438/0001-73;2024-12-31;37;148115;EQUATORIAL S.A.;Liderança;170;553;0;0;0
03.220.438/0001-73;2024-12-31;37;148115;EQUATORIAL S.A.;Năo-liderança;2771;4399;0;0;0
03.303.999/0001-36;2024-12-31;2;144951;DTCOM - DIRECT TO COMPANY S.A.;Liderança;1;4;0;0;0
03.303.999/0001-36;2024-12-31;2;144951;DTCOM - DIRECT TO COMPANY S.A.;Năo-liderança;26;9;0;0;0
03.342.704/0001-30;2024-12-31;18;147420;PETRORECÔNCAVO S.A.;Liderança;26;175;0;0;0
03.342.704/0001-30;2024-12-31;18;147420;PETRORECÔNCAVO S.A.;Năo-liderança;260;1103;0;0;0
03.378.521/0001-75;2024-12-31;15;148162;LIGHT S.A. - EM RECUPERAÇĂO JUDICIAL;Liderança;41;121;0;0;0
03.378.521/0001-75;2024-12-31;15;148162;LIGHT S.A. - EM RECUPERAÇĂO JUDICIAL;Năo-liderança;788;3589;0;0;0
03.467.321/0001-99;2024-12-31;9;148376;ENERGISA MATO GROSSO-DISTRIBUIDORA DE ENERGIA S/A;Liderança;25;117;0;0;0
03.467.321/0001-99;2024-12-31;9;148376;ENERGISA MATO GROSSO-DISTRIBUIDORA DE ENERGIA S/A;Năo-liderança;343;2019;0;0;0
03.758.318/0001-24;2024-12-31;8;147998;INVESTIMENTOS E PARTICIP. EM INFRA S.A. - INVEPAR;Liderança;53;139;0;0;0
03.758.318/0001-24;2024-12-31;8;147998;INVESTIMENTOS E PARTICIP. EM INFRA S.A. - INVEPAR;Năo-liderança;760;1266;0;0;0
03.795.050/0001-09;2024-12-31;4;146639;TERMOPERNAMBUCO S.A.;Liderança;3;7;0;0;0
03.795.050/0001-09;2024-12-31;4;146639;TERMOPERNAMBUCO S.A.;Năo-liderança;11;44;0;0;0
03.802.115/0001-98;2024-12-31;9;146514;CLEAR SALE S.A.;Liderança;117;173;1;0;0
03.802.115/0001-98;2024-12-31;9;146514;CLEAR SALE S.A.;Năo-liderança;1109;726;5;2;0
03.847.461/0001-92;2024-12-31;9;147597;BRADESPAR S.A.;Liderança;0;0;0;0;0
03.847.461/0001-92;2024-12-31;9;147597;BRADESPAR S.A.;Năo-liderança;0;0;0;0;0
03.853.896/0001-40;2024-12-31;15;148261;MARFRIG GLOBAL FOODS S.A.;Liderança;533;2135;0;0;0
03.853.896/0001-40;2024-12-31;15;148261;MARFRIG GLOBAL FOODS S.A.;Năo-liderança;9428;20815;0;0;0
03.953.509/0001-47;2024-12-31;8;148425;CPFL GERACAO DE ENERGIA S.A.;Liderança;23;109;0;0;0
03.953.509/0001-47;2024-12-31;8;148425;CPFL GERACAO DE ENERGIA S.A.;Năo-liderança;138;448;0;0;0
03.983.431/0001-03;2024-12-31;3;146447;EDP - ENERGIAS DO BRASIL S.A.;Liderança;0;0;0;0;0
03.983.431/0001-03;2024-12-31;3;146447;EDP - ENERGIAS DO BRASIL S.A.;Năo-liderança;0;0;0;0;0
04.030.182/0001-02;2024-12-31;2;146826;CABINDA PARTICIPACOES S.A.;Liderança;0;0;0;0;0
04.030.182/0001-02;2024-12-31;2;146826;CABINDA PARTICIPACOES S.A.;Năo-liderança;0;0;0;0;0
04.031.213/0001-31;2024-12-31;2;146827;CACONDE PARTICIPACOES S.A.;Liderança;0;0;0;0;0
04.031.213/0001-31;2024-12-31;2;146827;CACONDE PARTICIPACOES S.A.;Năo-liderança;0;0;0;0;0
04.032.433/0001-80;2024-12-31;3;148042;CONTAX PARTICIPAÇŐES S.A. - EM RECUPERAÇĂO JUDICIAL;Liderança;218;269;2;8;0
04.032.433/0001-80;2024-12-31;3;148042;CONTAX PARTICIPAÇŐES S.A. - EM RECUPERAÇĂO JUDICIAL;Năo-liderança;6116;2351;41;102;0
04.038.763/0001-82;2024-12-31;2;146829;CAIANDA PARTICIPACOES S.A.;Liderança;0;0;0;0;0
04.038.763/0001-82;2024-12-31;2;146829;CAIANDA PARTICIPACOES S.A.;Năo-liderança;0;0;0;0;0
04.065.053/0001-41;2024-12-31;2;140256;BRZ EMPREENDIMENTOS E CONSTRUÇŐES S.A.;Liderança;35;67;0;0;0
04.065.053/0001-41;2024-12-31;2;140256;BRZ EMPREENDIMENTOS E CONSTRUÇŐES S.A.;Năo-liderança;311;495;1;0;0
04.069.709/0001-02;2024-12-31;4;146874;BIONEXO S.A.;Liderança;24;42;0;0;0
04.069.709/0001-02;2024-12-31;4;146874;BIONEXO S.A.;Năo-liderança;180;220;0;0;0
04.089.570/0001-50;2024-12-31;5;147280;ÁGUAS GUARIROBA S.A;Liderança;0;0;0;0;0
04.089.570/0001-50;2024-12-31;5;147280;ÁGUAS GUARIROBA S.A;Năo-liderança;0;0;0;0;0
04.149.454/0001-80;2024-12-31;7;148018;ECORODOVIAS INFRAESTRUTURA E LOGÍSTICA S.A.;Liderança;102;263;0;0;0
04.149.454/0001-80;2024-12-31;7;148018;ECORODOVIAS INFRAESTRUTURA E LOGÍSTICA S.A.;Năo-liderança;2775;2310;0;0;0
04.172.213/0001-51;2024-12-31;7;148096;CIA PIRATININGA DE FORCA E LUZ;Liderança;28;84;0;0;0
04.172.213/0001-51;2024-12-31;7;148096;CIA PIRATININGA DE FORCA E LUZ;Năo-liderança;285;1082;0;0;0
04.212.396/0001-91;2024-12-31;5;144318;VOKE S.A.;Liderança;79;97;0;0;0
04.212.396/0001-91;2024-12-31;5;144318;VOKE S.A.;Năo-liderança;231;295;0;0;0
04.368.898/0001-06;2024-12-31;9;144291;COPEL DISTRIBUIÇĂO S.A.;Liderança;44;198;0;0;0
04.368.898/0001-06;2024-12-31;9;144291;COPEL DISTRIBUIÇĂO S.A.;Năo-liderança;835;3126;0;0;0
04.423.567/0001-21;2024-12-31;14;148217;ENEVA S.A;Liderança;58;247;0;0;0
04.423.567/0001-21;2024-12-31;14;148217;ENEVA S.A;Năo-liderança;305;941;0;0;0
04.601.397/0001-28;2024-12-31;10;148231;BRISANET SERVIÇOS DE TELECOMUNICAÇŐES S.A.;Liderança;178;556;0;0;0
04.601.397/0001-28;2024-12-31;10;148231;BRISANET SERVIÇOS DE TELECOMUNICAÇŐES S.A.;Năo-liderança;1803;5047;0;0;0
04.752.991/0001-10;2024-12-31;9;147350;BIOMM S.A.;Liderança;16;21;0;0;0
04.752.991/0001-10;2024-12-31;9;147350;BIOMM S.A.;Năo-liderança;48;62;1;0;0
04.821.041/0001-08;2024-12-31;11;147782;METALFRIO SOLUTIONS S.A.;Liderança;24;93;0;2;0
04.821.041/0001-08;2024-12-31;11;147782;METALFRIO SOLUTIONS S.A.;Năo-liderança;336;681;0;30;0
04.895.728/0001-80;2024-12-31;12;148125;EQUATORIAL PARÁ DISTRIBUIDORA DE ENERGIA S.A.;Liderança;21;114;0;0;0
04.895.728/0001-80;2024-12-31;12;148125;EQUATORIAL PARÁ DISTRIBUIDORA DE ENERGIA S.A.;Năo-liderança;360;813;1;0;1
04.902.979/0001-44;2024-12-31;10;147293;BCO AMAZONIA S.A.;Liderança;218;378;0;0;0
04.902.979/0001-44;2024-12-31;10;147293;BCO AMAZONIA S.A.;Năo-liderança;796;1443;0;0;0
04.912.242/0001-02;2024-12-31;1;137786;PORTUENSE FERRAGENS S/A;Liderança;1;2;0;0;0
04.912.242/0001-02;2024-12-31;1;137786;PORTUENSE FERRAGENS S/A;Năo-liderança;5;3;0;0;0
04.913.711/0001-08;2024-12-31;6;147367;BCO ESTADO DO PARA S.A.;Liderança;338;463;0;0;0
04.913.711/0001-08;2024-12-31;6;147367;BCO ESTADO DO PARA S.A.;Năo-liderança;752;1024;0;4;0
04.972.092/0001-22;2024-12-31;5;144510;GRUPO FARTURA DE HORTIFRUT S.A.;Liderança;130;515;0;0;0
04.972.092/0001-22;2024-12-31;5;144510;GRUPO FARTURA DE HORTIFRUT S.A.;Năo-liderança;3176;4463;0;0;0
04.986.320/0001-13;2024-12-31;20;148036;SER EDUCACIONAL S.A.;Liderança;713;476;0;3;1
04.986.320/0001-13;2024-12-31;20;148036;SER EDUCACIONAL S.A.;Năo-liderança;3841;2684;12;14;18
04.992.714/0001-84;2024-12-31;11;146848;NOVA TRANSPORTADORA DO SUDESTE S.A. - NTS;Liderança;10;37;0;0;0
04.992.714/0001-84;2024-12-31;11;146848;NOVA TRANSPORTADORA DO SUDESTE S.A. - NTS;Năo-liderança;66;150;0;0;0
05.197.443/0001-38;2024-12-31;11;148132;HAPVIDA PARTICIPAÇŐES E INVESTIMENTOS S.A.;Liderança;2680;1230;0;0;0
05.197.443/0001-38;2024-12-31;11;148132;HAPVIDA PARTICIPAÇŐES E INVESTIMENTOS S.A.;Năo-liderança;49979;16301;0;0;0
05.303.439/0001-07;2024-12-31;3;146452;UNIGEL PARTICIPAÇŐES S.A.;Liderança;36;120;0;0;0
05.303.439/0001-07;2024-12-31;3;146452;UNIGEL PARTICIPAÇŐES S.A.;Năo-liderança;255;1217;0;0;0
05.347.060/0001-07;2024-12-31;2;138730;INTERPLAYERS SOLUÇŐES INTEGRADAS S.A.;Liderança;105;78;0;0;0
05.347.060/0001-07;2024-12-31;2;138730;INTERPLAYERS SOLUÇŐES INTEGRADAS S.A.;Năo-liderança;522;322;0;0;0
05.878.397/0001-32;2024-12-31;16;148218;ALLOS S.A.;Liderança;450;774;0;0;15
05.878.397/0001-32;2024-12-31;16;148218;ALLOS S.A.;Năo-liderança;1872;1957;0;0;90
05.917.486/0001-40;2024-12-31;4;146998;LIVETECH DA BAHIA INDÚSTRIA E COMÉRCIO S.A.;Liderança;14;28;0;0;0
05.917.486/0001-40;2024-12-31;4;146998;LIVETECH DA BAHIA INDÚSTRIA E COMÉRCIO S.A.;Năo-liderança;99;136;0;0;0
06.047.087/0001-39;2024-12-31;10;147426;REDE D'OR SĂO LUIZ S.A.;Liderança;200;106;0;0;0
06.047.087/0001-39;2024-12-31;10;147426;REDE D'OR SĂO LUIZ S.A.;Năo-liderança;53735;17809;0;0;0
06.057.223/0001-71;2024-12-31;24;147799;SENDAS DISTRIBUIDORA S.A.;Liderança;3143;4421;0;0;0
06.057.223/0001-71;2024-12-31;24;147799;SENDAS DISTRIBUIDORA S.A.;Năo-liderança;36227;36586;0;0;0
06.164.253/0001-87;2024-12-31;12;148193;GOL LINHAS AEREAS INTELIGENTES S.A.;Liderança;166;290;0;0;0
06.164.253/0001-87;2024-12-31;12;148193;GOL LINHAS AEREAS INTELIGENTES S.A.;Năo-liderança;5982;7873;0;0;0
06.272.793/0001-84;2024-12-31;14;148124;EQUATORIAL MARANHĂO DISTRIBUIDORA DE ENERGIA S.A.;Liderança;48;161;0;0;0
06.272.793/0001-84;2024-12-31;14;148124;EQUATORIAL MARANHĂO DISTRIBUIDORA DE ENERGIA S.A.;Năo-liderança;423;867;0;0;0
06.626.253/0001-51;2024-12-31;10;147195;EMPREENDIMENTOS PAGUE MENOS S.A.;Liderança;1540;970;0;0;0
06.626.253/0001-51;2024-12-31;10;147195;EMPREENDIMENTOS PAGUE MENOS S.A.;Năo-liderança;13749;9371;0;0;0
06.981.176/0001-58;2024-12-31;14;148062;CEMIG GERACAO E TRANSMISSAO S.A.;Liderança;0;0;0;0;0
06.981.176/0001-58;2024-12-31;14;148062;CEMIG GERACAO E TRANSMISSAO S.A.;Năo-liderança;0;0;0;0;0
06.981.180/0001-16;2024-12-31;20;148064;CEMIG DISTRIBUICAO S.A.;Liderança;0;0;0;0;0
06.981.180/0001-16;2024-12-31;20;148064;CEMIG DISTRIBUICAO S.A.;Năo-liderança;0;0;0;0;0
06.981.381/0001-13;2024-03-31;11;141302;CTC - CENTRO DE TECNOLOGIA CANAVIEIRA S.A.;Liderança;0;0;0;0;83
06.981.381/0001-13;2024-03-31;11;141302;CTC - CENTRO DE TECNOLOGIA CANAVIEIRA S.A.;Năo-liderança;0;0;0;0;387
07.040.108/0001-57;2024-12-31;8;147763;CAGECE - CIA DE AGUA E ESGOTO DO CEARA;Liderança;184;232;0;0;0
07.040.108/0001-57;2024-12-31;8;147763;CAGECE - CIA DE AGUA E ESGOTO DO CEARA;Năo-liderança;243;503;0;0;0
07.043.628/0001-13;2024-12-31;3;146617;CLARO TELECOM PARTICIPAÇŐES S.A.;Liderança;0;0;0;0;1
07.043.628/0001-13;2024-12-31;3;146617;CLARO TELECOM PARTICIPAÇŐES S.A.;Năo-liderança;0;0;0;0;1
07.047.251/0001-70;2024-12-31;15;147356;CIA ENERGETICA DO CEARA - COELCE;Liderança;19;83;0;0;0
07.047.251/0001-70;2024-12-31;15;147356;CIA ENERGETICA DO CEARA - COELCE;Năo-liderança;245;1131;0;0;0
07.206.816/0001-15;2024-12-31;6;146235;M.DIAS BRANCO S.A. IND COM DE ALIMENTOS;Liderança;382;1130;0;0;0
07.206.816/0001-15;2024-12-31;6;146235;M.DIAS BRANCO S.A. IND COM DE ALIMENTOS;Năo-liderança;4411;10757;0;0;0
07.237.373/0001-20;2024-12-31;16;148203;BCO NORDESTE DO BRASIL S.A.;Liderança;727;2098;0;0;0
07.237.373/0001-20;2024-12-31;16;148203;BCO NORDESTE DO BRASIL S.A.;Năo-liderança;1436;2418;0;0;0
07.253.321/0001-47;2024-12-31;1;138042;CARBOMIL SA MINER. E INDUSTRIA;Liderança;0;4;0;0;0
07.253.321/0001-47;2024-12-31;1;138042;CARBOMIL SA MINER. E INDUSTRIA;Năo-liderança;0;10;0;0;0
07.275.159/0001-68;2024-12-31;1;137398;PETROLEO LUB DO NORDESTE SA;Liderança;0;1;0;0;0
07.275.159/0001-68;2024-12-31;1;137398;PETROLEO LUB DO NORDESTE SA;Năo-liderança;0;1;0;0;0
07.334.600/0001-35;2024-12-31;1;137748;MARINA DE IRACEMA PARK SA;Liderança;0;0;0;0;2
07.334.600/0001-35;2024-12-31;1;137748;MARINA DE IRACEMA PARK SA;Năo-liderança;0;0;0;0;202
07.415.333/0001-20;2024-12-31;7;147447;SIMPAR S.A.;Liderança;776;1989;0;0;0
07.415.333/0001-20;2024-12-31;7;147447;SIMPAR S.A.;Năo-liderança;8502;31599;0;0;0
07.526.557/0001-00;2024-12-31;7;147076;AMBEV S.A.;Liderança;1892;2626;6;0;2024
07.526.557/0001-00;2024-12-31;7;147076;AMBEV S.A.;Năo-liderança;2484;8988;3;18;6982
07.594.978/0001-78;2024-12-31;11;148150;SMARTFIT ESCOLA DE GINÁSTICA E DANÇA S.A.;Liderança;262;351;2;4;117
07.594.978/0001-78;2024-12-31;11;148150;SMARTFIT ESCOLA DE GINÁSTICA E DANÇA S.A.;Năo-liderança;1966;2541;17;20;3058
07.628.528/0001-59;2024-06-30;8;143078;BRASILAGRO - CIA BRAS DE PROP AGRICOLAS;Liderança;12;44;0;1;0
07.628.528/0001-59;2024-06-30;8;143078;BRASILAGRO - CIA BRAS DE PROP AGRICOLAS;Năo-liderança;50;55;0;4;0
07.689.002/0001-89;2024-12-31;9;147260;EMBRAER S.A.;Liderança;164;827;0;0;0
07.689.002/0001-89;2024-12-31;9;147260;EMBRAER S.A.;Năo-liderança;3340;14220;0;0;21
07.704.246/0001-93;2024-12-31;1;138537;DATORA PARTICIPAÇŐES E SERVIÇOS S.A.;Liderança;25;57;0;0;0
07.704.246/0001-93;2024-12-31;1;138537;DATORA PARTICIPAÇŐES E SERVIÇOS S.A.;Năo-liderança;76;119;0;0;0
07.714.104/0001-07;2024-12-31;11;146877;GIGA MAIS FIBRA TELECOMUNICAÇŐES S.A.;Liderança;118;262;0;1;31
07.714.104/0001-07;2024-12-31;11;146877;GIGA MAIS FIBRA TELECOMUNICAÇŐES S.A.;Năo-liderança;1673;2538;14;29;374
07.718.269/0001-57;2024-12-31;2;147602;SPRINGS GLOBAL PARTICIPACOES S.A.;Liderança;0;9;0;0;0
07.718.269/0001-57;2024-12-31;2;147602;SPRINGS GLOBAL PARTICIPACOES S.A.;Năo-liderança;0;0;0;0;1
07.816.890/0001-53;2024-12-31;12;148264;MULTIPLAN - EMPREEND IMOBILIARIOS S.A.;Liderança;19;30;0;0;0
07.816.890/0001-53;2024-12-31;12;148264;MULTIPLAN - EMPREEND IMOBILIARIOS S.A.;Năo-liderança;151;175;0;0;0
07.820.907/0001-46;2024-12-31;6;143814;FICA EMPREENDIMENTOS IMOBILIÁRIOS S.A.;Liderança;2;0;0;0;0
07.820.907/0001-46;2024-12-31;6;143814;FICA EMPREENDIMENTOS IMOBILIÁRIOS S.A.;Năo-liderança;1;0;0;0;0
07.857.093/0001-14;2024-12-31;8;145923;AURA MINERALS INC.;Liderança;46;219;0;0;0
07.857.093/0001-14;2024-12-31;8;145923;AURA MINERALS INC.;Năo-liderança;197;796;0;0;0
07.857.850/0001-50;2024-12-31;5;146907;GP INVESTMENTS, LTD.;Liderança;3;7;0;0;0
07.857.850/0001-50;2024-12-31;5;146907;GP INVESTMENTS, LTD.;Năo-liderança;9;17;0;0;0
07.859.971/0001-30;2024-12-31;14;151747;TRANSMISSORA ALIANÇA DE ENERGIA ELÉTRICA S.A.;Liderança;23;67;0;0;0
07.859.971/0001-30;2024-12-31;14;151747;TRANSMISSORA ALIANÇA DE ENERGIA ELÉTRICA S.A.;Năo-liderança;149;612;0;0;0
07.882.930/0001-65;2024-12-31;4;148334;MITRE REALTY EMPREENDIMENTOS E PARTICIPAÇŐES S.A.;Liderança;38;29;0;0;0
07.882.930/0001-65;2024-12-31;4;148334;MITRE REALTY EMPREENDIMENTOS E PARTICIPAÇŐES S.A.;Năo-liderança;134;341;0;0;0
07.976.147/0001-60;2024-12-31;7;144155;MOVIDA LOCAÇĂO DE VEÍCULOS S.A.;Liderança;259;359;0;0;0
07.976.147/0001-60;2024-12-31;7;144155;MOVIDA LOCAÇĂO DE VEÍCULOS S.A.;Năo-liderança;1961;2667;0;0;0
08.065.557/0001-12;2024-12-31;12;144932;TECNISA S.A.;Liderança;21;21;0;0;0
08.065.557/0001-12;2024-12-31;12;144932;TECNISA S.A.;Năo-liderança;97;321;0;0;0
08.078.847/0001-09;2024-12-31;3;146416;LPS BRASIL - CONSULTORIA DE IMOVEIS S.A.;Liderança;25;32;0;0;34
08.078.847/0001-09;2024-12-31;3;146416;LPS BRASIL - CONSULTORIA DE IMOVEIS S.A.;Năo-liderança;120;77;0;1;68
08.159.965/0001-33;2024-12-31;16;148059;IGUA SANEAMENTO S.A.;Liderança;128;215;0;0;0
08.159.965/0001-33;2024-12-31;16;148059;IGUA SANEAMENTO S.A.;Năo-liderança;558;1611;0;0;0
08.170.849/0001-15;2024-12-31;17;148169;DESKTOP S.A.;Liderança;143;344;0;0;0
08.170.849/0001-15;2024-12-31;17;148169;DESKTOP S.A.;Năo-liderança;1516;2001;0;0;0
08.262.121/0001-13;2024-12-31;3;139558;ALUBAR METAIS E CABOS S.A.;Liderança;7;48;0;0;0
08.262.121/0001-13;2024-12-31;3;139558;ALUBAR METAIS E CABOS S.A.;Năo-liderança;88;690;0;0;0
08.294.224/0001-65;2024-12-31;8;148111;JHSF PARTICIPACOES S.A.;Liderança;165;190;0;0;0
08.294.224/0001-65;2024-12-31;8;148111;JHSF PARTICIPACOES S.A.;Năo-liderança;875;1474;0;0;0
08.312.229/0001-73;2024-12-31;16;148001;EZ TEC EMPREEND. E PARTICIPACOES S.A.;Liderança;23;23;0;0;0
08.312.229/0001-73;2024-12-31;16;148001;EZ TEC EMPREEND. E PARTICIPACOES S.A.;Năo-liderança;155;676;0;0;0
08.322.396/0001-03;2024-03-31;4;139076;CERRADINHO BIOENERGIA S.A.;Liderança;7;48;0;0;0
08.322.396/0001-03;2024-03-31;4;139076;CERRADINHO BIOENERGIA S.A.;Năo-liderança;266;1512;0;0;0
08.324.196/0001-81;2024-12-31;8;146531;CIA ENERGETICA DO RIO GDE NORTE - COSERN;Liderança;28;55;0;0;0
08.324.196/0001-81;2024-12-31;8;146531;CIA ENERGETICA DO RIO GDE NORTE - COSERN;Năo-liderança;215;763;0;0;0
08.343.492/0001-20;2024-12-31;14;146569;MRV ENGENHARIA E PARTICIPACOES S.A.;Liderança;666;830;0;0;0
08.343.492/0001-20;2024-12-31;14;146569;MRV ENGENHARIA E PARTICIPACOES S.A.;Năo-liderança;3295;13017;0;0;0
08.364.948/0001-38;2024-12-31;17;147454;ALUPAR INVESTIMENTO S/A;Liderança;6;8;0;0;0
08.364.948/0001-38;2024-12-31;17;147454;ALUPAR INVESTIMENTO S/A;Năo-liderança;27;11;0;0;0
08.397.078/0001-01;2024-12-31;4;146822;GSH CORP PARTICIPAÇŐES S.A.;Liderança;130;39;0;0;39
08.397.078/0001-01;2024-12-31;4;146822;GSH CORP PARTICIPAÇŐES S.A.;Năo-liderança;921;272;8;10;345
08.402.943/0001-52;2024-12-31;3;147402;GUARARAPES CONFECCOES S.A.;Liderança;1128;665;4;0;27
08.402.943/0001-52;2024-12-31;3;147402;GUARARAPES CONFECCOES S.A.;Năo-liderança;16619;8632;59;0;1113
08.424.178/0001-71;2024-12-31;1;137890;TECBLU TECELAGEM BLUMENAU S.A.;Liderança;0;1;0;0;0
08.424.178/0001-71;2024-12-31;1;137890;TECBLU TECELAGEM BLUMENAU S.A.;Năo-liderança;0;1;0;0;0
08.439.659/0001-50;2024-12-31;13;147446;CPFL ENERGIAS RENOVÁVEIS S.A.;Liderança;23;86;0;0;0
08.439.659/0001-50;2024-12-31;13;147446;CPFL ENERGIAS RENOVÁVEIS S.A.;Năo-liderança;133;377;0;0;0
08.467.115/0001-00;2024-12-31;15;148126;CIA ESTADUAL DE DISTRIB ENER ELET-CEEE-D;Liderança;9;59;0;0;0
08.467.115/0001-00;2024-12-31;15;148126;CIA ESTADUAL DE DISTRIB ENER ELET-CEEE-D;Năo-liderança;202;576;0;0;0
08.534.605/0001-74;2024-12-31;6;147104;RENOVA ENERGIA S.A.;Liderança;7;29;0;0;0
08.534.605/0001-74;2024-12-31;6;147104;RENOVA ENERGIA S.A.;Năo-liderança;21;31;0;0;1
08.560.444/0001-93;2024-12-31;4;147349;CIA CELG DE PARTICIPACOES - CELGPAR;Liderança;5;13;0;0;0
08.560.444/0001-93;2024-12-31;4;147349;CIA CELG DE PARTICIPACOES - CELGPAR;Năo-liderança;25;69;0;0;0
08.574.411/0001-00;2024-12-31;4;144840;PRÁTICA PRODUTOS S.A.;Liderança;18;67;0;0;0
08.574.411/0001-00;2024-12-31;4;144840;PRÁTICA PRODUTOS S.A.;Năo-liderança;131;382;0;0;0
08.764.621/0001-53;2024-12-31;3;147063;GENERAL SHOPPING E OUTLETS DO BRASIL BRASIL S.A.;Liderança;6;10;0;0;0
08.764.621/0001-53;2024-12-31;3;147063;GENERAL SHOPPING E OUTLETS DO BRASIL BRASIL S.A.;Năo-liderança;41;26;0;0;0
08.773.135/0001-00;2024-12-31;9;149568;2W ECOBANK S.A. - EM RECUPERAÇĂO JUDICIAL;Liderança;10;6;0;0;0
08.773.135/0001-00;2024-12-31;9;149568;2W ECOBANK S.A. - EM RECUPERAÇĂO JUDICIAL;Năo-liderança;29;78;0;0;0
08.773.191/0001-36;2024-12-31;2;142305;BRASILIANA PARTICIPAÇŐES S/A;Liderança;0;0;0;0;1
08.773.191/0001-36;2024-12-31;2;142305;BRASILIANA PARTICIPAÇŐES S/A;Năo-liderança;0;0;0;0;1
08.795.211/0001-70;2024-12-31;6;147211;MAESTRO LOCADORA DE VEICULOS S.A.;Liderança;6;13;0;0;0
08.795.211/0001-70;2024-12-31;6;147211;MAESTRO LOCADORA DE VEICULOS S.A.;Năo-liderança;29;38;0;0;0
08.797.760/0001-83;2024-12-31;13;148295;CURY CONSTRUTORA E INCORPORADORA S.A.;Liderança;79;153;0;0;0
08.797.760/0001-83;2024-12-31;13;148295;CURY CONSTRUTORA E INCORPORADORA S.A.;Năo-liderança;426;1895;0;0;0
08.801.621/0001-86;2024-12-31;16;147515;SYN PROP & TECH S.A.;Liderança;39;55;0;0;0
08.801.621/0001-86;2024-12-31;16;147515;SYN PROP & TECH S.A.;Năo-liderança;149;104;0;0;0
08.807.432/0001-10;2024-12-31;11;148038;YDUQS PARTICIPACOES S.A.;Liderança;797;597;1;6;63
08.807.432/0001-10;2024-12-31;11;148038;YDUQS PARTICIPACOES S.A.;Năo-liderança;8146;6662;34;90;776
08.811.643/0001-27;2024-12-31;15;147780;TRISUL S.A.;Liderança;0;0;0;0;100
08.811.643/0001-27;2024-12-31;15;147780;TRISUL S.A.;Năo-liderança;0;0;0;0;272
08.827.501/0001-58;2024-12-31;7;147267;AEGEA SANEAMENTO E PARTICIPAÇŐES S.A.;Liderança;0;0;0;0;0
08.827.501/0001-58;2024-12-31;7;147267;AEGEA SANEAMENTO E PARTICIPAÇŐES S.A.;Năo-liderança;0;0;0;0;0
08.902.291/0001-15;2024-12-31;9;148085;CSN MINERAÇĂO S.A.;Liderança;37;293;0;0;0
08.902.291/0001-15;2024-12-31;9;148085;CSN MINERAÇĂO S.A.;Năo-liderança;1888;5800;0;0;0
08.935.054/0001-50;2024-12-31;2;141534;MULTINER S/A;Liderança;1;13;0;0;0
08.935.054/0001-50;2024-12-31;2;141534;MULTINER S/A;Năo-liderança;5;1;0;0;0
09.041.168/0001-10;2024-12-31;16;146606;LOG COMMERCIAL PROPERTIES E PARTICIPAÇŐES;Liderança;25;53;0;0;0
09.041.168/0001-10;2024-12-31;16;146606;LOG COMMERCIAL PROPERTIES E PARTICIPAÇŐES;Năo-liderança;135;601;0;0;0
09.042.817/0001-05;2024-12-31;16;148305;BEMOBI MOBILE TECH S.A.;Liderança;47;116;0;0;0
09.042.817/0001-05;2024-12-31;16;148305;BEMOBI MOBILE TECH S.A.;Năo-liderança;231;475;0;0;0
09.053.134/0001-45;2024-12-31;5;146789;ELFA MEDICAMENTOS S.A.;Liderança;0;0;0;0;273
09.053.134/0001-45;2024-12-31;5;146789;ELFA MEDICAMENTOS S.A.;Năo-liderança;0;0;0;0;2291
09.054.385/0001-44;2024-12-31;1;138861;INBRANDS S.A.;Liderança;141;119;0;0;0
09.054.385/0001-44;2024-12-31;1;138861;INBRANDS S.A.;Năo-liderança;1022;585;0;0;0
09.074.183/0001-64;2024-12-31;1;138781;TRANSBRASILIANA CONCESSIONÁRIA DE RODOVIA S.A;Liderança;7;22;0;0;0
09.074.183/0001-64;2024-12-31;1;138781;TRANSBRASILIANA CONCESSIONÁRIA DE RODOVIA S.A;Năo-liderança;155;202;0;0;0
09.112.685/0001-32;2024-12-31;2;138958;OSX BRASIL S.A. - EM RECUPERAÇĂO JUDICIAL;Liderança;1;1;0;0;0
09.112.685/0001-32;2024-12-31;2;138958;OSX BRASIL S.A. - EM RECUPERAÇĂO JUDICIAL;Năo-liderança;4;1;0;0;0
09.114.805/0001-30;2024-12-31;7;147587;OCEANPACT SERVIÇOS MARITIMOS S.A.;Liderança;88;462;0;0;0
09.114.805/0001-30;2024-12-31;7;147587;OCEANPACT SERVIÇOS MARITIMOS S.A.;Năo-liderança;245;1115;0;0;0
09.146.451/0001-06;2024-12-31;5;146699;KALLAS INCORPORAÇŐES E CONSTRUÇŐES S.A.;Liderança;3;0;0;0;0
09.146.451/0001-06;2024-12-31;5;146699;KALLAS INCORPORAÇŐES E CONSTRUÇŐES S.A.;Năo-liderança;239;867;0;0;0
09.229.201/0001-30;2024-12-31;8;148351;GPS PARTICIPAÇŐES E EMPREENDIMENTOS S.A.;Liderança;651;1329;0;0;0
09.229.201/0001-30;2024-12-31;8;148351;GPS PARTICIPAÇŐES E EMPREENDIMENTOS S.A.;Năo-liderança;45525;99225;0;0;0
09.257.877/0001-37;2024-12-31;5;146742;FERROVIA NORTE SUL S/A;Liderança;5;31;0;0;0
09.257.877/0001-37;2024-12-31;5;146742;FERROVIA NORTE SUL S/A;Năo-liderança;113;597;0;0;0
09.267.996/0001-70;2024-12-31;6;145259;YUNY INCORPORADORA HOLDING S.A.;Liderança;18;12;0;0;0
09.267.996/0001-70;2024-12-31;6;145259;YUNY INCORPORADORA HOLDING S.A.;Năo-liderança;25;15;0;0;0
09.288.252/0001-32;2024-12-31;13;147988;ANIMA HOLDING S.A.;Liderança;692;508;0;0;0
09.288.252/0001-32;2024-12-31;13;147988;ANIMA HOLDING S.A.;Năo-liderança;8303;6250;0;0;0
09.295.063/0001-97;2024-12-31;8;147262;TECHNOS S.A.;Liderança;19;36;0;0;0
09.295.063/0001-97;2024-12-31;8;147262;TECHNOS S.A.;Năo-liderança;339;229;0;0;0
09.305.994/0001-29;2024-12-31;12;146349;AZUL S.A.;Liderança;1309;2134;0;0;0
09.305.994/0001-29;2024-12-31;12;146349;AZUL S.A.;Năo-liderança;5185;7382;0;0;0
09.346.601/0001-25;2024-12-31;16;147991;B3 S.A. - BRASIL, BOLSA, BALCĂO;Liderança;176;344;0;0;0
09.346.601/0001-25;2024-12-31;16;147991;B3 S.A. - BRASIL, BOLSA, BALCĂO;Năo-liderança;866;1371;0;0;0
09.347.516/0001-81;2024-12-31;15;147030;ELETROMIDIA S.A.;Liderança;38;98;0;0;0
09.347.516/0001-81;2024-12-31;15;147030;ELETROMIDIA S.A.;Năo-liderança;181;509;7;0;0
09.414.761/0001-64;2024-12-31;3;141468;K-INFRA RODOVIA DO AÇO S.A.;Liderança;14;18;0;0;0
09.414.761/0001-64;2024-12-31;3;141468;K-INFRA RODOVIA DO AÇO S.A.;Năo-liderança;144;232;0;0;0
09.527.023/0001-23;2024-12-31;3;149030;ENVIRONMENTAL ESG PARTICIPAÇŐES S.A.;Liderança;254;728;0;0;0
09.527.023/0001-23;2024-12-31;3;149030;ENVIRONMENTAL ESG PARTICIPAÇŐES S.A.;Năo-liderança;1455;6436;0;3;0
09.538.973/0001-53;2024-12-31;6;146159;PDG COMPANHIA SECURITIZADORA;Liderança;0;0;0;0;0
09.538.973/0001-53;2024-12-31;6;146159;PDG COMPANHIA SECURITIZADORA;Năo-liderança;0;0;0;0;0
09.611.768/0001-76;2024-12-31;4;139312;INC EMPREENDIMENTOS IMOBILIÁRIOS S.A.;Liderança;13;21;0;0;0
09.611.768/0001-76;2024-12-31;4;139312;INC EMPREENDIMENTOS IMOBILIÁRIOS S.A.;Năo-liderança;177;612;0;0;0
09.813.204/0001-16;2024-12-31;4;145528;W2W E-COMMERCE DE VINHOS S.A.;Liderança;39;41;0;1;0
09.813.204/0001-16;2024-12-31;4;145528;W2W E-COMMERCE DE VINHOS S.A.;Năo-liderança;188;195;3;1;7
10.139.870/0001-08;2024-12-31;11;146842;NEOGRID PARTICIPAÇŐES S.A.;Liderança;66;100;0;0;0
10.139.870/0001-08;2024-12-31;11;146842;NEOGRID PARTICIPAÇŐES S.A.;Năo-liderança;325;420;0;0;0
10.285.590/0001-08;2024-12-31;1;138827;GRUPO DE MODA SOMA S.A.;Liderança;823;388;0;0;0
10.285.590/0001-08;2024-12-31;1;138827;GRUPO DE MODA SOMA S.A.;Năo-liderança;8922;3148;0;0;0
10.324.624/0001-18;2024-12-31;4;147310;CONCESSĂO METROVIÁRIA DO RIO DE JANEIRO S.A.;Liderança;27;141;0;0;0
10.324.624/0001-18;2024-12-31;4;147310;CONCESSĂO METROVIÁRIA DO RIO DE JANEIRO S.A.;Năo-liderança;450;1538;0;0;0
10.338.320/0001-00;2024-12-31;3;146528;AFLUENTE TRANSMISSĂO DE ENERGIA ELÉTRICA S/A;Liderança;0;2;0;0;0
10.338.320/0001-00;2024-12-31;3;146528;AFLUENTE TRANSMISSĂO DE ENERGIA ELÉTRICA S/A;Năo-liderança;0;3;0;0;0
10.488.244/0001-19;2024-12-31;1;138293;INFRASEC SECURITIZADORA S.A.;Liderança;0;1;0;0;0
10.488.244/0001-19;2024-12-31;1;138293;INFRASEC SECURITIZADORA S.A.;Năo-liderança;0;1;0;0;0
10.502.676/0001-37;2024-12-31;3;141444;TERMELÉTRICA PERNAMBUCO III S.A.;Liderança;0;12;0;0;0
10.502.676/0001-37;2024-12-31;3;141444;TERMELÉTRICA PERNAMBUCO III S.A.;Năo-liderança;4;26;0;0;0
10.571.175/0001-02;2024-12-31;3;140587;URBA DESENVOLVIMENTO URBANO S.A.;Liderança;28;31;0;0;0
10.571.175/0001-02;2024-12-31;3;140587;URBA DESENVOLVIMENTO URBANO S.A.;Năo-liderança;90;115;0;0;0
10.629.105/0001-68;2024-12-31;13;146710;PRIO S.A.;Liderança;19;126;0;0;0
10.629.105/0001-68;2024-12-31;13;146710;PRIO S.A.;Năo-liderança;110;487;0;0;0
10.635.691/0001-53;2024-12-31;3;144515;VIARONDON CONCESSIONÁRIA DE RODOVIA S.A.;Liderança;31;60;0;0;0
10.635.691/0001-53;2024-12-31;3;144515;VIARONDON CONCESSIONÁRIA DE RODOVIA S.A.;Năo-liderança;243;347;0;0;0
10.739.356/0001-03;2024-12-31;5;144885;BRBI BR PARTNERS S.A;Liderança;10;47;0;0;0
10.739.356/0001-03;2024-12-31;5;144885;BRBI BR PARTNERS S.A;Năo-liderança;34;67;0;0;0
10.760.260/0001-19;2024-12-31;17;147508;CVC BRASIL OPERADORA E AGĘNCIA DE VIAGENS S.A.;Liderança;78;71;0;0;171
10.760.260/0001-19;2024-12-31;17;147508;CVC BRASIL OPERADORA E AGĘNCIA DE VIAGENS S.A.;Năo-liderança;541;254;2;0;1011
10.807.374/0001-77;2024-12-31;9;144847;BOA SAFRA SEMENTES S.A.;Liderança;13;53;0;0;0
10.807.374/0001-77;2024-12-31;9;144847;BOA SAFRA SEMENTES S.A.;Năo-liderança;135;445;0;0;0
10.835.932/0001-08;2024-12-31;6;146530;CIA ENERGETICA DE PERNAMBUCO - CELPE;Liderança;75;137;0;0;0
10.835.932/0001-08;2024-12-31;6;146530;CIA ENERGETICA DE PERNAMBUCO - CELPE;Năo-liderança;604;2610;0;0;0
11.284.204/0001-18;2024-12-31;9;146178;YOU INC INCORPORADORA E PARTICIPAÇĂO S.A;Liderança;15;20;0;0;0
11.284.204/0001-18;2024-12-31;9;146178;YOU INC INCORPORADORA E PARTICIPAÇĂO S.A;Năo-liderança;37;24;0;0;0
11.421.994/0001-36;2024-12-31;16;146396;ORIZON VALORIZAÇĂO DE RESÍDUOS S.A.;Liderança;55;177;0;0;0
11.421.994/0001-36;2024-12-31;16;146396;ORIZON VALORIZAÇĂO DE RESÍDUOS S.A.;Năo-liderança;348;1376;0;0;0
11.669.021/0001-10;2024-12-31;5;142365;ENAUTA PARTICIPAÇŐES S.A.;Liderança;24;41;0;0;0
11.669.021/0001-10;2024-12-31;5;142365;ENAUTA PARTICIPAÇŐES S.A.;Năo-liderança;47;46;0;1;4
11.721.921/0001-60;2024-12-31;4;141141;ALPER CONSULTORIA E CORRETORA DE SEGUROS S.A.;Liderança;100;95;0;0;0
11.721.921/0001-60;2024-12-31;4;141141;ALPER CONSULTORIA E CORRETORA DE SEGUROS S.A.;Năo-liderança;580;237;0;0;0
11.992.680/0001-93;2024-12-31;7;146266;QUALICORP CONSULTORIA E CORRETORA DE SEGUROS S.A.;Liderança;123;93;0;0;0
11.992.680/0001-93;2024-12-31;7;146266;QUALICORP CONSULTORIA E CORRETORA DE SEGUROS S.A.;Năo-liderança;1091;469;0;0;0
12.049.631/0001-84;2024-12-31;12;148331;MOURA DUBEUX ENGENHARIA S/A;Liderança;57;88;0;0;0
12.049.631/0001-84;2024-12-31;12;148331;MOURA DUBEUX ENGENHARIA S/A;Năo-liderança;494;4445;0;0;0
12.091.809/0001-55;2024-12-31;17;148135;BRAVA ENERGIA S.A.;Liderança;31;163;0;0;0
12.091.809/0001-55;2024-12-31;17;148135;BRAVA ENERGIA S.A.;Năo-liderança;194;392;0;0;0
12.104.241/0004-02;2024-12-31;21;148161;ONCOCLÍNICAS DO BRASIL SERVIÇOS MÉDICOS S.A.;Liderança;485;202;0;0;0
12.104.241/0004-02;2024-12-31;21;148161;ONCOCLÍNICAS DO BRASIL SERVIÇOS MÉDICOS S.A.;Năo-liderança;6116;1755;0;0;0
12.108.897/0001-50;2024-12-31;8;148314;D1000 VAREJO FARMA PARTICIPAÇŐES S.A.;Liderança;542;242;0;0;0
12.108.897/0001-50;2024-12-31;8;148314;D1000 VAREJO FARMA PARTICIPAÇŐES S.A.;Năo-liderança;2316;1061;0;0;0
12.181.987/0001-77;2024-12-31;12;148138;MELNICK DESENVOLVIMENTO IMOBILIÁRIO S.A.;Liderança;44;67;0;0;0
12.181.987/0001-77;2024-12-31;12;148138;MELNICK DESENVOLVIMENTO IMOBILIÁRIO S.A.;Năo-liderança;292;364;0;0;0
12.300.288/0001-07;2024-12-31;9;147369;NORTE ENERGIA S.A.;Liderança;4;15;0;4;0
12.300.288/0001-07;2024-12-31;9;147369;NORTE ENERGIA S.A.;Năo-liderança;111;290;1;20;20
12.420.164/0001-57;2024-12-31;12;148373;CM HOSPITALAR S.A;Liderança;320;386;0;0;1
12.420.164/0001-57;2024-12-31;12;148373;CM HOSPITALAR S.A;Năo-liderança;3133;2714;11;11;92
12.528.708/0001-07;2024-12-31;11;147021;AERIS IND. E COM. DE EQUIP. PARA GER. DE ENG. S.A.;Liderança;60;264;0;0;0
12.528.708/0001-07;2024-12-31;11;147021;AERIS IND. E COM. DE EQUIP. PARA GER. DE ENG. S.A.;Năo-liderança;1108;4712;0;0;0
12.648.266/0001-24;2024-12-31;14;147025;AMBIPAR PARTICIPAÇŐES E EMPREENDIMENTOS S.A.;Liderança;628;1472;0;0;0
12.648.266/0001-24;2024-12-31;14;147025;AMBIPAR PARTICIPAÇŐES E EMPREENDIMENTOS S.A.;Năo-liderança;2490;9982;0;4;0
12.648.327/0001-53;2024-12-31;23;148040;HIDROVIAS DO BRASIL S.A.;Liderança;40;32;0;0;0
12.648.327/0001-53;2024-12-31;23;148040;HIDROVIAS DO BRASIL S.A.;Năo-liderança;65;51;0;0;0
13.009.717/0001-46;2024-12-31;13;148324;BCO ESTADO DE SERGIPE S.A. - BANESE;Liderança;157;213;0;0;0
13.009.717/0001-46;2024-12-31;13;148324;BCO ESTADO DE SERGIPE S.A. - BANESE;Năo-liderança;208;327;0;0;0
13.217.485/0001-11;2024-12-31;9;148102;GRUPO SBF S.A.;Liderança;499;543;0;0;0
13.217.485/0001-11;2024-12-31;9;148102;GRUPO SBF S.A.;Năo-liderança;4338;3858;0;0;0
13.270.520/0001-66;2024-12-31;8;148114;KORA SAÚDE PARTICIPAÇŐES S.A.;Liderança;251;113;0;0;0
13.270.520/0001-66;2024-12-31;8;148114;KORA SAÚDE PARTICIPAÇŐES S.A.;Năo-liderança;7616;2040;0;0;0
13.444.994/0001-87;2024-12-31;3;143792;MLOG S.A.;Liderança;25;111;0;0;0
13.444.994/0001-87;2024-12-31;3;143792;MLOG S.A.;Năo-liderança;49;258;0;0;0
13.522.948/0001-59;2024-12-31;3;144393;SAFIRA HOLDING S.A.;Liderança;4;15;0;0;0
13.522.948/0001-59;2024-12-31;3;144393;SAFIRA HOLDING S.A.;Năo-liderança;50;72;0;0;0
13.574.594/0001-96;2024-12-31;20;148157;ZAMP SA;Liderança;1691;1525;0;0;0
13.574.594/0001-96;2024-12-31;20;148157;ZAMP SA;Năo-liderança;7039;6316;0;0;0
13.584.310/0001-42;2024-12-31;6;152844;SUGOI S.A.;Liderança;9;5;0;0;0
13.584.310/0001-42;2024-12-31;6;152844;SUGOI S.A.;Năo-liderança;57;82;0;0;0
13.783.221/0004-78;2024-12-31;5;147272;MADERO INDÚSTRIA E COMÉRCIO S.A.;Liderança;519;841;5;13;382
13.783.221/0004-78;2024-12-31;5;147272;MADERO INDÚSTRIA E COMÉRCIO S.A.;Năo-liderança;1128;1558;24;21;2930
14.110.585/0001-07;2024-12-31;16;148294;MÉLIUZ S.A.;Liderança;30;41;0;0;0
14.110.585/0001-07;2024-12-31;16;148294;MÉLIUZ S.A.;Năo-liderança;68;92;1;0;1
14.127.813/0001-51;2024-12-31;15;148052;ARANDU INVESTIMENTOS S.A.;Liderança;8;14;0;0;4
14.127.813/0001-51;2024-12-31;15;148052;ARANDU INVESTIMENTOS S.A.;Năo-liderança;53;60;1;0;7
14.191.427/0001-29;2024-12-31;1;137779;GRANBIO INVESTIMENTOS S.A.;Liderança;0;7;0;0;0
14.191.427/0001-29;2024-12-31;1;137779;GRANBIO INVESTIMENTOS S.A.;Năo-liderança;11;17;0;0;0
14.388.334/0001-99;2024-12-31;11;146810;PARANA BCO S.A.;Liderança;42;33;0;0;0
14.388.334/0001-99;2024-12-31;11;146810;PARANA BCO S.A.;Năo-liderança;213;104;0;0;0
14.776.142/0001-50;2024-12-31;7;148131;WESTWING COMÉRCIO VAREJISTA S.A.;Liderança;47;42;0;0;0
14.776.142/0001-50;2024-12-31;7;148131;WESTWING COMÉRCIO VAREJISTA S.A.;Năo-liderança;228;203;3;1;1
14.785.152/0001-51;2024-12-31;7;146689;HBR REALTY EMPREENDIMENTOS IMOBILIÁRIOS S.A.;Liderança;9;19;0;0;0
14.785.152/0001-51;2024-12-31;7;146689;HBR REALTY EMPREENDIMENTOS IMOBILIÁRIOS S.A.;Năo-liderança;48;13;0;0;0
14.796.754/0001-04;2024-12-31;3;140776;ENGELHART CTP (BRASIL) S.A.;Liderança;0;0;0;0;0
14.796.754/0001-04;2024-12-31;3;140776;ENGELHART CTP (BRASIL) S.A.;Năo-liderança;0;0;0;0;0
14.807.945/0001-24;2024-12-31;3;146274;SANSUY S.A. INDUSTRIA DE PLASTICOS;Liderança;6;47;0;0;0
14.807.945/0001-24;2024-12-31;3;146274;SANSUY S.A. INDUSTRIA DE PLASTICOS;Năo-liderança;131;1228;0;0;5
14.882.295/0001-81;2024-12-31;6;146552;CBO HOLDING S.A.;Liderança;95;589;0;0;0
14.882.295/0001-81;2024-12-31;6;146552;CBO HOLDING S.A.;Năo-liderança;194;1013;0;0;0
14.998.371/0001-19;2024-12-31;5;145830;J. MACEDO S.A.;Liderança;62;211;0;0;0
14.998.371/0001-19;2024-12-31;5;145830;J. MACEDO S.A.;Năo-liderança;496;1866;0;0;0
15.073.274/0001-88;2024-12-31;1;138753;PPLA PARTICIPATIONS LTD.;Liderança;0;2;0;0;0
15.073.274/0001-88;2024-12-31;1;138753;PPLA PARTICIPATIONS LTD.;Năo-liderança;0;0;0;0;1
15.115.504/0001-24;2024-12-31;3;147108;TRONOX PIGMENTOS DO BRASIL S.A.;Liderança;13;35;0;0;0
15.115.504/0001-24;2024-12-31;3;147108;TRONOX PIGMENTOS DO BRASIL S.A.;Năo-liderança;39;255;0;0;0
15.139.629/0001-94;2024-12-31;7;146411;CIA ELETRICIDADE EST. DA BAHIA - COELBA;Liderança;118;208;0;0;0
15.139.629/0001-94;2024-12-31;7;146411;CIA ELETRICIDADE EST. DA BAHIA - COELBA;Năo-liderança;941;4143;0;0;0
15.141.799/0001-03;2024-12-31;5;146708;CIA FERRO LIGAS DA BAHIA - FERBASA;Liderança;17;117;0;22;0
15.141.799/0001-03;2024-12-31;5;146708;CIA FERRO LIGAS DA BAHIA - FERBASA;Năo-liderança;268;2329;5;433;7
16.233.389/0001-55;2024-12-31;10;148484;CVLB BRASIL S.A;Liderança;627;398;0;0;0
16.233.389/0001-55;2024-12-31;10;148484;CVLB BRASIL S.A;Năo-liderança;1828;1781;0;0;0
16.234.171/0001-15;2024-12-31;7;147134;METANOR SA METANOL DO NE;Liderança;2;5;0;0;0
16.234.171/0001-15;2024-12-31;7;147134;METANOR SA METANOL DO NE;Năo-liderança;14;49;0;0;0
16.404.287/0001-55;2024-12-31;11;146712;SUZANO S.A.;Liderança;408;1160;0;0;0
16.404.287/0001-55;2024-12-31;11;146712;SUZANO S.A.;Năo-liderança;3748;15591;0;0;0
16.590.234/0001-76;2024-12-31;23;147415;AZZAS 2154 S.A.;Liderança;437;395;0;0;0
16.590.234/0001-76;2024-12-31;23;147415;AZZAS 2154 S.A.;Năo-liderança;3869;2871;0;0;0
16.614.075/0001-00;2024-12-31;6;146908;DIRECIONAL ENGENHARIA S.A.;Liderança;117;140;0;0;0
16.614.075/0001-00;2024-12-31;6;146908;DIRECIONAL ENGENHARIA S.A.;Năo-liderança;949;6145;0;0;0
16.670.085/0001-55;2024-12-31;13;147999;LOCALIZA RENT A CAR S.A.;Liderança;922;975;0;0;0
16.670.085/0001-55;2024-12-31;13;147999;LOCALIZA RENT A CAR S.A.;Năo-liderança;8101;10663;0;0;0
16.676.520/0001-59;2024-12-31;17;148109;HOSPITAL MATER DEI S.A.;Liderança;363;93;0;0;0
16.676.520/0001-59;2024-12-31;17;148109;HOSPITAL MATER DEI S.A.;Năo-liderança;6715;2124;0;0;0
16.811.931/0001-00;2024-12-31;8;143647;ALPHAVILLE S.A.;Liderança;106;96;0;0;0
16.811.931/0001-00;2024-12-31;8;143647;ALPHAVILLE S.A.;Năo-liderança;48;52;0;0;0
16.922.038/0001-51;2024-12-31;8;146694;ENJOEI S.A.;Liderança;43;48;0;0;0
16.922.038/0001-51;2024-12-31;8;146694;ENJOEI S.A.;Năo-liderança;164;136;2;1;0
17.155.730/0001-64;2024-12-31;11;148065;CIA ENERGETICA DE MINAS GERAIS - CEMIG;Liderança;40;168;0;0;0
17.155.730/0001-64;2024-12-31;11;148065;CIA ENERGETICA DE MINAS GERAIS - CEMIG;Năo-liderança;657;4059;0;0;0
17.159.229/0001-76;2024-12-31;1;137952;LABORATÓRIO TEUTO BRASILEIRO S.A.;Liderança;88;108;0;0;0
17.159.229/0001-76;2024-12-31;1;137952;LABORATÓRIO TEUTO BRASILEIRO S.A.;Năo-liderança;1561;1767;0;0;0
17.161.241/0001-15;2024-12-31;5;144280;MINASMAQUINAS S.A.;Liderança;7;38;0;0;0
17.161.241/0001-15;2024-12-31;5;144280;MINASMAQUINAS S.A.;Năo-liderança;122;355;0;0;0
17.162.082/0001-73;2024-12-31;1;138104;MENDES JUNIOR ENGENHARIA S.A.;Liderança;1;2;0;0;0
17.162.082/0001-73;2024-12-31;1;138104;MENDES JUNIOR ENGENHARIA S.A.;Năo-liderança;0;6;0;0;0
17.167.396/0001-69;2024-12-31;7;146381;ALFA HOLDINGS S.A.;Liderança;0;0;0;0;0
17.167.396/0001-69;2024-12-31;7;146381;ALFA HOLDINGS S.A.;Năo-liderança;0;0;0;0;0
17.184.037/0001-10;2024-12-31;10;147512;BCO MERCANTIL DO BRASIL S.A.;Liderança;289;382;0;0;0
17.184.037/0001-10;2024-12-31;10;147512;BCO MERCANTIL DO BRASIL S.A.;Năo-liderança;1261;1073;0;0;0
17.245.234/0001-00;2024-12-31;9;146935;CIA FIACAO TECIDOS CEDRO CACHOEIRA;Liderança;22;154;0;0;0
17.245.234/0001-00;2024-12-31;9;146935;CIA FIACAO TECIDOS CEDRO CACHOEIRA;Năo-liderança;997;2194;0;0;0
17.281.106/0001-03;2024-12-31;17;148260;CIA SANEAMENTO DE MINAS GERAIS-COPASA MG;Liderança;64;1221;0;0;0
17.281.106/0001-03;2024-12-31;17;148260;CIA SANEAMENTO DE MINAS GERAIS-COPASA MG;Năo-liderança;789;7468;0;0;0
17.314.329/0001-20;2024-12-31;17;148276;INTERNATIONAL MEAL COMPANY ALIMENTACAO S.A.;Liderança;170;223;0;0;0
17.314.329/0001-20;2024-12-31;17;148276;INTERNATIONAL MEAL COMPANY ALIMENTACAO S.A.;Năo-liderança;4065;2724;0;535;0
17.344.597/0001-94;2024-12-31;11;147073;BB SEGURIDADE PARTICIPAÇŐES S.A.;Liderança;9;28;0;0;0
17.344.597/0001-94;2024-12-31;11;147073;BB SEGURIDADE PARTICIPAÇŐES S.A.;Năo-liderança;59;91;0;0;0
17.359.233/0001-88;2024-12-31;1;137822;TECIDOS E ARMARINHOS MIGUEL BARTOLOMEU S.A.;Liderança;36;244;0;0;0
17.359.233/0001-88;2024-12-31;1;137822;TECIDOS E ARMARINHOS MIGUEL BARTOLOMEU S.A.;Năo-liderança;542;1843;0;0;0
18.174.270/0001-84;2024-12-31;5;148297;DOTZ S.A.;Liderança;20;33;0;0;0
18.174.270/0001-84;2024-12-31;5;148297;DOTZ S.A.;Năo-liderança;87;119;0;0;0
18.328.118/0001-09;2024-12-31;12;147245;PET CENTER COMÉRCIO E PARTICIPAÇŐES S.A.;Liderança;304;358;0;18;0
18.328.118/0001-09;2024-12-31;12;147245;PET CENTER COMÉRCIO E PARTICIPAÇŐES S.A.;Năo-liderança;3552;2851;0;117;82
18.483.666/0001-03;2024-12-31;5;148285;HUMBERG AGRIBRASIL COMÉRCIO E EXPORTAÇĂO DE GRĂOS S.A.;Liderança;4;15;0;0;0
18.483.666/0001-03;2024-12-31;5;148285;HUMBERG AGRIBRASIL COMÉRCIO E EXPORTAÇĂO DE GRĂOS S.A.;Năo-liderança;17;14;0;0;0
18.593.815/0001-97;2024-12-31;12;146799;PRINER SERVIÇOS INDUSTRIAIS S.A.;Liderança;61;451;0;0;0
18.593.815/0001-97;2024-12-31;12;146799;PRINER SERVIÇOS INDUSTRIAIS S.A.;Năo-liderança;530;4525;0;0;0
19.014.221/0001-47;2024-12-31;5;148296;CHINA THREE GORGES BRASIL ENERGIA S.A.;Liderança;27;121;0;0;0
19.014.221/0001-47;2024-12-31;5;148296;CHINA THREE GORGES BRASIL ENERGIA S.A.;Năo-liderança;173;630;0;0;0
19.403.252/0001-90;2024-12-31;5;146099;EMCCAMP RESIDENCIAL S.A.;Liderança;44;152;0;0;0
19.403.252/0001-90;2024-12-31;5;146099;EMCCAMP RESIDENCIAL S.A.;Năo-liderança;315;630;0;0;0
19.521.322/0001-04;2024-12-31;5;146021;CONCESSIONÁRIA ROTA DO OESTE S.A.;Liderança;13;49;0;0;0
19.521.322/0001-04;2024-12-31;5;146021;CONCESSIONÁRIA ROTA DO OESTE S.A.;Năo-liderança;389;377;0;0;0
19.526.748/0001-50;2024-12-31;4;146920;COMPANHIA INDUSTRIAL CATAGUASES;Liderança;13;46;0;0;0
19.526.748/0001-50;2024-12-31;4;146920;COMPANHIA INDUSTRIAL CATAGUASES;Năo-liderança;325;684;0;0;0
19.796.586/0001-70;2024-12-31;4;141567;BRISANET PARTICIPAÇŐES S.A.;Liderança;178;556;0;0;0
19.796.586/0001-70;2024-12-31;4;141567;BRISANET PARTICIPAÇŐES S.A.;Năo-liderança;1803;5047;0;0;0
20.247.322/0001-47;2024-12-31;13;147507;ALLIED TECNOLOGIA S.A.;Liderança;110;134;0;0;0
20.247.322/0001-47;2024-12-31;13;147507;ALLIED TECNOLOGIA S.A.;Năo-liderança;394;468;0;0;0
20.258.278/0001-70;2024-12-31;9;146487;OUROFINO S.A.;Liderança;48;73;0;0;0
20.258.278/0001-70;2024-12-31;9;146487;OUROFINO S.A.;Năo-liderança;333;506;0;0;0
20.512.706/0001-40;2024-12-31;17;148495;VITRU EDUCAÇĂO S.A.;Liderança;541;350;0;0;0
20.512.706/0001-40;2024-12-31;17;148495;VITRU EDUCAÇĂO S.A.;Năo-liderança;6267;3705;0;0;0
21.110.778/0001-23;2024-12-31;2;145188;OLIVEIRA TRUST S.A.;Liderança;9;29;0;0;0
21.110.778/0001-23;2024-12-31;2;145188;OLIVEIRA TRUST S.A.;Năo-liderança;108;194;0;0;0
21.254.073/0001-80;2024-12-31;3;148061;COMPANHIA ITAUNENSE ENERGIA E PARTICIPAÇŐES;Liderança;0;3;0;0;0
21.254.073/0001-80;2024-12-31;3;148061;COMPANHIA ITAUNENSE ENERGIA E PARTICIPAÇŐES;Năo-liderança;5;4;0;0;0
21.255.567/0001-89;2024-12-31;4;150786;CIA TECIDOS SANTANENSE EM RECUPERAÇĂO JUDICIAL;Liderança;21;103;0;0;0
21.255.567/0001-89;2024-12-31;4;150786;CIA TECIDOS SANTANENSE EM RECUPERAÇĂO JUDICIAL;Năo-liderança;515;877;0;0;0
21.314.559/0001-66;2024-12-31;15;147353;MOVIDA PARTICIPACOES SA;Liderança;324;479;0;0;0
21.314.559/0001-66;2024-12-31;15;147353;MOVIDA PARTICIPACOES SA;Năo-liderança;2329;3291;0;0;0
21.389.501/0001-81;2024-12-31;9;146086;COMPASS GÁS E ENERGIA S.A.;Liderança;12;19;0;0;0
21.389.501/0001-81;2024-12-31;9;146086;COMPASS GÁS E ENERGIA S.A.;Năo-liderança;25;14;0;0;0
21.948.105/0001-47;2024-12-31;1;138601;BTGI QUARTZO PARTICIPAÇŐES S/A;Liderança;0;5;0;0;0
21.948.105/0001-47;2024-12-31;1;138601;BTGI QUARTZO PARTICIPAÇŐES S/A;Năo-liderança;0;1;0;0;0
21.976.510/0001-79;2024-12-31;1;138662;BTGI SAFIRA PARTICIPAÇŐES S/A;Liderança;0;5;0;0;0
21.976.510/0001-79;2024-12-31;1;138662;BTGI SAFIRA PARTICIPAÇŐES S/A;Năo-liderança;0;1;0;0;0
22.261.473/0001-85;2024-12-31;10;148137;COMPANHIA DE GÁS DE MINAS GERAIS - GASMIG;Liderança;6;35;0;0;0
22.261.473/0001-85;2024-12-31;10;148137;COMPANHIA DE GÁS DE MINAS GERAIS - GASMIG;Năo-liderança;32;83;0;0;0
22.266.175/0001-88;2024-12-31;11;147115;FERTILIZANTES HERINGER S.A.;Liderança;25;152;0;0;0
22.266.175/0001-88;2024-12-31;11;147115;FERTILIZANTES HERINGER S.A.;Năo-liderança;210;1134;0;0;0
22.543.331/0001-00;2024-12-31;6;144042;CAIXA SEGURIDADE PARTICIPAÇŐES S.A.;Liderança;25;38;0;0;0
22.543.331/0001-00;2024-12-31;6;144042;CAIXA SEGURIDADE PARTICIPAÇŐES S.A.;Năo-liderança;44;24;0;0;0
22.677.520/0001-76;2024-12-31;2;148088;CIA TECIDOS NORTE DE MINAS COTEMINAS;Liderança;2;9;0;0;0
22.677.520/0001-76;2024-12-31;2;148088;CIA TECIDOS NORTE DE MINAS COTEMINAS;Năo-liderança;0;0;0;0;1
23.041.875/0001-37;2024-12-31;6;146252;ALMACENES ÉXITO S.A.;Liderança;278;460;0;0;0
23.041.875/0001-37;2024-12-31;6;146252;ALMACENES ÉXITO S.A.;Năo-liderança;16401;16255;0;4;0
23.236.821/0001-27;2024-12-31;5;148491;PATRIMAR ENGENHARIA S.A.;Liderança;40;46;0;0;0
23.236.821/0001-27;2024-12-31;5;148491;PATRIMAR ENGENHARIA S.A.;Năo-liderança;262;913;0;0;0
23.373.000/0001-32;2024-12-31;15;148175;VAMOS LOCAÇĂO DE CAMINHŐES, MÁQUINAS E EQUIPAMENTOS S.A.;Liderança;78;325;0;0;0
23.373.000/0001-32;2024-12-31;15;148175;VAMOS LOCAÇĂO DE CAMINHŐES, MÁQUINAS E EQUIPAMENTOS S.A.;Năo-liderança;560;2502;0;0;0
23.438.929/0001-00;2024-12-31;12;148043;ALARES INTERNET PARTICIPAÇŐES S/A;Liderança;70;187;0;0;0
23.438.929/0001-00;2024-12-31;12;148043;ALARES INTERNET PARTICIPAÇŐES S/A;Năo-liderança;771;1220;0;0;0
23.994.857/0001-70;2024-12-31;6;146286;ATOM EDUCAÇĂO E EDITORA S.A.;Liderança;2;1;0;0;0
23.994.857/0001-70;2024-12-31;6;146286;ATOM EDUCAÇĂO E EDITORA S.A.;Năo-liderança;15;3;0;0;0
24.230.275/0001-80;2024-12-31;7;148246;PLANO & PLANO DESENVOLVIMENTO IMOBILIÁRIO S.A.;Liderança;53;158;0;0;0
24.230.275/0001-80;2024-12-31;7;148246;PLANO & PLANO DESENVOLVIMENTO IMOBILIÁRIO S.A.;Năo-liderança;203;455;0;0;0
24.396.489/0001-20;2024-12-31;8;148154;BRK AMBIENTAL PARTICIPAÇŐES S.A.;Liderança;266;565;0;0;0
24.396.489/0001-20;2024-12-31;8;148154;BRK AMBIENTAL PARTICIPAÇŐES S.A.;Năo-liderança;1117;3979;0;0;0
24.921.465/0001-43;2024-12-31;5;144555;BLUEFIT ACADEMIAS DE GINÁSTICA E PARTICIPAÇŐES S.A.;Liderança;11;34;0;0;0
24.921.465/0001-43;2024-12-31;5;144555;BLUEFIT ACADEMIAS DE GINÁSTICA E PARTICIPAÇŐES S.A.;Năo-liderança;600;1009;0;0;0
24.962.466/0001-36;2024-12-31;8;145144;RUMO MALHA NORTE S.A.;Liderança;94;189;0;0;0
24.962.466/0001-36;2024-12-31;8;145144;RUMO MALHA NORTE S.A.;Năo-liderança;439;1534;0;0;0
24.990.777/0001-09;2024-12-31;9;146536;GRUPO MATEUS S.A.;Liderança;1191;2910;0;0;0
24.990.777/0001-09;2024-12-31;9;146536;GRUPO MATEUS S.A.;Năo-liderança;21087;32935;0;0;0
25.249.439/0001-83;2024-12-31;1;138605;HOSPITAL CARE CALEDONIA S.A.;Liderança;138;63;0;0;0
25.249.439/0001-83;2024-12-31;1;138605;HOSPITAL CARE CALEDONIA S.A.;Năo-liderança;5315;1475;0;0;0
25.369.840/0001-57;2024-12-31;13;148400;COMERC ENERGIA S.A.;Liderança;47;90;0;0;0
25.369.840/0001-57;2024-12-31;13;148400;COMERC ENERGIA S.A.;Năo-liderança;237;391;0;0;0
26.072.786/0001-46;2024-12-31;3;143431;QESTRA TECNOLOGIA ADMINISTRAÇĂO E PARTICIPAÇŐES S.A.;Liderança;0;0;0;29;0
26.072.786/0001-46;2024-12-31;3;143431;QESTRA TECNOLOGIA ADMINISTRAÇĂO E PARTICIPAÇŐES S.A.;Năo-liderança;0;0;0;1050;0
26.345.998/0001-50;2024-12-31;9;148402;TC S.A.;Liderança;8;35;0;0;0
26.345.998/0001-50;2024-12-31;9;148402;TC S.A.;Năo-liderança;43;83;0;0;0
26.462.693/0001-28;2024-12-31;5;148265;LAVVI EMPREENDIMENTOS IMOBILIÁRIOS S.A.;Liderança;43;46;0;0;0
26.462.693/0001-28;2024-12-31;5;148265;LAVVI EMPREENDIMENTOS IMOBILIÁRIOS S.A.;Năo-liderança;56;254;0;0;0
26.659.061/0001-59;2024-12-31;13;147380;MPM CORPÓREOS S.A.;Liderança;670;57;0;0;0
26.659.061/0001-59;2024-12-31;13;147380;MPM CORPÓREOS S.A.;Năo-liderança;3784;148;0;0;0
27.093.558/0001-15;2024-12-31;12;146558;MILLS LOCAÇĂO, SERVIÇOS E LOGÍSTICA S.A.;Liderança;55;170;0;0;0
27.093.558/0001-15;2024-12-31;12;146558;MILLS LOCAÇĂO, SERVIÇOS E LOGÍSTICA S.A.;Năo-liderança;496;1363;0;0;0
27.157.474/0001-06;2024-12-31;6;147282;ÁGUAS DE TERESINA SANEAMENTO SPE S.A.;Liderança;0;0;0;0;0
27.157.474/0001-06;2024-12-31;6;147282;ÁGUAS DE TERESINA SANEAMENTO SPE S.A.;Năo-liderança;0;0;0;0;0
27.743.642/0001-37;2024-12-31;6;146013;CONSTRUTORA METROCASA S.A.;Liderança;0;1;0;0;0
27.743.642/0001-37;2024-12-31;6;146013;CONSTRUTORA METROCASA S.A.;Năo-liderança;1;2;0;0;0
28.127.603/0001-78;2024-12-31;11;147037;BANESTES S.A. - BCO EST ESPIRITO SANTO;Liderança;227;299;0;0;0
28.127.603/0001-78;2024-12-31;11;147037;BANESTES S.A. - BCO EST ESPIRITO SANTO;Năo-liderança;650;914;0;0;0
28.195.667/0001-06;2024-12-31;19;148133;BCO ABC BRASIL S.A.;Liderança;61;153;0;0;0
28.195.667/0001-06;2024-12-31;19;148133;BCO ABC BRASIL S.A.;Năo-liderança;327;564;0;0;0
28.594.234/0001-23;2024-12-31;12;146823;AUREN ENERGIA S.A.;Liderança;18;29;1;0;38
28.594.234/0001-23;2024-12-31;12;146823;AUREN ENERGIA S.A.;Năo-liderança;57;67;1;0;141
29.780.061/0001-09;2024-12-31;4;147715;SAO CARLOS EMPREEND E PARTICIPACOES S.A.;Liderança;9;16;0;0;0
29.780.061/0001-09;2024-12-31;4;147715;SAO CARLOS EMPREEND E PARTICIPACOES S.A.;Năo-liderança;19;22;0;0;0
29.950.060/0001-57;2024-12-31;4;148015;NORTEC QUÍMICA S.A.;Liderança;8;22;0;0;0
29.950.060/0001-57;2024-12-31;4;148015;NORTEC QUÍMICA S.A.;Năo-liderança;56;227;0;0;0
29.980.141/0001-08;2024-12-31;4;143448;OCEÂNICA ENGENHARIA E CONSULTORIA S.A.;Liderança;27;60;0;0;0
29.980.141/0001-08;2024-12-31;4;143448;OCEÂNICA ENGENHARIA E CONSULTORIA S.A.;Năo-liderança;150;1885;0;0;0
30.213.493/0001-09;2024-12-31;7;145695;TEGRA INCORPORADORA S.A.;Liderança;80;114;0;0;0
30.213.493/0001-09;2024-12-31;7;145695;TEGRA INCORPORADORA S.A.;Năo-liderança;224;662;0;0;0
30.306.294/0001-45;2024-12-31;7;143930;BCO BTG PACTUAL S.A.;Liderança;519;1520;0;0;0
30.306.294/0001-45;2024-12-31;7;143930;BCO BTG PACTUAL S.A.;Năo-liderança;1527;3009;0;0;0
30.540.991/0001-66;2024-12-31;2;142326;HAGA S.A. INDUSTRIA E COMERCIO;Liderança;3;20;0;0;0
30.540.991/0001-66;2024-12-31;2;142326;HAGA S.A. INDUSTRIA E COMERCIO;Năo-liderança;53;80;0;0;0
31.553.627/0001-01;2024-12-31;8;146847;GRUPO TOKY S.A.;Liderança;51;140;0;0;0
31.553.627/0001-01;2024-12-31;8;146847;GRUPO TOKY S.A.;Năo-liderança;235;327;0;0;58
31.748.174/0001-60;2024-12-31;7;147345;VERO S.A.;Liderança;131;358;0;0;0
31.748.174/0001-60;2024-12-31;7;147345;VERO S.A.;Năo-liderança;1101;1704;0;0;0
32.021.201/0001-61;2024-12-31;1;138807;ORIGEM ENERGIA S.A.;Liderança;59;175;0;0;2
32.021.201/0001-61;2024-12-31;1;138807;ORIGEM ENERGIA S.A.;Năo-liderança;178;538;1;8;13
32.681.371/0001-72;2024-12-31;5;144861;VIX LOGÍSTICA S.A.;Liderança;120;654;0;0;0
32.681.371/0001-72;2024-12-31;5;144861;VIX LOGÍSTICA S.A.;Năo-liderança;1535;9270;0;0;0
32.785.497/0001-97;2024-12-31;20;147822;NATURA &CO HOLDING S.A.;Liderança;360;259;0;0;0
32.785.497/0001-97;2024-12-31;20;147822;NATURA &CO HOLDING S.A.;Năo-liderança;4153;2910;0;0;3
33.000.167/0001-01;2024-12-31;28;148031;PETROLEO BRASILEIRO S.A. PETROBRAS;Liderança;237;605;0;0;3782
33.000.167/0001-01;2024-12-31;28;148031;PETROLEO BRASILEIRO S.A. PETROBRAS;Năo-liderança;953;2918;17;0;31701
33.035.536/0001-00;2024-12-31;6;146937;JOAO FORTES ENGENHARIA S.A. - EM RECUPERAÇĂO JUDICIAL;Liderança;7;13;0;0;0
33.035.536/0001-00;2024-12-31;6;146937;JOAO FORTES ENGENHARIA S.A. - EM RECUPERAÇĂO JUDICIAL;Năo-liderança;28;44;0;0;10
33.041.260/0652-90;2024-12-31;11;146755;GRUPO CASAS BAHIA S.A.;Liderança;490;994;0;0;0
33.041.260/0652-90;2024-12-31;11;146755;GRUPO CASAS BAHIA S.A.;Năo-liderança;16900;19574;0;0;0
33.042.730/0001-04;2024-12-31;8;147221;CIA SIDERURGICA NACIONAL;Liderança;234;1336;0;0;0
33.042.730/0001-04;2024-12-31;8;147221;CIA SIDERURGICA NACIONAL;Năo-liderança;6423;21041;0;0;0
33.050.071/0001-58;2024-12-31;11;147450;AMPLA ENERGIA E SERVICOS S.A.;Liderança;23;98;0;0;0
33.050.071/0001-58;2024-12-31;11;147450;AMPLA ENERGIA E SERVICOS S.A.;Năo-liderança;250;1280;0;0;0
33.050.196/0001-88;2024-12-31;6;146679;CIA PAULISTA DE FORCA E LUZ;Liderança;47;185;0;0;0
33.050.196/0001-88;2024-12-31;6;146679;CIA PAULISTA DE FORCA E LUZ;Năo-liderança;516;2892;0;0;0
33.102.476/0001-92;2024-12-31;3;147425;MONTEIRO ARANHA S.A.;Liderança;0;2;0;0;0
33.102.476/0001-92;2024-12-31;3;147425;MONTEIRO ARANHA S.A.;Năo-liderança;11;10;0;0;0
33.113.309/0001-47;2024-12-31;9;146500;VALID SOLUÇŐES S.A.;Liderança;65;156;0;0;0
33.113.309/0001-47;2024-12-31;9;146500;VALID SOLUÇŐES S.A.;Năo-liderança;1062;1246;0;0;0
33.130.691/0001-05;2024-12-31;7;143811;WILSON SONS S.A.;Liderança;104;245;0;0;1
33.130.691/0001-05;2024-12-31;7;143811;WILSON SONS S.A.;Năo-liderança;702;2860;2;0;6
33.200.049/0001-47;2024-12-31;5;147651;HOTEIS OTHON S.A. - EM RECUPERAÇĂO JUDICIAL;Liderança;20;33;0;0;0
33.200.049/0001-47;2024-12-31;5;147651;HOTEIS OTHON S.A. - EM RECUPERAÇĂO JUDICIAL;Năo-liderança;143;236;0;0;0
33.228.024/0001-51;2024-12-31;9;147518;WLM PART. E COMÉRCIO DE MÁQUINAS E VEÍCULOS S.A.;Liderança;0;0;0;0;133
33.228.024/0001-51;2024-12-31;9;147518;WLM PART. E COMÉRCIO DE MÁQUINAS E VEÍCULOS S.A.;Năo-liderança;0;0;0;0;813
33.256.439/0001-39;2024-12-31;7;146605;ULTRAPAR PARTICIPACOES S.A.;Liderança;439;850;0;0;0
33.256.439/0001-39;2024-12-31;7;146605;ULTRAPAR PARTICIPACOES S.A.;Năo-liderança;2779;5661;0;0;0
33.352.394/0001-04;2024-12-31;9;146475;CIA ESTADUAL DE ÁGUAS E ESGOTOS - CEDAE;Liderança;197;355;0;0;0
33.352.394/0001-04;2024-12-31;9;146475;CIA ESTADUAL DE ÁGUAS E ESGOTOS - CEDAE;Năo-liderança;279;2224;0;0;0
33.376.989/0001-91;2024-12-31;18;147436;IRB - BRASIL RESSEGUROS S.A.;Liderança;16;38;0;0;0
33.376.989/0001-91;2024-12-31;18;147436;IRB - BRASIL RESSEGUROS S.A.;Năo-liderança;162;164;0;0;0
33.386.210/0001-19;2024-12-31;3;146744;SONDOTECNICA ENGENHARIA SOLOS S.A.;Liderança;4;7;0;0;0
33.386.210/0001-19;2024-12-31;3;146744;SONDOTECNICA ENGENHARIA SOLOS S.A.;Năo-liderança;109;184;0;0;0
33.453.598/0001-23;2024-03-31;21;141260;RAÍZEN S.A.;Liderança;663;1585;0;0;0
33.453.598/0001-23;2024-03-31;21;141260;RAÍZEN S.A.;Năo-liderança;6981;34392;0;0;0
33.467.572/0001-34;2024-12-31;2;147051;TEKNO S.A. - INDUSTRIA E COMERCIO;Liderança;6;37;0;0;0
33.467.572/0001-34;2024-12-31;2;147051;TEKNO S.A. - INDUSTRIA E COMERCIO;Năo-liderança;57;249;0;0;0
33.541.368/0001-16;2024-12-31;6;146811;AXIA ENERGIA NORDESTE S.A.;Liderança;30;124;0;0;0
33.541.368/0001-16;2024-12-31;6;146811;AXIA ENERGIA NORDESTE S.A.;Năo-liderança;328;1861;0;0;0
33.572.408/0001-97;2024-12-31;10;146567;RUMO MALHA CENTRAL S.A.;Liderança;111;374;0;0;0
33.572.408/0001-97;2024-12-31;10;146567;RUMO MALHA CENTRAL S.A.;Năo-liderança;856;6973;0;0;0
33.592.510/0001-54;2024-12-31;23;147435;VALE S.A.;Liderança;1212;4152;0;0;0
33.592.510/0001-54;2024-12-31;23;147435;VALE S.A.;Năo-liderança;15086;46357;0;0;0
33.611.500/0001-19;2024-12-31;15;148343;GERDAU S.A.;Liderança;1186;3363;0;0;2
33.611.500/0001-19;2024-12-31;15;148343;GERDAU S.A.;Năo-liderança;3407;22216;0;0;2
33.839.910/0001-11;2024-12-31;14;147740;VIVARA PARTICIPAÇŐES S.A.;Liderança;547;111;0;0;0
33.839.910/0001-11;2024-12-31;14;147740;VIVARA PARTICIPAÇŐES S.A.;Năo-liderança;3966;441;0;0;0
33.938.119/0001-69;2024-12-31;10;147580;CIA DISTRIB DE GAS DO RIO DE JANEIRO-CEG;Liderança;42;42;0;0;0
33.938.119/0001-69;2024-12-31;10;147580;CIA DISTRIB DE GAS DO RIO DE JANEIRO-CEG;Năo-liderança;78;133;0;0;0
33.958.695/0001-78;2024-12-31;6;146559;UNIPAR CARBOCLORO S.A.;Liderança;39;172;0;0;0
33.958.695/0001-78;2024-12-31;6;146559;UNIPAR CARBOCLORO S.A.;Năo-liderança;178;1016;0;0;0
34.169.557/0001-72;2024-12-31;1;138626;BCO MERCANTIL DE INVESTIMENTOS S.A.;Liderança;0;3;0;0;0
34.169.557/0001-72;2024-12-31;1;138626;BCO MERCANTIL DE INVESTIMENTOS S.A.;Năo-liderança;0;3;0;0;0
34.274.233/0001-02;2024-12-31;19;148521;VIBRA ENERGIA S/A;Liderança;74;213;0;0;0
34.274.233/0001-02;2024-12-31;19;148521;VIBRA ENERGIA S/A;Năo-liderança;966;2268;0;0;0
35.654.688/0001-08;2024-12-31;7;144559;AUTOMOB PARTICIPAÇŐES S.A.;Liderança;24;144;0;0;0
35.654.688/0001-08;2024-12-31;7;144559;AUTOMOB PARTICIPAÇŐES S.A.;Năo-liderança;273;1196;0;0;0
35.727.157/0001-06;2024-12-31;3;143905;EZ INC INCORPORAÇŐES S.A.;Liderança;1;0;0;0;0
35.727.157/0001-06;2024-12-31;3;143905;EZ INC INCORPORAÇŐES S.A.;Năo-liderança;4;42;0;0;0
35.791.391/0001-94;2024-12-31;6;147458;QUALITY SOFTWARE S.A.;Liderança;25;129;0;0;0
35.791.391/0001-94;2024-12-31;6;147458;QUALITY SOFTWARE S.A.;Năo-liderança;477;1395;0;0;0
36.542.025/0001-64;2024-12-31;8;146831;BRQ SOLUCOES EM INFORMATICA S.A.;Liderança;54;115;0;0;0
36.542.025/0001-64;2024-12-31;8;146831;BRQ SOLUCOES EM INFORMATICA S.A.;Năo-liderança;579;1575;1;1;1
37.663.076/0001-07;2024-12-31;13;144257;AUREN PARTICIPAÇŐES S.A.;Liderança;30;78;0;0;0
37.663.076/0001-07;2024-12-31;13;144257;AUREN PARTICIPAÇŐES S.A.;Năo-liderança;181;381;0;0;0
37.702.340/0001-74;2024-12-31;2;142388;MONTE RODOVIAS S.A.;Liderança;52;37;0;0;0
37.702.340/0001-74;2024-12-31;2;142388;MONTE RODOVIAS S.A.;Năo-liderança;347;153;0;0;0
38.199.406/0001-18;2024-12-31;4;141736;RIO ALTO ENERGIAS RENOVÁVEIS S.A.;Liderança;0;24;0;0;0
38.199.406/0001-18;2024-12-31;4;141736;RIO ALTO ENERGIAS RENOVÁVEIS S.A.;Năo-liderança;42;368;0;0;23
38.307.135/0001-77;2024-12-31;4;146906;G2D INVESTMENTS, LTD.;Liderança;0;0;0;0;0
38.307.135/0001-77;2024-12-31;4;146906;G2D INVESTMENTS, LTD.;Năo-liderança;0;0;0;0;0
38.456.921/0001-36;2024-12-31;16;147490;INFRACOMMERCE CXAAS S.A.;Liderança;92;142;0;0;0
38.456.921/0001-36;2024-12-31;16;147490;INFRACOMMERCE CXAAS S.A.;Năo-liderança;1218;855;0;0;0
39.115.514/0001-28;2024-12-31;6;145492;RUMO MALHA OESTE S.A.;Liderança;111;374;0;0;0
39.115.514/0001-28;2024-12-31;6;145492;RUMO MALHA OESTE S.A.;Năo-liderança;856;6973;0;0;0
39.346.861/0350-38;2024-12-31;3;142500;CENCOSUD BRASIL COMERCIAL S.A.;Liderança;307;570;0;0;0
39.346.861/0350-38;2024-12-31;3;142500;CENCOSUD BRASIL COMERCIAL S.A.;Năo-liderança;9187;9090;0;0;0
39.580.673/0001-01;2024-12-31;1;138717;BRK AMBIENTAL - REGIĂO METROPOLITANA DE MACEIÓ S.A.;Liderança;27;65;0;0;0
39.580.673/0001-01;2024-12-31;1;138717;BRK AMBIENTAL - REGIĂO METROPOLITANA DE MACEIÓ S.A.;Năo-liderança;145;397;0;0;0
40.159.947/0001-64;2024-12-31;8;148326;HMOBI PARTICIPAÇŐES S.A.;Liderança;33;155;0;0;0
40.159.947/0001-64;2024-12-31;8;148326;HMOBI PARTICIPAÇŐES S.A.;Năo-liderança;511;1510;0;0;0
40.263.170/0001-83;2024-12-31;2;139542;SOLVI ESSENCIS AMBIENTAL S.A.;Liderança;159;388;0;0;0
40.263.170/0001-83;2024-12-31;2;139542;SOLVI ESSENCIS AMBIENTAL S.A.;Năo-liderança;1599;8509;0;0;0
40.337.136/0001-06;2024-12-31;7;148053;TERRA SANTA PROPRIEDADES AGRÍCOLAS S.A.;Liderança;6;2;0;0;0
40.337.136/0001-06;2024-12-31;7;148053;TERRA SANTA PROPRIEDADES AGRÍCOLAS S.A.;Năo-liderança;10;6;0;0;0
40.593.395/0001-06;2024-12-31;4;147341;IFIN PARTICIPAÇŐES S.A.;Liderança;0;3;0;0;0
40.593.395/0001-06;2024-12-31;4;147341;IFIN PARTICIPAÇŐES S.A.;Năo-liderança;0;0;0;0;1
41.052.420/0001-07;2024-12-31;2;143752;SOLAR BEBIDAS S.A.;Liderança;378;999;0;0;0
41.052.420/0001-07;2024-12-31;2;143752;SOLAR BEBIDAS S.A.;Năo-liderança;3399;13791;0;0;0
41.096.674/0001-19;2024-12-31;6;149482;CANTU STORE S.A.;Liderança;55;156;0;0;0
41.096.674/0001-19;2024-12-31;6;149482;CANTU STORE S.A.;Năo-liderança;575;795;0;0;0
41.886.692/0001-02;2024-12-31;4;143581;CONCESSIONARIA ROTA DE SANTA MARIA S.A;Liderança;4;6;0;0;0
41.886.692/0001-02;2024-12-31;4;143581;CONCESSIONARIA ROTA DE SANTA MARIA S.A;Năo-liderança;158;151;0;0;0
42.150.391/0001-70;2024-12-31;11;147168;BRASKEM S.A.;Liderança;324;661;0;0;0
42.150.391/0001-70;2024-12-31;11;147168;BRASKEM S.A.;Năo-liderança;1938;5646;0;0;0
42.233.757/0001-75;2024-12-31;1;138530;ALVAREZ & MARSAL INVESTIMENTOS I S.A.;Liderança;0;2;0;0;0
42.233.757/0001-75;2024-12-31;1;138530;ALVAREZ & MARSAL INVESTIMENTOS I S.A.;Năo-liderança;0;0;0;0;1
42.278.291/0001-24;2024-12-31;6;146612;LOG-IN LOGISTICA INTERMODAL S.A.;Liderança;31;83;0;0;0
42.278.291/0001-24;2024-12-31;6;146612;LOG-IN LOGISTICA INTERMODAL S.A.;Năo-liderança;264;735;0;0;0
42.278.473/0001-03;2024-12-31;7;146729;WIZ CO PARTICIPAÇŐES E CORRETAGEM DE SEGUROS S.A.;Liderança;90;83;0;0;52
42.278.473/0001-03;2024-12-31;7;146729;WIZ CO PARTICIPAÇŐES E CORRETAGEM DE SEGUROS S.A.;Năo-liderança;540;347;4;0;407
42.310.775/0001-03;2024-12-31;10;147273;ÁGUAS DO RIO 1 SPE S.A.;Liderança;0;0;0;0;0
42.310.775/0001-03;2024-12-31;10;147273;ÁGUAS DO RIO 1 SPE S.A.;Năo-liderança;0;0;0;0;0
42.331.462/0001-31;2024-12-31;2;138877;EMBPAR PARTICIPAÇŐES S/A;Liderança;2;4;0;0;0
42.331.462/0001-31;2024-12-31;2;138877;EMBPAR PARTICIPAÇŐES S/A;Năo-liderança;18;27;0;0;0
42.500.384/0001-51;2024-12-31;16;147534;SERENA ENERGIA S.A.;Liderança;38;67;0;0;0
42.500.384/0001-51;2024-12-31;16;147534;SERENA ENERGIA S.A.;Năo-liderança;104;173;0;0;0
42.644.220/0001-06;2024-12-31;8;147275;ÁGUAS DO RIO 4 SPE S.A.;Liderança;0;0;0;0;0
42.644.220/0001-06;2024-12-31;8;147275;ÁGUAS DO RIO 4 SPE S.A.;Năo-liderança;0;0;0;0;0
42.737.954/0001-21;2024-12-31;10;148078;INTER & CO, INC.;Liderança;221;407;0;0;0
42.737.954/0001-21;2024-12-31;10;148078;INTER & CO, INC.;Năo-liderança;1458;1985;0;0;0
42.771.949/0001-35;2024-12-31;11;147265;ALLIANÇA SAÚDE E PARTICIPAÇŐES S.A.;Liderança;275;141;0;0;0
42.771.949/0001-35;2024-12-31;11;147265;ALLIANÇA SAÚDE E PARTICIPAÇŐES S.A.;Năo-liderança;3482;1148;0;0;0
43.283.811/0001-50;2024-12-31;1;137921;KALUNGA S.A;Liderança;171;350;0;0;0
43.283.811/0001-50;2024-12-31;1;137921;KALUNGA S.A;Năo-liderança;2012;2267;0;0;0
43.470.988/0001-65;2024-12-31;8;148322;EVEN CONSTRUTORA E INCORPORADORA S.A.;Liderança;40;56;0;0;0
43.470.988/0001-65;2024-12-31;8;148322;EVEN CONSTRUTORA E INCORPORADORA S.A.;Năo-liderança;232;321;0;0;0
43.513.237/0001-89;2024-12-31;10;144127;AUTOMOB S.A.;Liderança;123;260;0;0;0
43.513.237/0001-89;2024-12-31;10;144127;AUTOMOB S.A.;Năo-liderança;1028;1805;0;0;0
43.776.517/0001-80;2024-12-31;22;148172;CIA SANEAMENTO BASICO EST SAO PAULO;Liderança;149;424;0;0;0
43.776.517/0001-80;2024-12-31;22;148172;CIA SANEAMENTO BASICO EST SAO PAULO;Năo-liderança;2038;8559;0;0;0
43.948.405/0001-69;2024-12-31;2;148399;LUPO S.A.;Liderança;270;168;0;0;0
43.948.405/0001-69;2024-12-31;2;148399;LUPO S.A.;Năo-liderança;6562;1876;0;0;0
44.854.238/0001-50;2024-12-31;4;147283;PARSAN S.A.;Liderança;0;0;0;0;0
44.854.238/0001-50;2024-12-31;4;147283;PARSAN S.A.;Năo-liderança;0;0;0;0;0
45.242.914/0001-05;2024-12-31;8;147526;C&A MODAS S.A.;Liderança;652;353;2;5;133
45.242.914/0001-05;2024-12-31;8;147526;C&A MODAS S.A.;Năo-liderança;9050;4093;72;89;1556
45.365.558/0001-09;2024-12-31;7;144414;VITTIA S.A.;Liderança;0;0;0;0;273
45.365.558/0001-09;2024-12-31;7;144414;VITTIA S.A.;Năo-liderança;0;0;0;0;1049
45.453.214/0001-51;2024-12-31;7;148207;PROFARMA DISTRIB PROD FARMACEUTICOS S.A.;Liderança;111;269;0;0;0
45.453.214/0001-51;2024-12-31;7;148207;PROFARMA DISTRIB PROD FARMACEUTICOS S.A.;Năo-liderança;1871;1667;0;0;0
45.987.245/0001-92;2024-12-31;3;147396;BIOMA EDUCAÇĂO S.A.;Liderança;135;66;0;0;0
45.987.245/0001-92;2024-12-31;3;147396;BIOMA EDUCAÇĂO S.A.;Năo-liderança;1641;780;0;0;0
46.119.855/0001-37;2024-12-31;5;144552;SOCIEDADE ABASTECIMENTO DE ÁGUA E SANEAMENTO S.A - SANASA;Liderança;45;89;0;0;0
46.119.855/0001-37;2024-12-31;5;144552;SOCIEDADE ABASTECIMENTO DE ÁGUA E SANEAMENTO S.A - SANASA;Năo-liderança;350;1574;0;0;0
46.573.272/0001-81;2024-12-31;1;137359;PORTO SAÚDE PARTICIPAÇŐES S.A.;Liderança;31;38;0;0;0
46.573.272/0001-81;2024-12-31;1;137359;PORTO SAÚDE PARTICIPAÇŐES S.A.;Năo-liderança;539;230;0;0;0
47.508.411/0001-56;2024-12-31;29;148149;CIA BRASILEIRA DE DISTRIBUICAO;Liderança;430;636;0;0;0
47.508.411/0001-56;2024-12-31;29;148149;CIA BRASILEIRA DE DISTRIBUICAO;Năo-liderança;20497;18415;0;0;0
47.960.950/0001-21;2024-12-31;6;146869;MAGAZINE LUIZA S.A.;Liderança;934;1487;1;3;35
47.960.950/0001-21;2024-12-31;6;146869;MAGAZINE LUIZA S.A.;Năo-liderança;16088;16764;12;1310;461
49.115.815/0001-05;2024-12-31;1;144025;JBS N.V.;Liderança;4804;10587;0;0;156
49.115.815/0001-05;2024-12-31;1;144025;JBS N.V.;Năo-liderança;104194;152998;2;8;1134
49.263.189/0001-02;2024-12-31;5;148306;HELBOR EMPREENDIMENTOS S.A.;Liderança;31;37;0;0;0
49.263.189/0001-02;2024-12-31;5;148306;HELBOR EMPREENDIMENTOS S.A.;Năo-liderança;147;70;0;0;0
49.669.856/0001-43;2024-12-31;6;147307;VESTE S.A. ESTILO;Liderança;271;96;0;64;1
49.669.856/0001-43;2024-12-31;6;147307;VESTE S.A. ESTILO;Năo-liderança;2249;758;4;283;44
50.564.053/0001-03;2024-12-31;13;147464;BOMBRIL S.A. - EM RECUPERAÇĂO JUDICIAL;Liderança;38;93;0;0;0
50.564.053/0001-03;2024-12-31;13;147464;BOMBRIL S.A. - EM RECUPERAÇĂO JUDICIAL;Năo-liderança;631;1620;0;0;0
50.746.577/0001-15;2024-12-31;17;148267;COSAN S.A.;Liderança;27;19;0;0;0
50.746.577/0001-15;2024-12-31;17;148267;COSAN S.A.;Năo-liderança;56;40;0;0;0
50.926.955/0001-42;2024-12-31;5;147035;VULCABRAS S.A.;Liderança;326;660;0;0;0
50.926.955/0001-42;2024-12-31;5;147035;VULCABRAS S.A.;Năo-liderança;8756;8257;0;0;0
51.128.999/0001-90;2024-12-31;5;146341;NUTRIPLANT INDUSTRIA E COMERCIO S.A.;Liderança;5;15;0;0;0
51.128.999/0001-90;2024-12-31;5;146341;NUTRIPLANT INDUSTRIA E COMERCIO S.A.;Năo-liderança;28;163;0;0;0
51.430.503/0001-38;2024-12-31;1;137352;PORTO SERVIÇO S.A;Liderança;13;62;0;0;0
51.430.503/0001-38;2024-12-31;1;137352;PORTO SERVIÇO S.A;Năo-liderança;155;398;0;0;0
51.466.860/0001-56;2024-03-31;10;140392;SAO MARTINHO S.A.;Liderança;23;534;0;0;0
51.466.860/0001-56;2024-03-31;10;140392;SAO MARTINHO S.A.;Năo-liderança;954;11131;0;0;0
51.928.174/0001-50;2024-12-31;5;146838;PLASCAR PARTICIPACOES INDUSTRIAIS S.A.;Liderança;22;189;0;0;0
51.928.174/0001-50;2024-12-31;5;146838;PLASCAR PARTICIPACOES INDUSTRIAIS S.A.;Năo-liderança;680;1662;0;0;0
52.017.473/0001-03;2024-12-31;6;145130;AZEVEDO & TRAVASSOS ENERGIA S.A.;Liderança;2;4;0;0;0
52.017.473/0001-03;2024-12-31;6;145130;AZEVEDO & TRAVASSOS ENERGIA S.A.;Năo-liderança;3;28;0;0;0
52.270.350/0001-71;2024-12-31;24;148145;COMPANHIA BRASILEIRA DE SERVIÇOS FINANCEIROS;Liderança;0;0;0;0;0
52.270.350/0001-71;2024-12-31;24;148145;COMPANHIA BRASILEIRA DE SERVIÇOS FINANCEIROS;Năo-liderança;0;0;0;0;0
52.548.435/0001-79;2024-12-31;12;143746;JSL S.A.;Liderança;297;1094;0;0;0
52.548.435/0001-79;2024-12-31;12;143746;JSL S.A.;Năo-liderança;5607;24853;0;0;0
52.805.925/0001-03;2024-12-31;12;147191;BELORA RDVC CITY DESENVOLVIMENTO IMOBILIÁRIO S.A.;Liderança;0;0;0;0;0
52.805.925/0001-03;2024-12-31;12;147191;BELORA RDVC CITY DESENVOLVIMENTO IMOBILIÁRIO S.A.;Năo-liderança;0;0;0;0;0
52.810.883/0001-07;2024-12-31;4;144614;REVEE MCO S.A.;Liderança;0;0;0;0;0
52.810.883/0001-07;2024-12-31;4;144614;REVEE MCO S.A.;Năo-liderança;0;0;0;0;0
52.841.191/0001-18;2024-12-31;12;146824;REVEE S.A.;Liderança;0;0;0;0;0
52.841.191/0001-18;2024-12-31;12;146824;REVEE S.A.;Năo-liderança;0;0;0;0;0
53.113.791/0001-22;2024-12-31;11;147376;TOTVS S.A.;Liderança;575;967;0;0;0
53.113.791/0001-22;2024-12-31;11;147376;TOTVS S.A.;Năo-liderança;3915;6192;0;0;0
53.153.938/0001-08;2024-12-31;2;145016;UNIĂO PET PARTICIPAÇŐES S.A.;Liderança;255;360;0;0;0
53.153.938/0001-08;2024-12-31;2;145016;UNIĂO PET PARTICIPAÇŐES S.A.;Năo-liderança;3444;3267;0;10;0
56.643.018/0001-66;2024-12-31;10;147453;EUCATEX S.A. INDUSTRIA E COMERCIO;Liderança;36;183;0;0;0
56.643.018/0001-66;2024-12-31;10;147453;EUCATEX S.A. INDUSTRIA E COMERCIO;Năo-liderança;491;2381;0;0;0
56.720.428/0001-63;2024-12-31;7;145691;ROMI S.A.;Liderança;13;90;0;0;0
56.720.428/0001-63;2024-12-31;7;145691;ROMI S.A.;Năo-liderança;247;1372;0;0;0
56.992.423/0001-90;2024-12-31;2;146835;BICICLETAS MONARK S.A.;Liderança;0;6;0;0;0
56.992.423/0001-90;2024-12-31;2;146835;BICICLETAS MONARK S.A.;Năo-liderança;5;19;0;0;0
58.119.199/0001-51;2024-12-31;5;146314;ODONTOPREV S.A.;Liderança;82;49;1;2;53
58.119.199/0001-51;2024-12-31;5;146314;ODONTOPREV S.A.;Năo-liderança;884;305;2;7;521
58.430.828/0001-60;2024-12-31;6;147194;BLAU FARMACĘUTICA S.A.;Liderança;58;72;0;0;0
58.430.828/0001-60;2024-12-31;6;147194;BLAU FARMACĘUTICA S.A.;Năo-liderança;922;650;0;0;0
59.105.999/0001-86;2024-12-31;6;146814;WHIRLPOOL S.A.;Liderança;51;109;0;0;0
59.105.999/0001-86;2024-12-31;6;146814;WHIRLPOOL S.A.;Năo-liderança;5578;5569;0;0;0
59.285.411/0001-13;2024-12-31;18;148270;BCO PAN S.A.;Liderança;173;299;0;0;0
59.285.411/0001-13;2024-12-31;18;148270;BCO PAN S.A.;Năo-liderança;954;1183;0;0;0
59.418.806/0001-47;2024-12-31;12;147975;TRACK & FIELD CO S.A.;Liderança;126;43;0;0;0
59.418.806/0001-47;2024-12-31;12;147975;TRACK & FIELD CO S.A.;Năo-liderança;1133;302;2;1;0
59.717.553/0001-02;2024-12-31;8;146707;GRUPO MULTI S.A.;Liderança;136;269;0;0;0
59.717.553/0001-02;2024-12-31;8;146707;GRUPO MULTI S.A.;Năo-liderança;2359;1829;0;0;0
59.789.545/0001-71;2024-12-31;3;148010;POLPAR S.A.;Liderança;0;0;0;0;0
59.789.545/0001-71;2024-12-31;3;148010;POLPAR S.A.;Năo-liderança;0;0;0;0;0
59.981.829/0001-65;2024-12-31;9;146313;RODOBENS SA;Liderança;84;285;0;0;0
59.981.829/0001-65;2024-12-31;9;146313;RODOBENS SA;Năo-liderança;1154;1605;0;0;0
60.444.437/0001-46;2024-12-31;9;147360;LIGHT SERVICOS DE ELETRICIDADE S.A.;Liderança;39;107;0;0;0
60.444.437/0001-46;2024-12-31;9;147360;LIGHT SERVICOS DE ELETRICIDADE S.A.;Năo-liderança;770;3411;0;0;0
60.476.884/0001-87;2024-12-31;6;146741;MAHLE METAL LEVE S.A.;Liderança;36;295;0;5;5
60.476.884/0001-87;2024-12-31;6;146741;MAHLE METAL LEVE S.A.;Năo-liderança;960;4927;13;94;259
60.537.263/0001-66;2024-12-31;6;146734;ALLPARK EMPREENDIMENTOS, PARTICIPAÇŐES E SERVIÇOS S.A.;Liderança;53;202;0;0;0
60.537.263/0001-66;2024-12-31;6;146734;ALLPARK EMPREENDIMENTOS, PARTICIPAÇŐES E SERVIÇOS S.A.;Năo-liderança;1501;4311;0;0;0
60.543.816/0001-93;2024-12-31;14;147294;IGUATEMI S.A.;Liderança;83;55;0;0;0
60.543.816/0001-93;2024-12-31;14;147294;IGUATEMI S.A.;Năo-liderança;173;119;0;0;0
60.651.809/0001-05;2024-12-31;3;148014;SUZANO HOLDING S.A.;Liderança;5;3;0;0;0
60.651.809/0001-05;2024-12-31;3;148014;SUZANO HOLDING S.A.;Năo-liderança;12;6;0;0;0
60.730.348/0001-66;2024-12-31;7;147377;CIA MELHORAMENTOS DE SAO PAULO;Liderança;20;36;0;0;0
60.730.348/0001-66;2024-12-31;7;147377;CIA MELHORAMENTOS DE SAO PAULO;Năo-liderança;89;248;0;0;0
60.746.948/0001-12;2024-12-31;34;148003;BCO BRADESCO S.A.;Liderança;3945;7193;0;0;0
60.746.948/0001-12;2024-12-31;34;148003;BCO BRADESCO S.A.;Năo-liderança;39689;34765;0;0;0
60.840.055/0001-31;2024-12-31;8;147374;FLEURY S.A.;Liderança;1157;498;0;0;0
60.840.055/0001-31;2024-12-31;8;147374;FLEURY S.A.;Năo-liderança;16615;4130;0;0;0
60.851.615/0001-53;2024-12-31;5;148073;BARDELLA S.A. INDUSTRIAS MECANICAS EM RECUPERAÇĂO JUDICIAL;Liderança;0;10;0;0;0
60.851.615/0001-53;2024-12-31;5;148073;BARDELLA S.A. INDUSTRIAS MECANICAS EM RECUPERAÇĂO JUDICIAL;Năo-liderança;9;83;0;0;0
60.872.504/0001-23;2024-12-31;18;146853;ITAU UNIBANCO HOLDING S.A.;Liderança;964;1158;3;0;11477
60.872.504/0001-23;2024-12-31;18;146853;ITAU UNIBANCO HOLDING S.A.;Năo-liderança;3642;3506;59;0;69080
60.884.319/0001-59;2024-12-31;1;137162;NORDON INDUSTRIAS METALURGICAS S.A.;Liderança;0;1;0;0;0
60.884.319/0001-59;2024-12-31;1;137162;NORDON INDUSTRIAS METALURGICAS S.A.;Năo-liderança;1;0;0;0;0
60.894.730/0001-05;2024-12-31;17;146837;USINAS SID DE MINAS GERAIS S.A.-USIMINAS;Liderança;50;247;0;0;0
60.894.730/0001-05;2024-12-31;17;146837;USINAS SID DE MINAS GERAIS S.A.-USIMINAS;Năo-liderança;1337;12294;0;0;0
61.022.042/0001-18;2024-12-31;10;148000;CONSTRUTORA ADOLPHO LINDENBERG S.A.;Liderança;15;19;0;0;0
61.022.042/0001-18;2024-12-31;10;148000;CONSTRUTORA ADOLPHO LINDENBERG S.A.;Năo-liderança;33;66;0;0;0
61.065.298/0001-02;2024-12-31;7;147969;MANGELS INDUSTRIAL S.A.;Liderança;10;52;0;0;0
61.065.298/0001-02;2024-12-31;7;147969;MANGELS INDUSTRIAL S.A.;Năo-liderança;227;1556;0;0;0
61.065.751/0001-80;2024-12-31;22;154413;ROSSI RESIDENCIAL S.A. - EM RECUPERAÇĂO JUDICIAL;Liderança;9;9;0;0;0
61.065.751/0001-80;2024-12-31;22;154413;ROSSI RESIDENCIAL S.A. - EM RECUPERAÇĂO JUDICIAL;Năo-liderança;36;42;0;0;0
61.079.117/0001-05;2024-12-31;11;148081;ALPARGATAS S.A.;Liderança;43;64;0;0;0
61.079.117/0001-05;2024-12-31;11;148081;ALPARGATAS S.A.;Năo-liderança;3333;8535;0;0;0
61.080.313/0001-91;2024-12-31;1;135983;COBRASMA S.A.;Liderança;0;1;0;0;0
61.080.313/0001-91;2024-12-31;1;135983;COBRASMA S.A.;Năo-liderança;0;1;0;0;0
61.082.004/0001-50;2024-12-31;3;146667;MANUFATURA DE BRINQUEDOS ESTRELA S.A.;Liderança;9;17;0;0;0
61.082.004/0001-50;2024-12-31;3;146667;MANUFATURA DE BRINQUEDOS ESTRELA S.A.;Năo-liderança;398;344;0;5;0
61.088.894/0001-08;2024-12-31;5;146933;CAMBUCI S.A.;Liderança;31;118;0;0;0
61.088.894/0001-08;2024-12-31;5;146933;CAMBUCI S.A.;Năo-liderança;1177;1785;0;0;0
61.156.113/0001-75;2024-12-31;8;146524;IOCHPE MAXION S.A.;Liderança;46;235;0;0;3
61.156.113/0001-75;2024-12-31;8;146524;IOCHPE MAXION S.A.;Năo-liderança;787;6545;12;12;681
61.156.931/0001-78;2024-12-31;2;147493;ALIPERTI S.A.;Liderança;0;3;0;0;0
61.156.931/0001-78;2024-12-31;2;147493;ALIPERTI S.A.;Năo-liderança;8;42;0;0;0
61.186.680/0001-74;2024-12-31;16;146870;BANCO BMG S/A;Liderança;70;184;0;0;0
61.186.680/0001-74;2024-12-31;16;146870;BANCO BMG S/A;Năo-liderança;516;512;0;0;0
61.189.288/0001-89;2024-12-31;6;146805;MARISA LOJAS S.A.;Liderança;732;216;0;0;0
61.189.288/0001-89;2024-12-31;6;146805;MARISA LOJAS S.A.;Năo-liderança;3543;1140;0;0;0
61.190.096/0001-92;2024-12-31;11;146646;EUROFARMA LABORATÓRIOS S.A.;Liderança;205;494;0;0;0
61.190.096/0001-92;2024-12-31;11;146646;EUROFARMA LABORATÓRIOS S.A.;Năo-liderança;2347;3516;0;0;0
61.351.532/0001-68;2024-12-31;19;148888;AZEVEDO E TRAVASSOS S.A.;Liderança;4;7;0;0;0
61.351.532/0001-68;2024-12-31;19;148888;AZEVEDO E TRAVASSOS S.A.;Năo-liderança;26;45;0;0;0
61.374.161/0001-30;2024-12-31;1;138436;BAUMER S.A.;Liderança;12;27;0;0;0
61.374.161/0001-30;2024-12-31;1;138436;BAUMER S.A.;Năo-liderança;93;262;0;0;0
61.409.892/0001-73;2024-12-31;11;147032;COMPANHIA BRASILEIRA DE ALUMÍNIO;Liderança;51;317;0;0;37
61.409.892/0001-73;2024-12-31;11;147032;COMPANHIA BRASILEIRA DE ALUMÍNIO;Năo-liderança;850;3605;0;0;687
61.486.650/0001-83;2024-12-31;14;148230;DIAGNOSTICOS DA AMERICA S.A.;Liderança;1905;836;0;0;0
61.486.650/0001-83;2024-12-31;14;148230;DIAGNOSTICOS DA AMERICA S.A.;Năo-liderança;36071;10372;0;0;0
61.532.644/0001-15;2024-12-31;8;147440;ITAÚSA S.A.;Liderança;13;3;0;0;0
61.532.644/0001-15;2024-12-31;8;147440;ITAÚSA S.A.;Năo-liderança;38;31;0;0;0
61.584.140/0001-49;2024-12-31;2;147281;REDE ENERGIA PARTICIPAÇŐES S.A.;Liderança;0;0;0;0;1
61.584.140/0001-49;2024-12-31;2;147281;REDE ENERGIA PARTICIPAÇŐES S.A.;Năo-liderança;0;0;0;0;1
61.585.865/0001-51;2024-12-31;13;146900;RAIA DROGASIL S.A.;Liderança;2070;1318;4;8;611
61.585.865/0001-51;2024-12-31;13;146900;RAIA DROGASIL S.A.;Năo-liderança;20321;11403;200;245;21036
61.856.571/0001-17;2024-12-31;11;148092;CIA GAS DE SAO PAULO - COMGAS;Liderança;57;74;0;0;0
61.856.571/0001-17;2024-12-31;11;148092;CIA GAS DE SAO PAULO - COMGAS;Năo-liderança;329;619;0;0;4
62.002.886/0001-60;2024-12-31;6;152800;SAO PAULO TURISMO S.A.;Liderança;11;19;0;0;0
62.002.886/0001-60;2024-12-31;6;152800;SAO PAULO TURISMO S.A.;Năo-liderança;58;70;0;0;0
62.144.175/0001-20;2024-12-31;23;146950;BCO PINE S.A;Liderança;27;53;0;0;0
62.144.175/0001-20;2024-12-31;23;146950;BCO PINE S.A;Năo-liderança;123;121;0;0;0
62.232.889/0001-90;2024-12-31;1;138602;BCO DAYCOVAL S.A.;Liderança;220;358;0;0;0
62.232.889/0001-90;2024-12-31;1;138602;BCO DAYCOVAL S.A.;Năo-liderança;1555;1411;0;0;0
62.258.884/0001-36;2024-12-31;7;146706;INTERCEMENT BRASIL S.A. - EM RECUPERAÇĂO JUDICIAL;Liderança;58;214;0;0;0
62.258.884/0001-36;2024-12-31;7;146706;INTERCEMENT BRASIL S.A. - EM RECUPERAÇĂO JUDICIAL;Năo-liderança;294;1137;0;0;0
62.984.091/0001-02;2024-12-31;14;147981;CRUZEIRO DO SUL EDUCACIONAL S.A.;Liderança;127;121;0;0;0
62.984.091/0001-02;2024-12-31;14;147981;CRUZEIRO DO SUL EDUCACIONAL S.A.;Năo-liderança;4288;3206;0;0;0
64.904.295/0001-03;2024-02-28;5;139520;CAMIL ALIMENTOS S.A.;Liderança;87;234;0;0;0
64.904.295/0001-03;2024-02-28;5;139520;CAMIL ALIMENTOS S.A.;Năo-liderança;1806;3730;0;0;0
64.904.295/0001-03;2024-02-29;2;133838;CAMIL ALIMENTOS S.A.;Liderança;87;234;0;0;0
64.904.295/0001-03;2024-02-29;2;133838;CAMIL ALIMENTOS S.A.;Năo-liderança;1806;3730;0;0;0
67.010.660/0001-24;2024-12-31;10;148168;RNI NEGÓCIOS IMOBILIÁRIOS S.A.;Liderança;39;69;0;0;0
67.010.660/0001-24;2024-12-31;10;148168;RNI NEGÓCIOS IMOBILIÁRIOS S.A.;Năo-liderança;201;279;0;0;0
67.571.414/0001-41;2024-12-31;13;147664;VIVER INCORPORADORA E CONSTRUTORA S.A.;Liderança;7;18;0;0;0
67.571.414/0001-41;2024-12-31;13;147664;VIVER INCORPORADORA E CONSTRUTORA S.A.;Năo-liderança;33;23;0;0;0
67.620.377/0001-14;2024-12-31;7;147278;MINERVA S.A.;Liderança;360;1347;0;0;0
67.620.377/0001-14;2024-12-31;7;147278;MINERVA S.A.;Năo-liderança;6160;16016;0;0;0
68.400.225/0001-79;2024-06-30;5;139657;CLARANET TECHNOLOGY S.A.;Liderança;3;26;0;0;0
68.400.225/0001-79;2024-06-30;5;139657;CLARANET TECHNOLOGY S.A.;Năo-liderança;40;150;0;0;0
71.208.516/0001-74;2024-12-31;7;147521;ALGAR TELECOM S/A;Liderança;71;217;0;0;0
71.208.516/0001-74;2024-12-31;7;147521;ALGAR TELECOM S/A;Năo-liderança;1060;2881;0;0;0
71.476.527/0001-35;2024-12-31;16;148082;CONSTRUTORA TENDA S.A.;Liderança;133;149;0;0;0
71.476.527/0001-35;2024-12-31;16;148082;CONSTRUTORA TENDA S.A.;Năo-liderança;936;2365;0;0;0
73.178.600/0001-18;2024-12-31;12;147752;CYRELA BRAZIL REALTY S.A.EMPREEND E PART;Liderança;203;185;0;0;0
73.178.600/0001-18;2024-12-31;12;147752;CYRELA BRAZIL REALTY S.A.EMPREEND E PART;Năo-liderança;1694;4096;0;0;0
75.315.333/0001-09;2024-12-31;7;147348;ATACADĂO S.A.;Liderança;2033;3435;0;0;0
75.315.333/0001-09;2024-12-31;7;147348;ATACADĂO S.A.;Năo-liderança;74085;70800;0;0;0
75.609.123/0001-23;2024-12-31;7;148518;UNIDAS LOCAÇŐES E SERVIÇOS S.A.;Liderança;38;128;0;0;0
75.609.123/0001-23;2024-12-31;7;148518;UNIDAS LOCAÇŐES E SERVIÇOS S.A.;Năo-liderança;445;1689;0;0;0
76.483.817/0001-20;2024-12-31;15;147033;CIA PARANAENSE DE ENERGIA - COPEL;Liderança;87;313;0;0;0
76.483.817/0001-20;2024-12-31;15;147033;CIA PARANAENSE DE ENERGIA - COPEL;Năo-liderança;1170;4234;0;0;0
76.484.013/0001-45;2024-12-31;12;147109;CIA SANEAMENTO DO PARANA - SANEPAR;Liderança;70;166;1;5;11
76.484.013/0001-45;2024-12-31;12;147109;CIA SANEAMENTO DO PARANA - SANEPAR;Năo-liderança;884;2756;29;232;569
76.535.764/0001-43;2024-12-31;17;147299;OI S.A. - EM RECUPERAÇĂO JUDICIAL;Liderança;439;785;0;0;0
76.535.764/0001-43;2024-12-31;17;147299;OI S.A. - EM RECUPERAÇĂO JUDICIAL;Năo-liderança;6767;10704;0;0;0
79.430.682/0001-22;2024-12-31;6;146410;FARMÁCIA E DROGARIA NISSEI S.A.;Liderança;297;180;0;0;0
79.430.682/0001-22;2024-12-31;6;146410;FARMÁCIA E DROGARIA NISSEI S.A.;Năo-liderança;4488;1851;0;0;0
80.680.093/0001-81;2024-12-31;3;144368;SENIOR SISTEMAS S.A.;Liderança;40;64;0;0;117
80.680.093/0001-81;2024-12-31;3;144368;SENIOR SISTEMAS S.A.;Năo-liderança;451;664;0;1;1473
81.243.735/0001-48;2024-12-31;23;146813;POSITIVO TECNOLOGIA S.A.;Liderança;73;181;0;0;0
81.243.735/0001-48;2024-12-31;23;146813;POSITIVO TECNOLOGIA S.A.;Năo-liderança;1330;1416;0;0;0
81.616.807/0001-55;2024-12-31;2;146642;GRANJA FARIA S.A.;Liderança;37;159;0;0;0
81.616.807/0001-55;2024-12-31;2;146642;GRANJA FARIA S.A.;Năo-liderança;667;1349;0;0;0
82.120.676/0001-83;2024-12-31;1;138483;ALMEIDA JUNIOR SHOPPING CENTERS S.A.;Liderança;40;49;0;0;0
82.120.676/0001-83;2024-12-31;1;138483;ALMEIDA JUNIOR SHOPPING CENTERS S.A.;Năo-liderança;369;439;0;0;0
82.508.433/0001-17;2024-12-31;13;146909;CIA CATARINENSE DE AGUAS E SANEAM.-CASAN;Liderança;77;226;0;0;0
82.508.433/0001-17;2024-12-31;13;146909;CIA CATARINENSE DE AGUAS E SANEAM.-CASAN;Năo-liderança;466;1927;0;0;0
82.640.558/0001-04;2024-12-31;3;148107;KARSTEN S.A.;Liderança;40;46;0;0;0
82.640.558/0001-04;2024-12-31;3;148107;KARSTEN S.A.;Năo-liderança;1388;952;0;0;0
82.643.537/0001-34;2024-12-31;6;148155;ELECTRO ACO ALTONA S.A.;Liderança;0;0;0;0;92
82.643.537/0001-34;2024-12-31;6;148155;ELECTRO ACO ALTONA S.A.;Năo-liderança;0;0;0;0;1270
82.901.000/0001-27;2024-12-31;4;146945;INTELBRAS S.A. IND. DE TELECOMUNICAÇĂO ELETRÔNICA BRASILEIRA;Liderança;112;204;0;0;0
82.901.000/0001-27;2024-12-31;4;146945;INTELBRAS S.A. IND. DE TELECOMUNICAÇĂO ELETRÔNICA BRASILEIRA;Năo-liderança;2031;2595;4;4;25
82.982.075/0001-80;2024-12-31;3;146677;TEXTIL RENAUXVIEW S.A.;Liderança;7;35;0;0;0
82.982.075/0001-80;2024-12-31;3;146677;TEXTIL RENAUXVIEW S.A.;Năo-liderança;77;331;0;0;0
83.475.913/0001-91;2024-12-31;12;148381;PBG S/A;Liderança;108;170;0;0;0
83.475.913/0001-91;2024-12-31;12;148381;PBG S/A;Năo-liderança;1176;2513;0;0;0
83.878.892/0001-55;2024-12-31;10;148184;CENTRAIS ELET DE SANTA CATARINA S.A.;Liderança;153;409;0;0;0
83.878.892/0001-55;2024-12-31;10;148184;CENTRAIS ELET DE SANTA CATARINA S.A.;Năo-liderança;742;2462;0;0;0
84.429.695/0001-11;2024-12-31;5;147065;WEG S.A.;Liderança;218;1743;0;0;0
84.429.695/0001-11;2024-12-31;5;147065;WEG S.A.;Năo-liderança;8493;29050;1;0;0
84.683.374/0001-49;2024-12-31;14;148080;TUPY S.A.;Liderança;55;655;0;0;0
84.683.374/0001-49;2024-12-31;14;148080;TUPY S.A.;Năo-liderança;1818;17281;0;0;0
84.683.408/0001-03;2024-12-31;4;142129;DOHLER S.A.;Liderança;67;198;0;0;0
84.683.408/0001-03;2024-12-31;4;142129;DOHLER S.A.;Năo-liderança;1154;1545;0;0;0
84.683.671/0001-94;2024-12-31;3;145163;WETZEL S.A.;Liderança;9;27;0;0;0
84.683.671/0001-94;2024-12-31;3;145163;WETZEL S.A.;Năo-liderança;165;737;0;0;0
84.693.183/0001-68;2024-12-31;5;147456;SCHULZ S.A.;Liderança;13;120;0;0;0
84.693.183/0001-68;2024-12-31;5;147456;SCHULZ S.A.;Năo-liderança;366;2960;0;0;0
85.041.333/0001-11;2024-12-31;1;138558;PORTO PONTA DO FELIX S/A;Liderança;0;10;0;0;0
85.041.333/0001-11;2024-12-31;1;138558;PORTO PONTA DO FELIX S/A;Năo-liderança;25;229;0;0;0
85.778.074/0001-06;2024-12-31;3;138108;METALURGICA RIOSULENSE S.A.;Liderança;3;47;0;0;0
85.778.074/0001-06;2024-12-31;3;138108;METALURGICA RIOSULENSE S.A.;Năo-liderança;108;645;0;0;0
86.375.425/0001-09;2024-12-31;4;143696;METISA METALURGICA TIMBOENSE S.A.;Liderança;2;26;0;0;0
86.375.425/0001-09;2024-12-31;4;143696;METISA METALURGICA TIMBOENSE S.A.;Năo-liderança;22;1030;0;0;0
87.043.832/0001-73;2024-12-31;5;148341;SEIVA S.A. - FLORESTAS E INDÚSTRIAS;Liderança;0;3;0;0;0
87.043.832/0001-73;2024-12-31;5;148341;SEIVA S.A. - FLORESTAS E INDÚSTRIAS;Năo-liderança;0;1;0;0;0
87.456.562/0001-22;2024-12-31;3;148330;JOSAPAR-JOAQUIM OLIVEIRA S.A. - PARTICIP;Liderança;2;21;0;0;0
87.456.562/0001-22;2024-12-31;3;148330;JOSAPAR-JOAQUIM OLIVEIRA S.A. - PARTICIP;Năo-liderança;168;1220;0;0;0
87.762.563/0001-03;2024-12-31;4;144475;CIA HABITASUL DE PARTICIPACOES;Liderança;12;23;0;0;0
87.762.563/0001-03;2024-12-31;4;144475;CIA HABITASUL DE PARTICIPACOES;Năo-liderança;93;114;0;0;0
87.870.952/0001-44;2024-12-31;4;144225;BORRACHAS VIPAL S.A.;Liderança;17;97;0;0;0
87.870.952/0001-44;2024-12-31;4;144225;BORRACHAS VIPAL S.A.;Năo-liderança;618;1908;0;0;0
88.610.126/0001-29;2024-12-31;11;146627;FRASLE MOBILITY S.A.;Liderança;18;123;0;0;22
88.610.126/0001-29;2024-12-31;11;146627;FRASLE MOBILITY S.A.;Năo-liderança;994;4018;0;0;0
88.610.191/0001-54;2024-12-31;5;147125;MUNDIAL S.A. - PRODUTOS DE CONSUMO;Liderança;36;72;0;0;0
88.610.191/0001-54;2024-12-31;5;147125;MUNDIAL S.A. - PRODUTOS DE CONSUMO;Năo-liderança;976;1119;0;0;0
88.611.835/0001-29;2024-12-31;12;147203;MARCOPOLO S.A.;Liderança;66;599;0;0;0
88.611.835/0001-29;2024-12-31;12;147203;MARCOPOLO S.A.;Năo-liderança;2352;8554;0;0;0
88.613.658/0001-10;2024-06-30;5;139863;PETTENATI S.A. INDUSTRIA TEXTIL;Liderança;40;38;0;0;0
88.613.658/0001-10;2024-06-30;5;139863;PETTENATI S.A. INDUSTRIA TEXTIL;Năo-liderança;757;542;0;0;0
89.086.144/0001-16;2024-12-31;9;147750;RANDONCORP S.A.;Liderança;108;445;0;0;0
89.086.144/0001-16;2024-12-31;9;147750;RANDONCORP S.A.;Năo-liderança;3020;11395;0;0;489
89.096.457/0001-55;2024-12-31;8;148008;SLC AGRICOLA S.A.;Liderança;54;360;0;1;2
89.096.457/0001-55;2024-12-31;8;148008;SLC AGRICOLA S.A.;Năo-liderança;601;4726;1;3;9
89.463.822/0001-12;2024-12-31;20;148312;LUPATECH S.A;Liderança;9;24;0;0;0
89.463.822/0001-12;2024-12-31;20;148312;LUPATECH S.A;Năo-liderança;98;290;0;0;0
89.637.490/0001-45;2024-12-31;9;147821;KLABIN S.A.;Liderança;0;0;0;0;1591
89.637.490/0001-45;2024-12-31;9;147821;KLABIN S.A.;Năo-liderança;0;0;0;0;15934
89.850.341/0001-60;2024-12-31;11;147114;GRENDENE S.A.;Liderança;156;365;1;0;50
89.850.341/0001-60;2024-12-31;11;147114;GRENDENE S.A.;Năo-liderança;6348;7989;26;1744;410
90.076.886/0001-40;2024-12-31;4;147162;MINUPAR PARTICIPACOES S.A.;Liderança;20;28;0;0;0
90.076.886/0001-40;2024-12-31;4;147162;MINUPAR PARTICIPACOES S.A.;Năo-liderança;1414;1165;0;0;0
90.400.888/0001-42;2024-12-31;15;146630;BCO SANTANDER (BRASIL) S.A.;Liderança;459;906;0;0;0
90.400.888/0001-42;2024-12-31;15;146630;BCO SANTANDER (BRASIL) S.A.;Năo-liderança;28504;25742;0;0;0
90.441.460/0001-48;2024-12-31;4;144504;UNICASA INDÚSTRIA DE MÓVEIS S.A.;Liderança;9;35;0;0;0
90.441.460/0001-48;2024-12-31;4;144504;UNICASA INDÚSTRIA DE MÓVEIS S.A.;Năo-liderança;243;245;0;0;0
91.333.666/0001-17;2024-12-31;3;147477;RECRUSUL S.A.;Liderança;0;0;0;0;10
91.333.666/0001-17;2024-12-31;3;147477;RECRUSUL S.A.;Năo-liderança;0;0;0;0;106
91.669.747/0001-92;2024-12-31;3;148371;DM FINANCEIRA S.A. - CRÉDITO, FINANCIAMENTO E INVESTIMENTO;Liderança;0;0;0;0;0
91.669.747/0001-92;2024-12-31;3;148371;DM FINANCEIRA S.A. - CRÉDITO, FINANCIAMENTO E INVESTIMENTO;Năo-liderança;0;0;0;0;0
91.983.056/0001-69;2024-12-31;11;147250;KEPLER WEBER S.A.;Liderança;23;113;0;0;0
91.983.056/0001-69;2024-12-31;11;147250;KEPLER WEBER S.A.;Năo-liderança;377;1164;0;0;0
92.012.467/0001-70;2024-12-31;5;147069;GRAZZIOTIN S.A.;Liderança;361;77;0;0;0
92.012.467/0001-70;2024-12-31;5;147069;GRAZZIOTIN S.A.;Năo-liderança;1982;309;0;0;0
92.660.570/0001-26;2024-12-31;4;147607;TREVISA INVESTIMENTOS S.A.;Liderança;4;45;0;0;0
92.660.570/0001-26;2024-12-31;4;147607;TREVISA INVESTIMENTOS S.A.;Năo-liderança;27;240;0;0;0
92.665.611/0001-77;2024-12-31;5;147972;DIMED S.A. DISTRIBUIDORA DE MEDICAMENTOS;Liderança;488;194;0;0;0
92.665.611/0001-77;2024-12-31;5;147972;DIMED S.A. DISTRIBUIDORA DE MEDICAMENTOS;Năo-liderança;5874;2391;0;0;0
92.690.783/0001-09;2024-12-31;12;148342;METALURGICA GERDAU S.A.;Liderança;1186;3363;0;0;2
92.690.783/0001-09;2024-12-31;12;148342;METALURGICA GERDAU S.A.;Năo-liderança;3407;22216;0;0;2
92.693.019/0001-89;2024-12-31;4;146820;PANATLANTICA S.A.;Liderança;4;49;0;0;0
92.693.019/0001-89;2024-12-31;4;146820;PANATLANTICA S.A.;Năo-liderança;75;430;0;0;0
92.702.067/0001-96;2024-12-31;14;147223;BCO ESTADO DO RIO GRANDE DO SUL S.A.;Liderança;356;703;0;0;0
92.702.067/0001-96;2024-12-31;14;147223;BCO ESTADO DO RIO GRANDE DO SUL S.A.;Năo-liderança;3540;4490;0;0;0
92.715.812/0001-31;2024-12-31;9;148021;CPFL TRANSMISSĂO S.A.;Liderança;8;47;0;0;0
92.715.812/0001-31;2024-12-31;9;148021;CPFL TRANSMISSĂO S.A.;Năo-liderança;83;411;0;0;0
92.721.232/0001-57;2024-12-31;3;139024;BANRISUL ARMAZENS GERAIS SA;Liderança;9;26;0;0;0
92.721.232/0001-57;2024-12-31;3;139024;BANRISUL ARMAZENS GERAIS SA;Năo-liderança;1;31;0;0;0
92.749.225/0001-63;2024-12-31;2;147222;HERCULES S.A. FABRICA DE TALHERES;Liderança;0;9;0;0;0
92.749.225/0001-63;2024-12-31;2;147222;HERCULES S.A. FABRICA DE TALHERES;Năo-liderança;0;0;0;0;1
92.754.738/0001-62;2024-12-31;11;148165;LOJAS RENNER S.A.;Liderança;1747;1091;4;70;0
92.754.738/0001-62;2024-12-31;11;148165;LOJAS RENNER S.A.;Năo-liderança;13859;7155;70;368;0
92.781.335/0001-02;2024-12-31;10;148063;TAURUS ARMAS S.A.;Liderança;28;168;0;0;0
92.781.335/0001-02;2024-12-31;10;148063;TAURUS ARMAS S.A.;Năo-liderança;642;1574;0;0;0
92.791.243/0001-03;2024-12-31;5;148160;IRANI PAPEL E EMBALAGEM S.A.;Liderança;39;151;0;0;0
92.791.243/0001-03;2024-12-31;5;148160;IRANI PAPEL E EMBALAGEM S.A.;Năo-liderança;556;1602;0;0;0
93.828.986/0001-73;2024-12-31;1;137868;CEMEPE INVESTIMENTOS S.A.;Liderança;0;2;0;0;0
93.828.986/0001-73;2024-12-31;1;137868;CEMEPE INVESTIMENTOS S.A.;Năo-liderança;0;2;0;0;0
94.813.102/0001-70;2024-12-31;6;147072;TRĘS TENTOS AGROINDUSTRIAL S/A;Liderança;109;407;0;0;0
94.813.102/0001-70;2024-12-31;6;147072;TRĘS TENTOS AGROINDUSTRIAL S/A;Năo-liderança;380;1335;0;0;0
95.426.862/0001-97;2024-12-31;3;147083;EXCELSIOR ALIMENTOS S.A.;Liderança;9;19;0;0;0
95.426.862/0001-97;2024-12-31;3;147083;EXCELSIOR ALIMENTOS S.A.;Năo-liderança;272;272;0;0;0
96.298.013/0001-68;2024-12-31;11;147649;PACAEMBU CONSTRUTORA S.A.;Liderança;49;73;0;0;0
96.298.013/0001-68;2024-12-31;11;147649;PACAEMBU CONSTRUTORA S.A.;Năo-liderança;348;406;0;0;0
96.418.264/0218-02;2024-12-31;9;145538;LOJAS QUERO QUERO S.A.;Liderança;250;483;0;5;147
96.418.264/0218-02;2024-12-31;9;145538;LOJAS QUERO QUERO S.A.;Năo-liderança;2826;2326;8;42;2309
97.191.902/0001-94;2024-12-31;7;147474;CONSERVAS ODERICH S.A.;Liderança;44;91;0;0;0
97.191.902/0001-94;2024-12-31;7;147474;CONSERVAS ODERICH S.A.;Năo-liderança;1122;885;0;0;0
97.837.181/0001-47;2024-12-31;13;147026;DEXCO S.A.;Liderança;261;581;0;0;0
97.837.181/0001-47;2024-12-31;13;147026;DEXCO S.A.;Năo-liderança;2755;8100;0;0;0
